"Species"	"Genes"	"Alg.-Conn."	"CDS_FNN_25586"	"CDS_FNN_falk"
2	2	1	"FN0001"	"C4N14_02350"
2	2	1	"FN0002"	"C4N14_02360"
2	2	1	"FN0003"	"C4N14_02365"
2	2	1	"FN0004"	"C4N14_02370"
2	2	1	"FN0005"	"C4N14_02375"
2	2	1	"FN0006"	"C4N14_02380"
2	2	1	"FN0007"	"C4N14_02385"
2	2	1	"FN0008"	"C4N14_02390"
2	2	1	"FN0009"	"C4N14_02395"
2	2	1	"FN0010"	"C4N14_02400"
2	2	1	"FN0011"	"C4N14_02405"
2	2	1	"FN0012"	"C4N14_02410"
2	2	1	"FN0013"	"C4N14_02415"
2	2	1	"FN0015"	"C4N14_02420"
2	2	1	"FN0016"	"C4N14_02425"
2	2	1	"FN0017"	"C4N14_02430"
2	2	1	"FN0018"	"C4N14_02435"
2	2	1	"FN0019"	"C4N14_02440"
2	2	1	"FN0020"	"C4N14_02445"
2	2	1	"FN0021"	"C4N14_02450"
2	2	1	"FN0022"	"C4N14_02455"
2	2	1	"FN0023"	"C4N14_02460"
2	2	1	"FN0024"	"C4N14_02465"
2	2	1	"FN0025"	"C4N14_02470"
2	2	1	"FN0026"	"C4N14_02475"
2	2	1	"FN0029"	"C4N14_02480"
2	2	1	"FN0030"	"C4N14_02485"
2	2	1	"FN0031"	"C4N14_02495"
2	2	1	"FN0032"	"C4N14_02500"
2	2	1	"FN0033"	"C4N14_02505"
2	2	1	"FN0034"	"C4N14_02510"
2	2	1	"FN0036"	"C4N14_02515"
2	2	1	"FN0037"	"C4N14_02520"
2	2	1	"FN0038"	"C4N14_02525"
2	2	1	"FN0039"	"C4N14_02530"
2	2	1	"FN0040"	"C4N14_02535"
2	2	1	"FN0041"	"C4N14_02540"
2	2	1	"FN0042"	"C4N14_02545"
2	2	1	"FN0043"	"C4N14_02550"
2	2	1	"FN0044"	"C4N14_02555"
2	2	1	"FN0045"	"C4N14_02560"
2	2	1	"FN0046"	"C4N14_02565"
2	2	1	"FN0047"	"C4N14_02570"
2	2	1	"FN0048"	"C4N14_02575"
2	2	1	"FN0049"	"C4N14_02580"
2	2	1	"FN0050"	"C4N14_02585"
2	2	1	"FN0052"	"C4N14_02595"
2	2	1	"FN0053"	"C4N14_02600"
2	2	1	"FN0054"	"C4N14_02605"
2	2	1	"FN0055"	"C4N14_02610"
2	2	1	"FN0056"	"C4N14_02615"
2	2	1	"FN0057"	"C4N14_02620"
2	2	1	"FN0058"	"C4N14_02625"
2	2	1	"FN0059"	"C4N14_02630"
2	2	1	"FN0060"	"C4N14_02635"
2	2	1	"FN0061"	"C4N14_02640"
2	2	1	"FN0062"	"C4N14_02645"
2	2	1	"FN0063"	"C4N14_02650"
2	2	1	"FN0064"	"C4N14_02655"
2	2	1	"FN0065"	"C4N14_02660"
2	2	1	"FN0066"	"C4N14_02665"
2	2	1	"FN0067"	"C4N14_02670"
2	2	1	"FN0068"	"C4N14_02675"
2	2	1	"FN0069"	"C4N14_02680"
2	2	1	"FN0070"	"C4N14_02690"
2	2	1	"FN0071"	"C4N14_02695"
2	2	1	"FN0072"	"C4N14_02740"
2	2	1	"FN0073"	"C4N14_02745"
2	2	1	"FN0074"	"C4N14_02750"
2	2	1	"FN0075"	"C4N14_02755"
2	2	1	"FN0076"	"C4N14_02760"
2	2	1	"FN0077"	"C4N14_02765"
2	2	1	"FN0078"	"C4N14_02770"
2	2	1	"FN0079"	"C4N14_02775"
2	2	1	"FN0080"	"C4N14_02780"
2	2	1	"FN0081"	"C4N14_02785"
2	2	1	"FN0082"	"C4N14_02790"
2	2	1	"FN0083"	"C4N14_02795"
2	2	1	"FN0084"	"C4N14_02800"
2	2	1	"FN0085"	"C4N14_02805"
2	2	1	"FN0086"	"C4N14_02810"
2	2	1	"FN0087"	"C4N14_02815"
2	2	1	"FN0088"	"C4N14_02820"
2	2	1	"FN0089"	"C4N14_02825"
2	2	1	"FN0090"	"C4N14_02830"
2	2	1	"FN0091"	"C4N14_02835"
2	2	1	"FN0092"	"C4N14_02840"
2	2	1	"FN0093"	"C4N14_02845"
2	2	1	"FN0099"	"C4N14_01800"
2	2	1	"FN0100"	"C4N14_01795"
2	2	1	"FN0101"	"C4N14_01790"
2	2	1	"FN0102"	"C4N14_01785"
2	2	1	"FN0103"	"C4N14_01780"
2	2	1	"FN0104"	"C4N14_01775"
2	2	1	"FN0105"	"C4N14_01770"
2	2	1	"FN0106"	"C4N14_01765"
2	2	1	"FN0107"	"C4N14_01760"
2	2	1	"FN0108"	"C4N14_01755"
2	2	1	"FN0109"	"C4N14_01750"
2	2	1	"FN0110"	"C4N14_01745"
2	2	1	"FN0111"	"C4N14_01740"
2	2	1	"FN0113"	"C4N14_01735"
2	2	1	"FN0114"	"C4N14_01730"
2	2	1	"FN0116"	"C4N14_01725"
2	2	1	"FN0117"	"C4N14_01715"
2	2	1	"FN0118"	"C4N14_01710"
2	2	1	"FN0119"	"C4N14_01705"
2	2	1	"FN0121"	"C4N14_01700"
2	2	1	"FN0123"	"C4N14_01695"
2	2	1	"FN0127"	"C4N14_01675"
2	2	1	"FN0128"	"C4N14_01670"
2	2	1	"FN0129"	"C4N14_01665"
2	2	1	"FN0130"	"C4N14_01660"
2	2	1	"FN0136"	"sORF001"
2	2	1	"FN0146"	"C4N14_04100"
2	2	1	"FN0147"	"C4N14_04115"
2	2	1	"FN0148"	"C4N14_04120"
2	2	1	"FN0149"	"C4N14_04125"
2	2	1	"FN0150"	"C4N14_04130"
2	2	1	"FN0151"	"C4N14_04135"
2	2	1	"FN0152"	"C4N14_04140"
2	2	1	"FN0153"	"C4N14_04145"
2	2	1	"FN0154"	"C4N14_04150"
2	2	1	"FN0155"	"C4N14_04155"
2	2	1	"FN0156"	"C4N14_04160"
2	2	1	"FN0157"	"C4N14_04165"
2	2	1	"FN0158"	"C4N14_04170"
2	2	1	"FN0162"	"C4N14_04175"
2	2	1	"FN0163"	"C4N14_04180"
2	2	1	"FN0164"	"C4N14_04185"
2	2	1	"FN0165"	"C4N14_04200"
2	2	1	"FN0168"	"C4N14_04210"
2	2	1	"FN0169"	"C4N14_04220"
2	2	1	"FN0170"	"C4N14_04225"
2	2	1	"FN0172"	"C4N14_04235"
2	2	1	"FN0173"	"C4N14_04240"
2	2	1	"FN0174"	"C4N14_04250"
2	2	1	"FN0175"	"C4N14_04255"
2	2	1	"FN0176"	"C4N14_04260"
2	2	1	"FN0177"	"C4N14_04265"
2	2	1	"FN0178"	"C4N14_04270"
2	2	1	"FN0179"	"C4N14_04275"
2	2	1	"FN0180"	"C4N14_04280"
2	2	1	"FN0181"	"C4N14_04285"
2	2	1	"FN0182"	"C4N14_04290"
2	2	1	"FN0183"	"C4N14_04295"
2	2	1	"FN0184"	"C4N14_04300"
2	2	1	"FN0185"	"C4N14_04305"
2	2	1	"FN0186"	"C4N14_04310"
2	2	1	"FN0187"	"C4N14_04315"
2	2	1	"FN0188"	"C4N14_04320"
2	2	1	"FN0189"	"C4N14_04325"
2	2	1	"FN0190"	"C4N14_04330"
2	2	1	"FN0191"	"C4N14_04335"
2	2	1	"FN0192"	"C4N14_04340"
2	2	1	"FN0193"	"C4N14_04345"
2	2	1	"FN0194"	"C4N14_04350"
2	2	1	"FN0195"	"C4N14_04355"
2	2	1	"FN0196"	"C4N14_04360"
2	2	1	"FN0197"	"C4N14_04365"
2	2	1	"FN0198"	"C4N14_04370"
2	2	1	"FN0199"	"C4N14_04375"
2	2	1	"FN0200"	"C4N14_04380"
2	2	1	"FN0201"	"C4N14_04385"
2	2	1	"FN0202"	"C4N14_04390"
2	2	1	"FN0203"	"C4N14_04395"
2	2	1	"FN0204"	"C4N14_04400"
2	2	1	"FN0205"	"C4N14_04405"
2	2	1	"FN0206"	"C4N14_04410"
2	2	1	"FN0207"	"C4N14_04415"
2	2	1	"FN0208"	"C4N14_04420"
2	2	1	"FN0209"	"C4N14_04425"
2	2	1	"FN0210"	"C4N14_04440"
2	2	1	"FN0211"	"C4N14_04445"
2	2	1	"FN0212"	"C4N14_04455"
2	2	1	"FN0213"	"C4N14_04460"
2	2	1	"FN0214"	"C4N14_04465"
2	2	1	"FN0215"	"C4N14_04470"
2	2	1	"FN0216"	"C4N14_04475"
2	2	1	"FN0217"	"C4N14_04480"
2	2	1	"FN0218"	"C4N14_04485"
2	2	1	"FN0219"	"C4N14_04490"
2	2	1	"FN0220"	"C4N14_04495"
2	2	1	"FN0221"	"C4N14_04500"
2	2	1	"FN0222"	"C4N14_04505"
2	2	1	"FN0223"	"C4N14_04510"
2	2	1	"FN0224"	"C4N14_04515"
2	2	1	"FN0230"	"C4N14_04525"
2	2	1	"FN0232"	"C4N14_04530"
2	2	1	"FN0233"	"C4N14_04535"
2	2	1	"FN0234"	"C4N14_04540"
2	2	1	"FN0235"	"C4N14_04545"
2	2	1	"FN0236"	"C4N14_04550"
2	2	1	"FN0237"	"C4N14_04555"
2	2	1	"FN0238"	"C4N14_04560"
2	2	1	"FN0239"	"C4N14_04565"
2	2	1	"FN0240"	"C4N14_04570"
2	2	1	"FN0241"	"C4N14_04575"
2	2	1	"FN0242"	"C4N14_04580"
2	2	1	"FN0243"	"C4N14_04585"
2	2	1	"FN0244"	"C4N14_04590"
2	2	1	"FN0245"	"C4N14_04595"
2	2	1	"FN0247"	"C4N14_04600"
2	2	1	"FN0248"	"C4N14_04605"
2	2	1	"FN0253"	"C4N14_04630"
2	2	1	"FN0254"	"C4N14_04635"
2	2	1	"FN0257"	"C4N14_04645"
2	2	1	"FN0258"	"C4N14_04650"
2	2	1	"FN0259"	"C4N14_04655"
2	2	1	"FN0260"	"C4N14_04660"
2	2	1	"FN0261"	"C4N14_04665"
2	2	1	"FN0262"	"C4N14_04670"
2	2	1	"FN0263"	"C4N14_04675"
2	2	1	"FN0264"	"C4N14_04680"
2	2	1	"FN0265"	"C4N14_04685"
2	2	1	"FN0266"	"C4N14_04690"
2	2	1	"FN0267"	"C4N14_04695"
2	2	1	"FN0268"	"C4N14_04700"
2	2	1	"FN0269"	"C4N14_04705"
2	2	1	"FN0270"	"C4N14_04710"
2	2	1	"FN0271"	"C4N14_04715"
2	2	1	"FN0272"	"C4N14_04720"
2	2	1	"FN0273"	"C4N14_04725"
2	2	1	"FN0276"	"C4N14_04735"
2	2	1	"FN0277"	"C4N14_04740"
2	2	1	"FN0278"	"C4N14_04745"
2	2	1	"FN0279"	"C4N14_04750"
2	2	1	"FN0280"	"C4N14_04755"
2	2	1	"FN0281"	"C4N14_04760"
2	2	1	"FN0282"	"C4N14_04765"
2	2	1	"FN0283"	"C4N14_04770"
2	2	1	"FN0284"	"C4N14_04775"
2	2	1	"FN0285"	"C4N14_04780"
2	2	1	"FN0286"	"C4N14_04785"
2	2	1	"FN0287"	"C4N14_04790"
2	2	1	"FN0288"	"C4N14_04795"
2	2	1	"FN0289"	"C4N14_04080"
2	2	1	"FN0290"	"C4N14_04065"
2	2	1	"FN0291"	"C4N14_02705"
2	2	1	"FN0294"	"C4N14_04810"
2	2	1	"FN0295"	"C4N14_04815"
2	2	1	"FN0296"	"C4N14_04820"
2	2	1	"FN0297"	"C4N14_04825"
2	2	1	"FN0298"	"C4N14_04830"
2	2	1	"FN0299"	"C4N14_04835"
2	2	1	"FN0300"	"C4N14_04865"
2	2	1	"FN0301"	"C4N14_04870"
2	2	1	"FN0302"	"C4N14_04875"
2	2	1	"FN0303"	"C4N14_04880"
2	2	1	"FN0304"	"C4N14_04885"
2	2	1	"FN0305"	"C4N14_04890"
2	2	1	"FN0306"	"C4N14_04895"
2	2	1	"FN0307"	"C4N14_04900"
2	2	1	"FN0308"	"C4N14_04905"
2	2	1	"FN0309"	"C4N14_04910"
2	2	1	"FN0310"	"C4N14_04915"
2	2	1	"FN0311"	"C4N14_04920"
2	2	1	"FN0312"	"C4N14_04925"
2	2	1	"FN0313"	"C4N14_04930"
2	2	1	"FN0314"	"C4N14_04935"
2	2	1	"FN0315"	"C4N14_04940"
2	2	1	"FN0317"	"C4N14_04955"
2	2	1	"FN0318"	"C4N14_04990"
2	2	1	"FN0319"	"C4N14_04995"
2	2	1	"FN0320"	"C4N14_05000"
2	2	1	"FN0321"	"C4N14_05005"
2	2	1	"FN0322"	"C4N14_05010"
2	2	1	"FN0325"	"C4N14_05025"
2	2	1	"FN0326"	"C4N14_05030"
2	2	1	"FN0327"	"C4N14_05035"
2	2	1	"FN0328"	"C4N14_05040"
2	2	1	"FN0329"	"C4N14_05045"
2	2	1	"FN0330"	"C4N14_05050"
2	2	1	"FN0331"	"C4N14_05055"
2	2	1	"FN0332"	"C4N14_05060"
2	2	1	"FN0333"	"C4N14_05065"
2	2	1	"FN0334"	"C4N14_05070"
2	2	1	"FN0335"	"C4N14_05075"
2	2	1	"FN0336"	"C4N14_05080"
2	2	1	"FN0337"	"C4N14_05085"
2	2	1	"FN0338"	"C4N14_05090"
2	2	1	"FN0339"	"C4N14_05095"
2	2	1	"FN0340"	"C4N14_05100"
2	2	1	"FN0341"	"C4N14_05105"
2	2	1	"FN0342"	"C4N14_05110"
2	2	1	"FN0343"	"C4N14_05115"
2	2	1	"FN0344"	"C4N14_05120"
2	2	1	"FN0345"	"C4N14_05125"
2	2	1	"FN0346"	"C4N14_05130"
2	2	1	"FN0347"	"C4N14_05135"
2	2	1	"FN0348"	"C4N14_05140"
2	2	1	"FN0349"	"C4N14_05145"
2	2	1	"FN0350"	"C4N14_05150"
2	2	1	"FN0351"	"C4N14_05155"
2	2	1	"FN0352"	"C4N14_05160"
2	2	1	"FN0354"	"C4N14_05170"
2	2	1	"FN0355"	"C4N14_05175"
2	2	1	"FN0356"	"C4N14_05180"
2	2	1	"FN0357"	"C4N14_05185"
2	2	1	"FN0358"	"C4N14_05190"
2	2	1	"FN0359"	"C4N14_05195"
2	2	1	"FN0360"	"C4N14_05200"
2	2	1	"FN0361"	"C4N14_05205"
2	2	1	"FN0362"	"C4N14_05210"
2	2	1	"FN0363"	"C4N14_05215"
2	2	1	"FN0364"	"C4N14_05220"
2	2	1	"FN0365"	"C4N14_05225"
2	2	1	"FN0366"	"C4N14_05230"
2	2	1	"FN0367"	"C4N14_05235"
2	2	1	"FN0368"	"C4N14_05240"
2	2	1	"FN0369"	"C4N14_05245"
2	2	1	"FN0370"	"C4N14_05250"
2	2	1	"FN0371"	"C4N14_05255"
2	2	1	"FN0374"	"C4N14_05260"
2	2	1	"FN0375"	"C4N14_05265"
2	2	1	"FN0376"	"C4N14_05270"
2	2	1	"FN0377"	"C4N14_05275"
2	2	1	"FN0378"	"C4N14_05280"
2	2	1	"FN0379"	"C4N14_05285"
2	2	1	"FN0380"	"C4N14_05290"
2	2	1	"FN0382"	"C4N14_05295"
2	2	1	"FN0383"	"C4N14_05300"
2	2	1	"FN0384"	"C4N14_05305"
2	2	1	"FN0385"	"C4N14_05310"
2	2	1	"FN0386"	"C4N14_05315"
2	2	1	"FN0387"	"C4N14_05320"
2	2	1	"FN0388"	"C4N14_05325"
2	2	1	"FN0389"	"C4N14_05330"
2	2	1	"FN0390"	"C4N14_05335"
2	2	1	"FN0391"	"C4N14_05340"
2	2	1	"FN0392"	"C4N14_05345"
2	2	1	"FN0393"	"C4N14_05350"
2	2	1	"FN0394"	"C4N14_05355"
2	2	1	"FN0395"	"C4N14_05360"
2	2	1	"FN0396"	"C4N14_05365"
2	2	1	"FN0397"	"C4N14_05370"
2	2	1	"FN0398"	"C4N14_05375"
2	2	1	"FN0399"	"C4N14_05380"
2	2	1	"FN0400"	"C4N14_05385"
2	2	1	"FN0402"	"C4N14_05420"
2	2	1	"FN0405"	"C4N14_10130"
2	2	1	"FN0406"	"C4N14_10125"
2	2	1	"FN0407"	"C4N14_10120"
2	2	1	"FN0408"	"C4N14_10115"
2	2	1	"FN0409"	"C4N14_10110"
2	2	1	"FN0410"	"C4N14_10105"
2	2	1	"FN0411"	"C4N14_10100"
2	2	1	"FN0412"	"C4N14_10095"
2	2	1	"FN0413"	"C4N14_10090"
2	2	1	"FN0418"	"C4N14_10085"
2	2	1	"FN0419"	"C4N14_10080"
2	2	1	"FN0420"	"C4N14_10075"
2	2	1	"FN0421"	"C4N14_10070"
2	2	1	"FN0422"	"C4N14_10065"
2	2	1	"FN0423"	"C4N14_10060"
2	2	1	"FN0424"	"C4N14_10055"
2	2	1	"FN0425"	"C4N14_10050"
2	2	1	"FN0426"	"C4N14_10045"
2	2	1	"FN0427"	"C4N14_10040"
2	2	1	"FN0428"	"C4N14_10035"
2	2	1	"FN0430"	"C4N14_10030"
2	2	1	"FN0435"	"C4N14_10005"
2	2	1	"FN0436"	"C4N14_10000"
2	2	1	"FN0437"	"C4N14_09995"
2	2	1	"FN0438"	"C4N14_09990"
2	2	1	"FN0439"	"C4N14_09985"
2	2	1	"FN0452"	"C4N14_09965"
2	2	1	"FN0453"	"C4N14_09960"
2	2	1	"FN0454"	"C4N14_09955"
2	2	1	"FN0455"	"C4N14_09950"
2	2	1	"FN0456"	"C4N14_09945"
2	2	1	"FN0457"	"C4N14_09940"
2	2	1	"FN0458"	"C4N14_09935"
2	2	1	"FN0459"	"C4N14_09930"
2	2	1	"FN0460"	"C4N14_09925"
2	2	1	"FN0461"	"C4N14_09920"
2	2	1	"FN0462"	"C4N14_09915"
2	2	1	"FN0463"	"C4N14_09910"
2	2	1	"FN0464"	"C4N14_09905"
2	2	1	"FN0465"	"C4N14_09900"
2	2	1	"FN0466"	"C4N14_09895"
2	2	1	"FN0467"	"C4N14_09890"
2	2	1	"FN0468"	"C4N14_09885"
2	2	1	"FN0469"	"C4N14_09880"
2	2	1	"FN0470"	"C4N14_09875"
2	2	1	"FN0472"	"C4N14_09865"
2	2	1	"FN0473"	"C4N14_09860"
2	2	1	"FN0474"	"C4N14_09855"
2	2	1	"FN0475"	"C4N14_09850"
2	2	1	"FN0476"	"C4N14_09845"
2	2	1	"FN0477"	"C4N14_09840"
2	2	1	"FN0478"	"C4N14_09835"
2	2	1	"FN0479"	"C4N14_09830"
2	2	1	"FN0480"	"C4N14_09825"
2	2	1	"FN0481"	"C4N14_09820"
2	2	1	"FN0482"	"C4N14_09815"
2	2	1	"FN0483"	"C4N14_09810"
2	2	1	"FN0484"	"C4N14_09805"
2	2	1	"FN0487"	"C4N14_09790"
2	2	1	"FN0488"	"C4N14_09785"
2	2	1	"FN0489"	"C4N14_09780"
2	2	1	"FN0490"	"C4N14_09775"
2	2	1	"FN0491"	"C4N14_09770"
2	2	1	"FN0492"	"C4N14_09765"
2	2	1	"FN0493"	"C4N14_09760"
2	2	1	"FN0494"	"C4N14_09755"
2	2	1	"FN0495"	"C4N14_09750"
2	2	1	"FN0498"	"C4N14_09740"
2	2	1	"FN0499"	"C4N14_09735"
2	2	1	"FN0500"	"C4N14_09730"
2	2	1	"FN0501"	"C4N14_09725"
2	2	1	"FN0502"	"C4N14_09720"
2	2	1	"FN0503"	"C4N14_09715"
2	2	1	"FN0504"	"C4N14_09710"
2	2	1	"FN0505"	"C4N14_09705"
2	2	1	"FN0506"	"C4N14_09700"
2	2	1	"FN0508"	"C4N14_09690"
2	2	1	"FN0511"	"C4N14_09685"
2	2	1	"FN0512"	"C4N14_09670"
2	2	1	"FN0513"	"C4N14_09665"
2	2	1	"FN0514"	"C4N14_09660"
2	2	1	"FN0515"	"C4N14_09655"
2	2	1	"FN0516"	"C4N14_09650"
2	2	1	"FN0517"	"C4N14_09645"
2	2	1	"FN0518"	"C4N14_09640"
2	2	1	"FN0519"	"C4N14_09635"
2	2	1	"FN0520"	"C4N14_09630"
2	2	1	"FN0521"	"C4N14_09625"
2	2	1	"FN0522"	"C4N14_09620"
2	2	1	"FN0523"	"C4N14_09615"
2	2	1	"FN0524"	"C4N14_09610"
2	2	1	"FN0525"	"C4N14_09605"
2	2	1	"FN0526"	"C4N14_09600"
2	2	1	"FN0527"	"C4N14_09595"
2	2	1	"FN0528"	"C4N14_09590"
2	2	1	"FN0532"	"C4N14_09580"
2	2	1	"FN0533"	"C4N14_09575"
2	2	1	"FN0534"	"C4N14_09570"
2	2	1	"FN0535"	"C4N14_09565"
2	2	1	"FN0536"	"C4N14_09560"
2	2	1	"FN0537"	"C4N14_09555"
2	2	1	"FN0538"	"C4N14_09550"
2	2	1	"FN0539"	"C4N14_09545"
2	2	1	"FN0540"	"C4N14_09540"
2	2	1	"FN0541"	"C4N14_09535"
2	2	1	"FN0542"	"C4N14_09530"
2	2	1	"FN0543"	"C4N14_09525"
2	2	1	"FN0544"	"C4N14_09520"
2	2	1	"FN0545"	"C4N14_09515"
2	2	1	"FN0546"	"C4N14_09510"
2	2	1	"FN0547"	"C4N14_09505"
2	2	1	"FN0548"	"C4N14_09500"
2	2	1	"FN0549"	"C4N14_09495"
2	2	1	"FN0550"	"C4N14_09490"
2	2	1	"FN0551"	"C4N14_09480"
2	2	1	"FN0552"	"C4N14_09470"
2	2	1	"FN0553"	"C4N14_09465"
2	2	1	"FN0554"	"C4N14_09460"
2	2	1	"FN0555"	"C4N14_09455"
2	2	1	"FN0556"	"C4N14_09450"
2	2	1	"FN0557"	"C4N14_09440"
2	2	1	"FN0558"	"C4N14_09435"
2	2	1	"FN0559"	"C4N14_09430"
2	2	1	"FN0560"	"C4N14_09425"
2	2	1	"FN0561"	"C4N14_09420"
2	2	1	"FN0562"	"C4N14_09415"
2	2	1	"FN0563"	"C4N14_09410"
2	2	1	"FN0564"	"C4N14_09395"
2	2	1	"FN0565"	"C4N14_09390"
2	2	1	"FN0566"	"C4N14_09385"
2	2	1	"FN0568"	"C4N14_09380"
2	2	1	"FN0570"	"C4N14_09370"
2	2	1	"FN0571"	"C4N14_09365"
2	2	1	"FN0575"	"C4N14_09355"
2	2	1	"FN0576"	"C4N14_09350"
2	2	1	"FN0577"	"C4N14_09345"
2	2	1	"FN0578"	"C4N14_09340"
2	2	1	"FN0579"	"C4N14_09335"
2	2	1	"FN0580"	"C4N14_09330"
2	2	1	"FN0581"	"C4N14_09325"
2	2	1	"FN0582"	"C4N14_09320"
2	2	1	"FN0583"	"C4N14_09315"
2	2	1	"FN0584"	"C4N14_09310"
2	2	1	"FN0585"	"C4N14_09305"
2	2	1	"FN0586"	"C4N14_09300"
2	2	1	"FN0587"	"C4N14_09295"
2	2	1	"FN0588"	"C4N14_09290"
2	2	1	"FN0589"	"C4N14_09285"
2	2	1	"FN0590"	"C4N14_09280"
2	2	1	"FN0591"	"C4N14_09275"
2	2	1	"FN0592"	"C4N14_09270"
2	2	1	"FN0593"	"C4N14_09265"
2	2	1	"FN0594"	"C4N14_09260"
2	2	1	"FN0595"	"C4N14_09255"
2	2	1	"FN0596"	"C4N14_09250"
2	2	1	"FN0597"	"C4N14_09245"
2	2	1	"FN0598"	"C4N14_09240"
2	2	1	"FN0600"	"C4N14_09235"
2	2	1	"FN0601"	"C4N14_09230"
2	2	1	"FN0602"	"C4N14_09225"
2	2	1	"FN0603"	"C4N14_09220"
2	2	1	"FN0604"	"C4N14_09215"
2	2	1	"FN0605"	"C4N14_09210"
2	2	1	"FN0606"	"C4N14_09205"
2	2	1	"FN0607"	"C4N14_09200"
2	2	1	"FN0608"	"C4N14_09195"
2	2	1	"FN0609"	"C4N14_09190"
2	2	1	"FN0610"	"C4N14_09185"
2	2	1	"FN0611"	"C4N14_09180"
2	2	1	"FN0612"	"C4N14_09175"
2	2	1	"FN0613"	"C4N14_09170"
2	2	1	"FN0614"	"C4N14_09165"
2	2	1	"FN0615"	"C4N14_09160"
2	2	1	"FN0616"	"C4N14_09155"
2	2	1	"FN0617"	"C4N14_09150"
2	2	1	"FN0618"	"C4N14_09145"
2	2	1	"FN0619"	"C4N14_09140"
2	2	1	"FN0621"	"C4N14_09135"
2	2	1	"FN0622"	"C4N14_09130"
2	2	1	"FN0623"	"C4N14_09125"
2	2	1	"FN0624"	"C4N14_09120"
2	2	1	"FN0625"	"C4N14_09115"
2	2	1	"FN0626"	"C4N14_09110"
2	2	1	"FN0627"	"C4N14_09105"
2	2	1	"FN0628"	"C4N14_09100"
2	2	1	"FN0629"	"C4N14_09095"
2	2	1	"FN0630"	"C4N14_09090"
2	2	1	"FN0631"	"C4N14_09085"
2	2	1	"FN0632"	"C4N14_09080"
2	2	1	"FN0633"	"C4N14_09075"
2	2	1	"FN0634"	"C4N14_09070"
2	2	1	"FN0635"	"C4N14_09065"
2	2	1	"FN0636"	"C4N14_09060"
2	2	1	"FN0638"	"C4N14_09050"
2	2	1	"FN0639"	"C4N14_09045"
2	2	1	"FN0640"	"C4N14_09040"
2	2	1	"FN0641"	"C4N14_09035"
2	2	1	"FN0642"	"C4N14_09030"
2	2	1	"FN0643"	"C4N14_09025"
2	2	1	"FN0644"	"C4N14_09020"
2	2	1	"FN0645"	"C4N14_09015"
2	2	1	"FN0646"	"C4N14_09010"
2	2	1	"FN0647"	"C4N14_09005"
2	2	1	"FN0648"	"C4N14_09000"
2	2	1	"FN0649"	"C4N14_08995"
2	2	1	"FN0650"	"C4N14_08990"
2	2	1	"FN0651"	"C4N14_08985"
2	2	1	"FN0652"	"C4N14_08980"
2	2	1	"FN0653"	"C4N14_08975"
2	2	1	"FN0654"	"C4N14_08970"
2	2	1	"FN0655"	"C4N14_08965"
2	2	1	"FN0656"	"C4N14_08960"
2	2	1	"FN0657"	"C4N14_08955"
2	2	1	"FN0658"	"C4N14_08950"
2	2	1	"FN0659"	"C4N14_08945"
2	2	1	"FN0660"	"C4N14_08940"
2	2	1	"FN0661"	"C4N14_08935"
2	2	1	"FN0662"	"C4N14_08930"
2	2	1	"FN0663"	"C4N14_08925"
2	2	1	"FN0664"	"C4N14_08920"
2	2	1	"FN0665"	"C4N14_08915"
2	2	1	"FN0666"	"C4N14_08910"
2	2	1	"FN0667"	"C4N14_08905"
2	2	1	"FN0668"	"C4N14_08900"
2	2	1	"FN0669"	"C4N14_08895"
2	2	1	"FN0670"	"C4N14_08890"
2	2	1	"FN0671"	"C4N14_08885"
2	2	1	"FN0672"	"C4N14_08880"
2	2	1	"FN0673"	"C4N14_08875"
2	2	1	"FN0674"	"C4N14_08870"
2	2	1	"FN0675"	"C4N14_08865"
2	2	1	"FN0676"	"C4N14_08860"
2	2	1	"FN0678"	"C4N14_08835"
2	2	1	"FN0679"	"C4N14_08830"
2	2	1	"FN0680"	"C4N14_08825"
2	2	1	"FN0681"	"C4N14_08820"
2	2	1	"FN0682"	"C4N14_08815"
2	2	1	"FN0683"	"C4N14_08810"
2	2	1	"FN0684"	"C4N14_08805"
2	2	1	"FN0685"	"C4N14_08800"
2	2	1	"FN0686"	"C4N14_08795"
2	2	1	"FN0687"	"C4N14_08790"
2	2	1	"FN0688"	"C4N14_08785"
2	2	1	"FN0689"	"C4N14_08780"
2	2	1	"FN0690"	"C4N14_08775"
2	2	1	"FN0691"	"C4N14_08765"
2	2	1	"FN0692"	"C4N14_08760"
2	2	1	"FN0693"	"C4N14_08755"
2	2	1	"FN0694"	"C4N14_08750"
2	2	1	"FN0695"	"C4N14_08745"
2	2	1	"FN0696"	"C4N14_08740"
2	2	1	"FN0697"	"C4N14_08735"
2	2	1	"FN0698"	"C4N14_08730"
2	2	1	"FN0699"	"C4N14_08725"
2	2	1	"FN0700"	"C4N14_08720"
2	2	1	"FN0701"	"C4N14_08715"
2	2	1	"FN0703"	"C4N14_08710"
2	2	1	"FN0705"	"C4N14_08700"
2	2	1	"FN0706"	"C4N14_08695"
2	2	1	"FN0707"	"C4N14_08690"
2	2	1	"FN0708"	"C4N14_08685"
2	2	1	"FN0709"	"C4N14_08680"
2	2	1	"FN0710"	"C4N14_08675"
2	2	1	"FN0711"	"C4N14_08670"
2	2	1	"FN0712"	"C4N14_08665"
2	2	1	"FN0713"	"C4N14_08660"
2	2	1	"FN0714"	"C4N14_08655"
2	2	1	"FN0715"	"C4N14_08650"
2	2	1	"FN0716"	"C4N14_08645"
2	2	1	"FN0717"	"C4N14_08640"
2	2	1	"FN0718"	"C4N14_08635"
2	2	1	"FN0719"	"C4N14_08630"
2	2	1	"FN0720"	"C4N14_08625"
2	2	1	"FN0721"	"C4N14_08620"
2	2	1	"FN0722"	"C4N14_08615"
2	2	1	"FN0723"	"C4N14_08610"
2	2	1	"FN0724"	"C4N14_08605"
2	2	1	"FN0725"	"C4N14_08600"
2	2	1	"FN0726"	"C4N14_08595"
2	2	1	"FN0727"	"C4N14_08590"
2	2	1	"FN0728"	"C4N14_08585"
2	2	1	"FN0729"	"C4N14_08575"
2	2	1	"FN0730"	"C4N14_08570"
2	2	1	"FN0731"	"C4N14_08565"
2	2	1	"FN0732"	"C4N14_08560"
2	2	1	"FN0733"	"C4N14_08555"
2	2	1	"FN0734"	"C4N14_08550"
2	2	1	"FN0735"	"C4N14_08545"
2	2	1	"FN0736"	"C4N14_08540"
2	2	1	"FN0737"	"C4N14_08535"
2	2	1	"FN0738"	"C4N14_08530"
2	2	1	"FN0739"	"C4N14_08525"
2	2	1	"FN0740"	"C4N14_08520"
2	2	1	"FN0741"	"C4N14_08515"
2	2	1	"FN0742"	"C4N14_08510"
2	2	1	"FN0743"	"C4N14_08505"
2	2	1	"FN0745"	"C4N14_08500"
2	2	1	"FN0746"	"C4N14_08490"
2	2	1	"FN0747"	"C4N14_08470"
2	2	1	"FN0748"	"C4N14_08465"
2	2	1	"FN0749"	"C4N14_08460"
2	2	1	"FN0750"	"C4N14_08455"
2	2	1	"FN0751"	"C4N14_08450"
2	2	1	"FN0752"	"C4N14_08445"
2	2	1	"FN0753"	"C4N14_08440"
2	2	1	"FN0754"	"C4N14_08435"
2	2	1	"FN0755"	"C4N14_08430"
2	2	1	"FN0756"	"C4N14_08425"
2	2	1	"FN0757"	"C4N14_08420"
2	2	1	"FN0758"	"C4N14_08415"
2	2	1	"FN0759"	"C4N14_08410"
2	2	1	"FN0760"	"C4N14_08405"
2	2	1	"FN0761"	"C4N14_08400"
2	2	1	"FN0762"	"C4N14_08395"
2	2	1	"FN0764"	"C4N14_08390"
2	2	1	"FN0765"	"C4N14_08385"
2	2	1	"FN0766"	"C4N14_08380"
2	2	1	"FN0767"	"C4N14_08375"
2	2	1	"FN0768"	"C4N14_08370"
2	2	1	"FN0769"	"C4N14_08365"
2	2	1	"FN0770"	"C4N14_08360"
2	2	1	"FN0771"	"C4N14_08355"
2	2	1	"FN0772"	"C4N14_08350"
2	2	1	"FN0773"	"C4N14_08345"
2	2	1	"FN0774"	"C4N14_08340"
2	2	1	"FN0775"	"C4N14_08335"
2	2	1	"FN0776"	"C4N14_08330"
2	2	1	"FN0777"	"C4N14_08325"
2	2	1	"FN0778"	"C4N14_08320"
2	2	1	"FN0779"	"C4N14_08315"
2	2	1	"FN0780"	"C4N14_08310"
2	2	1	"FN0781"	"C4N14_08305"
2	2	1	"FN0782"	"C4N14_08300"
2	2	1	"FN0783"	"C4N14_08295"
2	2	1	"FN0784"	"C4N14_08290"
2	2	1	"FN0785"	"C4N14_08285"
2	2	1	"FN0788"	"C4N14_08280"
2	2	1	"FN0789"	"C4N14_08275"
2	2	1	"FN0790"	"C4N14_08270"
2	2	1	"FN0791"	"C4N14_08265"
2	2	1	"FN0792"	"C4N14_08260"
2	2	1	"FN0793"	"C4N14_08255"
2	2	1	"FN0794"	"C4N14_08250"
2	2	1	"FN0795"	"C4N14_08245"
2	2	1	"FN0796"	"C4N14_08240"
2	2	1	"FN0798"	"C4N14_08230"
2	2	1	"FN0799"	"C4N14_08225"
2	2	1	"FN0800"	"C4N14_08220"
2	2	1	"FN0801"	"C4N14_08215"
2	2	1	"FN0802"	"C4N14_08210"
2	2	1	"FN0803"	"C4N14_08205"
2	2	1	"FN0804"	"C4N14_08200"
2	2	1	"FN0805"	"C4N14_08195"
2	2	1	"FN0806"	"C4N14_08190"
2	2	1	"FN0807"	"C4N14_08185"
2	2	1	"FN0808"	"C4N14_08180"
2	2	1	"FN0809"	"C4N14_08175"
2	2	1	"FN0810"	"C4N14_08155"
2	2	1	"FN0811"	"C4N14_08150"
2	2	1	"FN0817"	"C4N14_08130"
2	2	1	"FN0818"	"C4N14_08125"
2	2	1	"FN0819"	"C4N14_08120"
2	2	1	"FN0820"	"C4N14_08115"
2	2	1	"FN0821"	"C4N14_08110"
2	2	1	"FN0822"	"C4N14_08105"
2	2	1	"FN0823"	"C4N14_08100"
2	2	1	"FN0824"	"C4N14_08095"
2	2	1	"FN0825"	"C4N14_08090"
2	2	1	"FN0826"	"C4N14_08085"
2	2	1	"FN0827"	"C4N14_08080"
2	2	1	"FN0828"	"C4N14_08075"
2	2	1	"FN0829"	"C4N14_08070"
2	2	1	"FN0832"	"C4N14_08000"
2	2	1	"FN0833"	"C4N14_07995"
2	2	1	"FN0834"	"C4N14_07990"
2	2	1	"FN0835"	"C4N14_07985"
2	2	1	"FN0836"	"C4N14_07980"
2	2	1	"FN0837"	"C4N14_07970"
2	2	1	"FN0842"	"C4N14_07965"
2	2	1	"FN0843"	"C4N14_07960"
2	2	1	"FN0846"	"C4N14_07945"
2	2	1	"FN0847"	"C4N14_07940"
2	2	1	"FN0848"	"C4N14_07935"
2	2	1	"FN0849"	"C4N14_07930"
2	2	1	"FN0850"	"C4N14_07925"
2	2	1	"FN0851"	"C4N14_07920"
2	2	1	"FN0852"	"C4N14_07915"
2	2	1	"FN0853"	"C4N14_07910"
2	2	1	"FN0854"	"C4N14_07905"
2	2	1	"FN0855"	"C4N14_07900"
2	2	1	"FN0856"	"C4N14_07895"
2	2	1	"FN0857"	"C4N14_07890"
2	2	1	"FN0858"	"C4N14_07885"
2	2	1	"FN0859"	"C4N14_07880"
2	2	1	"FN0860"	"C4N14_07870"
2	2	1	"FN0862"	"C4N14_07865"
2	2	1	"FN0864"	"C4N14_07855"
2	2	1	"FN0865"	"C4N14_07850"
2	2	1	"FN0866"	"C4N14_07845"
2	2	1	"FN0867"	"C4N14_07840"
2	2	1	"FN0868"	"C4N14_07835"
2	2	1	"FN0869"	"C4N14_07830"
2	2	1	"FN0870"	"C4N14_07820"
2	2	1	"FN0871"	"C4N14_07815"
2	2	1	"FN0872"	"C4N14_07810"
2	2	1	"FN0873"	"C4N14_07805"
2	2	1	"FN0874"	"C4N14_07800"
2	2	1	"FN0875"	"C4N14_07795"
2	2	1	"FN0876"	"C4N14_07790"
2	2	1	"FN0877"	"C4N14_07785"
2	2	1	"FN0878"	"C4N14_07780"
2	2	1	"FN0879"	"C4N14_07775"
2	2	1	"FN0880"	"C4N14_07770"
2	2	1	"FN0881"	"C4N14_07765"
2	2	1	"FN0882"	"C4N14_07760"
2	2	1	"FN0884"	"C4N14_07755"
2	2	1	"FN0885"	"C4N14_07750"
2	2	1	"FN0886"	"C4N14_07745"
2	2	1	"FN0887"	"C4N14_07740"
2	2	1	"FN0888"	"C4N14_07735"
2	2	1	"FN0889"	"C4N14_07730"
2	2	1	"FN0890"	"C4N14_07725"
2	2	1	"FN0891"	"C4N14_07720"
2	2	1	"FN0892"	"C4N14_07715"
2	2	1	"FN0893"	"C4N14_07710"
2	2	1	"FN0894"	"C4N14_07705"
2	2	1	"FN0895"	"C4N14_07700"
2	2	1	"FN0896"	"C4N14_07695"
2	2	1	"FN0897"	"C4N14_07690"
2	2	1	"FN0898"	"C4N14_07685"
2	2	1	"FN0899"	"C4N14_07675"
2	2	1	"FN0900"	"C4N14_07670"
2	2	1	"FN0901"	"C4N14_07665"
2	2	1	"FN0902"	"C4N14_07660"
2	2	1	"FN0903"	"C4N14_07655"
2	2	1	"FN0904"	"C4N14_07650"
2	2	1	"FN0905"	"C4N14_07645"
2	2	1	"FN0906"	"C4N14_07640"
2	2	1	"FN0907"	"C4N14_07635"
2	2	1	"FN0908"	"C4N14_07630"
2	2	1	"FN0909"	"C4N14_07625"
2	2	1	"FN0910"	"C4N14_07620"
2	2	1	"FN0911"	"C4N14_07615"
2	2	1	"FN0912"	"C4N14_07610"
2	2	1	"FN0913"	"C4N14_07605"
2	2	1	"FN0914"	"C4N14_07600"
2	2	1	"FN0915"	"C4N14_07595"
2	2	1	"FN0916"	"C4N14_07590"
2	2	1	"FN0917"	"C4N14_07585"
2	2	1	"FN0920"	"C4N14_07575"
2	2	1	"FN0921"	"C4N14_07570"
2	2	1	"FN0922"	"C4N14_07565"
2	2	1	"FN0923"	"C4N14_07560"
2	2	1	"FN0924"	"C4N14_07555"
2	2	1	"FN0925"	"C4N14_07550"
2	2	1	"FN0926"	"C4N14_07545"
2	2	1	"FN0928"	"C4N14_07535"
2	2	1	"FN0929"	"C4N14_07530"
2	2	1	"FN0930"	"C4N14_07525"
2	2	1	"FN0931"	"C4N14_07520"
2	2	1	"FN0932"	"C4N14_07515"
2	2	1	"FN0933"	"C4N14_07510"
2	2	1	"FN0934"	"C4N14_07505"
2	2	1	"FN0935"	"C4N14_07500"
2	2	1	"FN0936"	"C4N14_07495"
2	2	1	"FN0937"	"C4N14_07490"
2	2	1	"FN0938"	"C4N14_07485"
2	2	1	"FN0939"	"C4N14_07480"
2	2	1	"FN0940"	"C4N14_07475"
2	2	1	"FN0941"	"C4N14_07470"
2	2	1	"FN0942"	"C4N14_07465"
2	2	1	"FN0943"	"C4N14_07460"
2	2	1	"FN0944"	"C4N14_07455"
2	2	1	"FN0945"	"C4N14_07450"
2	2	1	"FN0946"	"C4N14_07445"
2	2	1	"FN0947"	"C4N14_07440"
2	2	1	"FN0948"	"C4N14_07425"
2	2	1	"FN0949"	"C4N14_07420"
2	2	1	"FN0950"	"C4N14_07415"
2	2	1	"FN0951"	"C4N14_07410"
2	2	1	"FN0952"	"C4N14_07405"
2	2	1	"FN0953"	"C4N14_07400"
2	2	1	"FN0954"	"C4N14_07395"
2	2	1	"FN0955"	"C4N14_07390"
2	2	1	"FN0956"	"C4N14_07385"
2	2	1	"FN0957"	"C4N14_07380"
2	2	1	"FN0958"	"C4N14_07375"
2	2	1	"FN0959"	"C4N14_07370"
2	2	1	"FN0960"	"C4N14_07365"
2	2	1	"FN0963"	"C4N14_07360"
2	2	1	"FN0964"	"C4N14_07355"
2	2	1	"FN0965"	"C4N14_07350"
2	2	1	"FN0966"	"C4N14_07345"
2	2	1	"FN0967"	"C4N14_07340"
2	2	1	"FN0968"	"C4N14_07335"
2	2	1	"FN0969"	"C4N14_07330"
2	2	1	"FN0970"	"C4N14_07325"
2	2	1	"FN0971"	"C4N14_07320"
2	2	1	"FN0972"	"C4N14_07315"
2	2	1	"FN0973"	"C4N14_07310"
2	2	1	"FN0974"	"C4N14_07305"
2	2	1	"FN0975"	"C4N14_07300"
2	2	1	"FN0976"	"C4N14_07295"
2	2	1	"FN0977"	"C4N14_07290"
2	2	1	"FN0978"	"C4N14_07285"
2	2	1	"FN0979"	"C4N14_07280"
2	2	1	"FN0980"	"C4N14_07275"
2	2	1	"FN0981"	"C4N14_07270"
2	2	1	"FN0982"	"C4N14_07265"
2	2	1	"FN0983"	"C4N14_07260"
2	2	1	"FN0984"	"C4N14_07255"
2	2	1	"FN0985"	"C4N14_07250"
2	2	1	"FN0986"	"C4N14_07245"
2	2	1	"FN0987"	"C4N14_07240"
2	2	1	"FN0988"	"C4N14_07235"
2	2	1	"FN0989"	"C4N14_07230"
2	2	1	"FN0990"	"C4N14_07225"
2	2	1	"FN0991"	"C4N14_07220"
2	2	1	"FN0992"	"C4N14_07215"
2	2	1	"FN0993"	"C4N14_07210"
2	2	1	"FN0994"	"C4N14_07205"
2	2	1	"FN0995"	"C4N14_07200"
2	2	1	"FN0996"	"C4N14_07195"
2	2	1	"FN0997"	"C4N14_07190"
2	2	1	"FN0998"	"C4N14_07185"
2	2	1	"FN0999"	"C4N14_07180"
2	2	1	"FN1000"	"C4N14_07175"
2	2	1	"FN1001"	"C4N14_07170"
2	2	1	"FN1002"	"C4N14_07165"
2	2	1	"FN1003"	"C4N14_07160"
2	2	1	"FN1004"	"C4N14_07155"
2	2	1	"FN1005"	"C4N14_07150"
2	2	1	"FN1006"	"C4N14_07145"
2	2	1	"FN1007"	"C4N14_07140"
2	2	1	"FN1008"	"C4N14_07135"
2	2	1	"FN1009"	"C4N14_07125"
2	2	1	"FN1010"	"C4N14_07120"
2	2	1	"FN1011"	"C4N14_07115"
2	2	1	"FN1012"	"C4N14_07110"
2	2	1	"FN1013"	"C4N14_07105"
2	2	1	"FN1014"	"C4N14_07100"
2	2	1	"FN1015"	"C4N14_07095"
2	2	1	"FN1016"	"C4N14_07090"
2	2	1	"FN1017"	"C4N14_07085"
2	2	1	"FN1019"	"C4N14_07070"
2	2	1	"FN1020"	"C4N14_07065"
2	2	1	"FN1022"	"C4N14_07055"
2	2	1	"FN1023"	"C4N14_07050"
2	2	1	"FN1024"	"C4N14_07045"
2	2	1	"FN1025"	"C4N14_07040"
2	2	1	"FN1026"	"C4N14_07035"
2	2	1	"FN1027"	"C4N14_07030"
2	2	1	"FN1028"	"C4N14_07025"
2	2	1	"FN1029"	"C4N14_07020"
2	2	1	"FN1030"	"C4N14_07015"
2	2	1	"FN1031"	"C4N14_07010"
2	2	1	"FN1032"	"C4N14_07005"
2	2	1	"FN1033"	"C4N14_07000"
2	2	1	"FN1034"	"C4N14_06995"
2	2	1	"FN1035"	"C4N14_06990"
2	2	1	"FN1036"	"C4N14_06985"
2	2	1	"FN1037"	"C4N14_06980"
2	2	1	"FN1038"	"C4N14_06975"
2	2	1	"FN1039"	"C4N14_06970"
2	2	1	"FN1040"	"C4N14_06965"
2	2	1	"FN1041"	"C4N14_06960"
2	2	1	"FN1042"	"C4N14_06955"
2	2	1	"FN1043"	"C4N14_06950"
2	2	1	"FN1044"	"C4N14_06945"
2	2	1	"FN1045"	"C4N14_06940"
2	2	1	"FN1046"	"C4N14_06935"
2	2	1	"FN1047"	"C4N14_06930"
2	2	1	"FN1048"	"C4N14_06925"
2	2	1	"FN1049"	"C4N14_06920"
2	2	1	"FN1050"	"C4N14_06915"
2	2	1	"FN1051"	"C4N14_06910"
2	2	1	"FN1052"	"C4N14_06905"
2	2	1	"FN1053"	"C4N14_06900"
2	2	1	"FN1054"	"C4N14_06895"
2	2	1	"FN1055"	"C4N14_06885"
2	2	1	"FN1056"	"C4N14_06880"
2	2	1	"FN1057"	"C4N14_06875"
2	2	1	"FN1058"	"C4N14_06870"
2	2	1	"FN1059"	"C4N14_06865"
2	2	1	"FN1060"	"C4N14_06860"
2	2	1	"FN1061"	"C4N14_06850"
2	2	1	"FN1062"	"C4N14_06845"
2	2	1	"FN1063"	"C4N14_06840"
2	2	1	"FN1064"	"C4N14_06835"
2	2	1	"FN1065"	"C4N14_06830"
2	2	1	"FN1066"	"C4N14_06825"
2	2	1	"FN1067"	"C4N14_06820"
2	2	1	"FN1068"	"C4N14_06815"
2	2	1	"FN1069"	"C4N14_06810"
2	2	1	"FN1070"	"C4N14_06805"
2	2	1	"FN1071"	"C4N14_06800"
2	2	1	"FN1072"	"C4N14_06795"
2	2	1	"FN1073"	"C4N14_06790"
2	2	1	"FN1074"	"C4N14_06785"
2	2	1	"FN1075"	"C4N14_06780"
2	2	1	"FN1076"	"C4N14_06775"
2	2	1	"FN1077"	"C4N14_06770"
2	2	1	"FN1078"	"C4N14_06765"
2	2	1	"FN1079"	"C4N14_06760"
2	2	1	"FN1080"	"C4N14_06755"
2	2	1	"FN1081"	"C4N14_06745"
2	2	1	"FN1082"	"C4N14_06740"
2	2	1	"FN1083"	"C4N14_06735"
2	2	1	"FN1084"	"C4N14_06730"
2	2	1	"FN1085"	"C4N14_06725"
2	2	1	"FN1086"	"C4N14_06720"
2	2	1	"FN1087"	"C4N14_06715"
2	2	1	"FN1088"	"C4N14_06710"
2	2	1	"FN1089"	"C4N14_06705"
2	2	1	"FN1090"	"C4N14_06700"
2	2	1	"FN1091"	"C4N14_06695"
2	2	1	"FN1092"	"C4N14_06690"
2	2	1	"FN1093"	"C4N14_06685"
2	2	1	"FN1094"	"C4N14_06680"
2	2	1	"FN1095"	"C4N14_06675"
2	2	1	"FN1096"	"C4N14_06670"
2	2	1	"FN1097"	"C4N14_06665"
2	2	1	"FN1098"	"sORF002"
2	2	1	"FN1100"	"C4N14_06655"
2	2	1	"FN1101"	"C4N14_06650"
2	2	1	"FN1102"	"C4N14_06645"
2	2	1	"FN1103"	"C4N14_06640"
2	2	1	"FN1104"	"C4N14_06635"
2	2	1	"FN1105"	"C4N14_06630"
2	2	1	"FN1106"	"C4N14_06625"
2	2	1	"FN1107"	"C4N14_06620"
2	2	1	"FN1108"	"C4N14_06615"
2	2	1	"FN1109"	"C4N14_06610"
2	2	1	"FN1110"	"C4N14_06605"
2	2	1	"FN1111"	"C4N14_06600"
2	2	1	"FN1112"	"C4N14_06595"
2	2	1	"FN1113"	"C4N14_06590"
2	2	1	"FN1114"	"C4N14_06585"
2	2	1	"FN1115"	"C4N14_06580"
2	2	1	"FN1116"	"C4N14_06575"
2	2	1	"FN1117"	"C4N14_06570"
2	2	1	"FN1118"	"C4N14_06565"
2	2	1	"FN1119"	"C4N14_06560"
2	2	1	"FN1120"	"C4N14_06555"
2	2	1	"FN1121"	"C4N14_06540"
2	2	1	"FN1122"	"C4N14_06535"
2	2	1	"FN1123"	"C4N14_06530"
2	2	1	"FN1124"	"C4N14_06525"
2	2	1	"FN1125"	"C4N14_06520"
2	2	1	"FN1126"	"C4N14_06515"
2	2	1	"FN1127"	"C4N14_06510"
2	2	1	"FN1128"	"C4N14_06505"
2	2	1	"FN1129"	"C4N14_06500"
2	2	1	"FN1130"	"C4N14_06495"
2	2	1	"FN1131"	"C4N14_06490"
2	2	1	"FN1132"	"C4N14_06485"
2	2	1	"FN1133"	"C4N14_06480"
2	2	1	"FN1134"	"C4N14_06475"
2	2	1	"FN1135"	"C4N14_06470"
2	2	1	"FN1136"	"C4N14_06465"
2	2	1	"FN1137"	"C4N14_06460"
2	2	1	"FN1138"	"C4N14_06455"
2	2	1	"FN1139"	"C4N14_06450"
2	2	1	"FN1140"	"C4N14_06445"
2	2	1	"FN1141"	"C4N14_06440"
2	2	1	"FN1142"	"C4N14_06435"
2	2	1	"FN1143"	"C4N14_06430"
2	2	1	"FN1144"	"C4N14_06425"
2	2	1	"FN1145"	"C4N14_06420"
2	2	1	"FN1146"	"C4N14_06410"
2	2	1	"FN1147"	"C4N14_06405"
2	2	1	"FN1148"	"C4N14_06400"
2	2	1	"FN1149"	"C4N14_06395"
2	2	1	"FN1150"	"C4N14_06390"
2	2	1	"FN1151"	"C4N14_06385"
2	2	1	"FN1152"	"C4N14_06380"
2	2	1	"FN1153"	"C4N14_06375"
2	2	1	"FN1154"	"C4N14_06370"
2	2	1	"FN1155"	"C4N14_06365"
2	2	1	"FN1156"	"C4N14_06360"
2	2	1	"FN1157"	"C4N14_06355"
2	2	1	"FN1158"	"C4N14_06350"
2	2	1	"FN1159"	"C4N14_06345"
2	2	1	"FN1160"	"C4N14_06325"
2	2	1	"FN1161"	"C4N14_06320"
2	2	1	"FN1162"	"C4N14_06310"
2	2	1	"FN1163"	"C4N14_06305"
2	2	1	"FN1164"	"C4N14_06300"
2	2	1	"FN1165"	"C4N14_06295"
2	2	1	"FN1166"	"C4N14_06290"
2	2	1	"FN1167"	"C4N14_06285"
2	2	1	"FN1168"	"C4N14_06280"
2	2	1	"FN1169"	"C4N14_06275"
2	2	1	"FN1170"	"C4N14_06270"
2	2	1	"FN1171"	"C4N14_06265"
2	2	1	"FN1172"	"C4N14_06260"
2	2	1	"FN1173"	"C4N14_06255"
2	2	1	"FN1174"	"C4N14_06250"
2	2	1	"FN1176"	"C4N14_06245"
2	2	1	"FN1177"	"C4N14_06240"
2	2	1	"FN1178"	"C4N14_06235"
2	2	1	"FN1179"	"C4N14_06230"
2	2	1	"FN1180"	"C4N14_06225"
2	2	1	"FN1181"	"C4N14_06220"
2	2	1	"FN1182"	"C4N14_06215"
2	2	1	"FN1183"	"C4N14_06210"
2	2	1	"FN1184"	"C4N14_06205"
2	2	1	"FN1185"	"C4N14_06200"
2	2	1	"FN1186"	"C4N14_06195"
2	2	1	"FN1187"	"C4N14_06190"
2	2	1	"FN1188"	"C4N14_06185"
2	2	1	"FN1189"	"C4N14_06180"
2	2	1	"FN1190"	"C4N14_06175"
2	2	1	"FN1191"	"C4N14_06170"
2	2	1	"FN1192"	"C4N14_06165"
2	2	1	"FN1193"	"C4N14_06160"
2	2	1	"FN1195"	"C4N14_06155"
2	2	1	"FN1196"	"C4N14_06150"
2	2	1	"FN1197"	"C4N14_06145"
2	2	1	"FN1198"	"C4N14_06140"
2	2	1	"FN1199"	"C4N14_06135"
2	2	1	"FN1200"	"C4N14_06130"
2	2	1	"FN1201"	"C4N14_06125"
2	2	1	"FN1202"	"C4N14_06120"
2	2	1	"FN1203"	"C4N14_06115"
2	2	1	"FN1204"	"C4N14_06110"
2	2	1	"FN1205"	"C4N14_06105"
2	2	1	"FN1206"	"C4N14_06100"
2	2	1	"FN1207"	"C4N14_06095"
2	2	1	"FN1208"	"C4N14_06090"
2	2	1	"FN1209"	"C4N14_06085"
2	2	1	"FN1210"	"C4N14_06080"
2	2	1	"FN1211"	"C4N14_06075"
2	2	1	"FN1212"	"C4N14_06070"
2	2	1	"FN1213"	"C4N14_06065"
2	2	1	"FN1214"	"C4N14_06060"
2	2	1	"FN1215"	"C4N14_06055"
2	2	1	"FN1216"	"C4N14_06050"
2	2	1	"FN1217"	"C4N14_06045"
2	2	1	"FN1218"	"C4N14_06040"
2	2	1	"FN1219"	"C4N14_06035"
2	2	1	"FN1220"	"C4N14_06030"
2	2	1	"FN1221"	"C4N14_06025"
2	2	1	"FN1222"	"C4N14_06020"
2	2	1	"FN1223"	"C4N14_06015"
2	2	1	"FN1224"	"C4N14_06010"
2	2	1	"FN1225"	"C4N14_06005"
2	2	1	"FN1226"	"C4N14_06000"
2	2	1	"FN1228"	"C4N14_05995"
2	2	1	"FN1229"	"C4N14_05990"
2	2	1	"FN1230"	"C4N14_05985"
2	2	1	"FN1231"	"C4N14_05980"
2	2	1	"FN1232"	"C4N14_05975"
2	2	1	"FN1233"	"C4N14_05970"
2	2	1	"FN1234"	"C4N14_05965"
2	2	1	"FN1235"	"C4N14_05960"
2	2	1	"FN1236"	"C4N14_05955"
2	2	1	"FN1237"	"C4N14_05950"
2	2	1	"FN1238"	"C4N14_05945"
2	2	1	"FN1239"	"C4N14_05940"
2	2	1	"FN1240"	"C4N14_05935"
2	2	1	"FN1241"	"C4N14_05930"
2	2	1	"FN1242"	"C4N14_05925"
2	2	1	"FN1243"	"C4N14_05920"
2	2	1	"FN1244"	"C4N14_05915"
2	2	1	"FN1245"	"C4N14_05910"
2	2	1	"FN1246"	"C4N14_05905"
2	2	1	"FN1247"	"C4N14_05900"
2	2	1	"FN1248"	"C4N14_05890"
2	2	1	"FN1249"	"C4N14_05885"
2	2	1	"FN1250"	"C4N14_05880"
2	2	1	"FN1251"	"C4N14_05875"
2	2	1	"FN1252"	"C4N14_05870"
2	2	1	"FN1253"	"C4N14_05865"
2	2	1	"FN1254"	"C4N14_05860"
2	2	1	"FN1255"	"C4N14_05855"
2	2	1	"FN1256"	"C4N14_05850"
2	2	1	"FN1257"	"C4N14_05845"
2	2	1	"FN1258"	"C4N14_05840"
2	2	1	"FN1259"	"C4N14_05835"
2	2	1	"FN1260"	"C4N14_05830"
2	2	1	"FN1261"	"C4N14_05825"
2	2	1	"FN1262"	"C4N14_05820"
2	2	1	"FN1263"	"C4N14_05815"
2	2	1	"FN1264"	"C4N14_05810"
2	2	1	"FN1265"	"C4N14_05805"
2	2	1	"FN1266"	"C4N14_05800"
2	2	1	"FN1267"	"C4N14_05795"
2	2	1	"FN1268"	"C4N14_05790"
2	2	1	"FN1269"	"C4N14_05785"
2	2	1	"FN1270"	"C4N14_05780"
2	2	1	"FN1271"	"C4N14_05775"
2	2	1	"FN1272"	"C4N14_05770"
2	2	1	"FN1273"	"C4N14_05765"
2	2	1	"FN1274"	"C4N14_05760"
2	2	1	"FN1275"	"C4N14_05755"
2	2	1	"FN1276"	"C4N14_05750"
2	2	1	"FN1277"	"C4N14_05745"
2	2	1	"FN1278"	"C4N14_05740"
2	2	1	"FN1279"	"C4N14_05735"
2	2	1	"FN1280"	"C4N14_05730"
2	2	1	"FN1281"	"C4N14_05725"
2	2	1	"FN1282"	"C4N14_05720"
2	2	1	"FN1283"	"C4N14_05715"
2	2	1	"FN1284"	"C4N14_05710"
2	2	1	"FN1285"	"C4N14_05705"
2	2	1	"FN1286"	"C4N14_05700"
2	2	1	"FN1287"	"C4N14_05690"
2	2	1	"FN1289"	"C4N14_05685"
2	2	1	"FN1290"	"C4N14_05680"
2	2	1	"FN1291"	"C4N14_05675"
2	2	1	"FN1292"	"C4N14_05670"
2	2	1	"FN1293"	"C4N14_05665"
2	2	1	"FN1294"	"C4N14_05660"
2	2	1	"FN1295"	"C4N14_05640"
2	2	1	"FN1297"	"C4N14_05625"
2	2	1	"FN1298"	"C4N14_05620"
2	2	1	"FN1299"	"C4N14_05615"
2	2	1	"FN1301"	"C4N14_05610"
2	2	1	"FN1302"	"C4N14_05605"
2	2	1	"FN1303"	"C4N14_05600"
2	2	1	"FN1304"	"C4N14_05595"
2	2	1	"FN1305"	"C4N14_05590"
2	2	1	"FN1306"	"C4N14_05585"
2	2	1	"FN1307"	"C4N14_05580"
2	2	1	"FN1308"	"C4N14_05575"
2	2	1	"FN1309"	"C4N14_05570"
2	2	1	"FN1310"	"C4N14_05550"
2	2	1	"FN1311"	"C4N14_05545"
2	2	1	"FN1312"	"C4N14_05540"
2	2	1	"FN1313"	"C4N14_05535"
2	2	1	"FN1315"	"C4N14_05525"
2	2	1	"FN1316"	"C4N14_05520"
2	2	1	"FN1317"	"C4N14_05515"
2	2	1	"FN1318"	"C4N14_05510"
2	2	1	"FN1319"	"C4N14_05505"
2	2	1	"FN1320"	"C4N14_05500"
2	2	1	"FN1321"	"C4N14_05495"
2	2	1	"FN1322"	"C4N14_05490"
2	2	1	"FN1323"	"C4N14_05485"
2	2	1	"FN1324"	"C4N14_05480"
2	2	1	"FN1325"	"C4N14_05475"
2	2	1	"FN1326"	"C4N14_05470"
2	2	1	"FN1327"	"C4N14_05465"
2	2	1	"FN1328"	"C4N14_05460"
2	2	1	"FN1329"	"C4N14_05455"
2	2	1	"FN1330"	"C4N14_05450"
2	2	1	"FN1331"	"C4N14_05445"
2	2	1	"FN1332"	"C4N14_05440"
2	2	1	"FN1333"	"C4N14_05435"
2	2	1	"FN1334"	"C4N14_05430"
2	2	1	"FN1335"	"C4N14_05425"
2	2	1	"FN1340"	"C4N14_10135"
2	2	1	"FN1341"	"C4N14_10140"
2	2	1	"FN1342"	"C4N14_10145"
2	2	1	"FN1343"	"C4N14_10150"
2	2	1	"FN1344"	"C4N14_10160"
2	2	1	"FN1345"	"C4N14_10165"
2	2	1	"FN1347"	"C4N14_10170"
2	2	1	"FN1348"	"C4N14_10175"
2	2	1	"FN1349"	"C4N14_10180"
2	2	1	"FN1350"	"C4N14_10185"
2	2	1	"FN1351"	"C4N14_10190"
2	2	1	"FN1352"	"C4N14_10195"
2	2	1	"FN1353"	"C4N14_10200"
2	2	1	"FN1354"	"C4N14_10205"
2	2	1	"FN1355"	"C4N14_10210"
2	2	1	"FN1358"	"C4N14_10220"
2	2	1	"FN1359"	"C4N14_10225"
2	2	1	"FN1360"	"C4N14_10230"
2	2	1	"FN1361"	"C4N14_10235"
2	2	1	"FN1362"	"C4N14_10240"
2	2	1	"FN1363"	"C4N14_10245"
2	2	1	"FN1364"	"C4N14_10250"
2	2	1	"FN1365"	"C4N14_10255"
2	2	1	"FN1366"	"C4N14_10260"
2	2	1	"FN1367"	"C4N14_10265"
2	2	1	"FN1368"	"C4N14_10270"
2	2	1	"FN1369"	"C4N14_10275"
2	2	1	"FN1370"	"C4N14_10280"
2	2	1	"FN1371"	"C4N14_10285"
2	2	1	"FN1372"	"C4N14_10290"
2	2	1	"FN1373"	"C4N14_10295"
2	2	1	"FN1374"	"C4N14_10300"
2	2	1	"FN1375"	"C4N14_10305"
2	2	1	"FN1376"	"C4N14_10310"
2	2	1	"FN1377"	"C4N14_10315"
2	2	1	"FN1378"	"C4N14_10320"
2	2	1	"FN1379"	"C4N14_10325"
2	2	1	"FN1380"	"C4N14_10330"
2	2	1	"FN1381"	"C4N14_10335"
2	2	1	"FN1382"	"C4N14_10340"
2	2	1	"FN1383"	"C4N14_10345"
2	2	1	"FN1384"	"C4N14_10350"
2	2	1	"FN1385"	"C4N14_10355"
2	2	1	"FN1386"	"C4N14_10360"
2	2	1	"FN1387"	"C4N14_10365"
2	2	1	"FN1391"	"C4N14_10385"
2	2	1	"FN1392"	"C4N14_10400"
2	2	1	"FN1393"	"C4N14_10405"
2	2	1	"FN1394"	"C4N14_10410"
2	2	1	"FN1395"	"C4N14_10415"
2	2	1	"FN1397"	"C4N14_10420"
2	2	1	"FN1398"	"C4N14_10425"
2	2	1	"FN1399"	"C4N14_10430"
2	2	1	"FN1400"	"C4N14_10435"
2	2	1	"FN1401"	"C4N14_10440"
2	2	1	"FN1402"	"C4N14_10445"
2	2	1	"FN1403"	"C4N14_10450"
2	2	1	"FN1404"	"C4N14_10455"
2	2	1	"FN1405"	"C4N14_10460"
2	2	1	"FN1406"	"C4N14_10465"
2	2	1	"FN1407"	"C4N14_10470"
2	2	1	"FN1408"	"C4N14_10475"
2	2	1	"FN1409"	"C4N14_10480"
2	2	1	"FN1411"	"C4N14_10485"
2	2	1	"FN1412"	"C4N14_10490"
2	2	1	"FN1413"	"C4N14_10495"
2	2	1	"FN1414"	"C4N14_10500"
2	2	1	"FN1415"	"C4N14_10505"
2	2	1	"FN1416"	"C4N14_10510"
2	2	1	"FN1417"	"C4N14_10515"
2	2	1	"FN1418"	"C4N14_10520"
2	2	1	"FN1419"	"C4N14_10525"
2	2	1	"FN1420"	"C4N14_10530"
2	2	1	"FN1421"	"C4N14_10535"
2	2	1	"FN1422"	"C4N14_10540"
2	2	1	"FN1423"	"C4N14_10545"
2	2	1	"FN1424"	"C4N14_10550"
2	2	1	"FN1426"	"fusolisin"
2	2	1	"FN1427"	"C4N14_10565"
2	2	1	"FN1428"	"C4N14_10570"
2	2	1	"FN1429"	"C4N14_10575"
2	2	1	"FN1430"	"C4N14_10580"
2	2	1	"FN1431"	"C4N14_10585"
2	2	1	"FN1432"	"C4N14_10590"
2	2	1	"FN1433"	"C4N14_10595"
2	2	1	"FN1434"	"C4N14_10600"
2	2	1	"FN1435"	"C4N14_10605"
2	2	1	"FN1436"	"C4N14_10610"
2	2	1	"FN1437"	"C4N14_10615"
2	2	1	"FN1438"	"C4N14_10620"
2	2	1	"FN1439"	"C4N14_10625"
2	2	1	"FN1440"	"C4N14_10630"
2	2	1	"FN1441"	"C4N14_10635"
2	2	1	"FN1444"	"C4N14_10640"
2	2	1	"FN1448"	"C4N14_10655"
2	2	1	"FN1449"	"C4N14_10665"
2	2	1	"FN1450"	"C4N14_10670"
2	2	1	"FN1451"	"C4N14_10675"
2	2	1	"FN1452"	"C4N14_10680"
2	2	1	"FN1453"	"C4N14_10685"
2	2	1	"FN1454"	"C4N14_10690"
2	2	1	"FN1455"	"C4N14_10695"
2	2	1	"FN1456"	"C4N14_10700"
2	2	1	"FN1457"	"C4N14_10705"
2	2	1	"FN1458"	"C4N14_10710"
2	2	1	"FN1459"	"C4N14_10715"
2	2	1	"FN1460"	"C4N14_10720"
2	2	1	"FN1461"	"C4N14_10725"
2	2	1	"FN1462"	"C4N14_10730"
2	2	1	"FN1463"	"C4N14_10735"
2	2	1	"FN1464"	"C4N14_10740"
2	2	1	"FN1465"	"C4N14_10750"
2	2	1	"FN1466"	"C4N14_10755"
2	2	1	"FN1467"	"C4N14_10760"
2	2	1	"FN1468"	"C4N14_10765"
2	2	1	"FN1469"	"C4N14_10770"
2	2	1	"FN1470"	"C4N14_10775"
2	2	1	"FN1471"	"C4N14_10780"
2	2	1	"FN1472"	"C4N14_10785"
2	2	1	"FN1473"	"C4N14_10790"
2	2	1	"FN1474"	"C4N14_10795"
2	2	1	"FN1475"	"C4N14_10800"
2	2	1	"FN1476"	"C4N14_10805"
2	2	1	"FN1477"	"C4N14_10810"
2	2	1	"FN1478"	"C4N14_10815"
2	2	1	"FN1479"	"C4N14_10820"
2	2	1	"FN1480"	"C4N14_10825"
2	2	1	"FN1481"	"C4N14_10830"
2	2	1	"FN1482"	"C4N14_10835"
2	2	1	"FN1483"	"C4N14_10840"
2	2	1	"FN1484"	"C4N14_10845"
2	2	1	"FN1485"	"C4N14_10850"
2	2	1	"FN1486"	"C4N14_10855"
2	2	1	"FN1487"	"C4N14_10860"
2	2	1	"FN1488"	"C4N14_10865"
2	2	1	"FN1489"	"C4N14_10870"
2	2	1	"FN1490"	"C4N14_10875"
2	2	1	"FN1491"	"C4N14_10880"
2	2	1	"FN1492"	"C4N14_10885"
2	2	1	"FN1493"	"C4N14_00005"
2	2	1	"FN1496"	"C4N14_00010"
2	2	1	"FN1497"	"C4N14_00015"
2	2	1	"FN1498"	"C4N14_00020"
2	2	1	"FN1499"	"C4N14_00025"
2	2	1	"FN1500"	"C4N14_00030"
2	2	1	"FN1501"	"C4N14_00035"
2	2	1	"FN1502"	"C4N14_00040"
2	2	1	"FN1503"	"C4N14_00045"
2	2	1	"FN1504"	"C4N14_00050"
2	2	1	"FN1505"	"C4N14_00055"
2	2	1	"FN1506"	"C4N14_00060"
2	2	1	"FN1507"	"C4N14_00065"
2	2	1	"FN1508"	"C4N14_00070"
2	2	1	"FN1512"	"C4N14_00075"
2	2	1	"FN1513"	"C4N14_00080"
2	2	1	"FN1514"	"C4N14_00085"
2	2	1	"FN1515"	"C4N14_00090"
2	2	1	"FN1516"	"C4N14_00105"
2	2	1	"FN1517"	"C4N14_00110"
2	2	1	"FN1518"	"C4N14_00115"
2	2	1	"FN1519"	"C4N14_00120"
2	2	1	"FN1520"	"C4N14_00125"
2	2	1	"FN1521"	"C4N14_00140"
2	2	1	"FN1522"	"C4N14_00145"
2	2	1	"FN1523"	"C4N14_00150"
2	2	1	"FN1524"	"C4N14_00155"
2	2	1	"FN1525"	"C4N14_00160"
2	2	1	"FN1526"	"C4N14_00165"
2	2	1	"FN1527"	"C4N14_00170"
2	2	1	"FN1528"	"C4N14_00175"
2	2	1	"FN1529"	"C4N14_00180"
2	2	1	"FN1531"	"C4N14_00190"
2	2	1	"FN1532"	"C4N14_00195"
2	2	1	"FN1533"	"C4N14_00200"
2	2	1	"FN1534"	"C4N14_00205"
2	2	1	"FN1535"	"C4N14_00210"
2	2	1	"FN1536"	"C4N14_00215"
2	2	1	"FN1537"	"C4N14_00220"
2	2	1	"FN1538"	"C4N14_00225"
2	2	1	"FN1539"	"C4N14_00230"
2	2	1	"FN1540"	"C4N14_00235"
2	2	1	"FN1541"	"C4N14_00240"
2	2	1	"FN1542"	"C4N14_00245"
2	2	1	"FN1543"	"C4N14_00250"
2	2	1	"FN1544"	"C4N14_00255"
2	2	1	"FN1545"	"C4N14_00260"
2	2	1	"FN1546"	"C4N14_00265"
2	2	1	"FN1547"	"C4N14_00270"
2	2	1	"FN1548"	"C4N14_00275"
2	2	1	"FN1549"	"C4N14_00280"
2	2	1	"FN1550"	"C4N14_00285"
2	2	1	"FN1551"	"C4N14_00290"
2	2	1	"FN1552"	"C4N14_00295"
2	2	1	"FN1553"	"C4N14_00300"
2	2	1	"FN1554"	"C4N14_00305"
2	2	1	"FN1555"	"C4N14_00310"
2	2	1	"FN1556"	"C4N14_00315"
2	2	1	"FN1557"	"C4N14_00320"
2	2	1	"FN1558"	"C4N14_00325"
2	2	1	"FN1559"	"C4N14_00360"
2	2	1	"FN1560"	"C4N14_00365"
2	2	1	"FN1561"	"C4N14_00370"
2	2	1	"FN1562"	"C4N14_00375"
2	2	1	"FN1563"	"C4N14_00380"
2	2	1	"FN1575"	"C4N14_00440"
2	2	1	"FN1576"	"C4N14_00445"
2	2	1	"FN1577"	"C4N14_00450"
2	2	1	"FN1578"	"C4N14_00455"
2	2	1	"FN1579"	"C4N14_00460"
2	2	1	"FN1580"	"C4N14_00465"
2	2	1	"FN1581"	"C4N14_00470"
2	2	1	"FN1582"	"C4N14_00475"
2	2	1	"FN1583"	"C4N14_00480"
2	2	1	"FN1584"	"C4N14_00485"
2	2	1	"FN1585"	"C4N14_00490"
2	2	1	"FN1586"	"C4N14_00495"
2	2	1	"FN1587"	"C4N14_00500"
2	2	1	"FN1589"	"C4N14_00505"
2	2	1	"FN1590"	"C4N14_00510"
2	2	1	"FN1591"	"C4N14_00515"
2	2	1	"FN1592"	"C4N14_00520"
2	2	1	"FN1593"	"C4N14_00525"
2	2	1	"FN1594"	"C4N14_00530"
2	2	1	"FN1595"	"C4N14_00535"
2	2	1	"FN1596"	"C4N14_00540"
2	2	1	"FN1597"	"C4N14_00545"
2	2	1	"FN1598"	"C4N14_00550"
2	2	1	"FN1599"	"C4N14_04070"
2	2	1	"FN1600"	"C4N14_00560"
2	2	1	"FN1601"	"C4N14_00565"
2	2	1	"FN1602"	"C4N14_00570"
2	2	1	"FN1603"	"C4N14_00575"
2	2	1	"FN1604"	"C4N14_00580"
2	2	1	"FN1605"	"C4N14_00585"
2	2	1	"FN1606"	"C4N14_00590"
2	2	1	"FN1607"	"C4N14_00595"
2	2	1	"FN1608"	"C4N14_00600"
2	2	1	"FN1609"	"C4N14_00605"
2	2	1	"FN1610"	"C4N14_00610"
2	2	1	"FN1611"	"C4N14_00615"
2	2	1	"FN1612"	"C4N14_00620"
2	2	1	"FN1613"	"C4N14_00625"
2	2	1	"FN1614"	"C4N14_00630"
2	2	1	"FN1615"	"C4N14_00635"
2	2	1	"FN1616"	"C4N14_00640"
2	2	1	"FN1617"	"C4N14_00645"
2	2	1	"FN1618"	"C4N14_00650"
2	2	1	"FN1619"	"C4N14_00655"
2	2	1	"FN1620"	"C4N14_00660"
2	2	1	"FN1621"	"C4N14_00665"
2	2	1	"FN1622"	"C4N14_00670"
2	2	1	"FN1623"	"C4N14_00675"
2	2	1	"FN1624"	"C4N14_00680"
2	2	1	"FN1625"	"C4N14_00685"
2	2	1	"FN1626"	"C4N14_00690"
2	2	1	"FN1627"	"C4N14_00695"
2	2	1	"FN1628"	"C4N14_00700"
2	2	1	"FN1629"	"C4N14_00705"
2	2	1	"FN1630"	"C4N14_00710"
2	2	1	"FN1631"	"C4N14_00715"
2	2	1	"FN1632"	"C4N14_00720"
2	2	1	"FN1633"	"C4N14_00725"
2	2	1	"FN1635"	"C4N14_00730"
2	2	1	"FN1636"	"C4N14_00735"
2	2	1	"FN1637"	"C4N14_00740"
2	2	1	"FN1638"	"C4N14_00745"
2	2	1	"FN1639"	"C4N14_00750"
2	2	1	"FN1640"	"C4N14_00755"
2	2	1	"FN1641"	"C4N14_00760"
2	2	1	"FN1642"	"C4N14_00765"
2	2	1	"FN1643"	"C4N14_00770"
2	2	1	"FN1644"	"C4N14_00775"
2	2	1	"FN1645"	"C4N14_00780"
2	2	1	"FN1646"	"C4N14_00785"
2	2	1	"FN1647"	"C4N14_00790"
2	2	1	"FN1648"	"C4N14_00795"
2	2	1	"FN1649"	"C4N14_00800"
2	2	1	"FN1650"	"C4N14_00805"
2	2	1	"FN1651"	"C4N14_00810"
2	2	1	"FN1652"	"C4N14_00815"
2	2	1	"FN1653"	"C4N14_00820"
2	2	1	"FN1654"	"C4N14_00825"
2	2	1	"FN1655"	"C4N14_00830"
2	2	1	"FN1656"	"C4N14_00840"
2	2	1	"FN1657"	"C4N14_00845"
2	2	1	"FN1658"	"C4N14_00850"
2	2	1	"FN1660"	"C4N14_00855"
2	2	1	"FN1661"	"C4N14_00860"
2	2	1	"FN1662"	"C4N14_00865"
2	2	1	"FN1663"	"C4N14_00870"
2	2	1	"FN1664"	"C4N14_00875"
2	2	1	"FN1665"	"C4N14_00880"
2	2	1	"FN1666"	"C4N14_00885"
2	2	1	"FN1667"	"C4N14_00890"
2	2	1	"FN1676"	"C4N14_01100"
2	2	1	"FN1686"	"C4N14_00935"
2	2	1	"FN1687"	"C4N14_00940"
2	2	1	"FN1689"	"C4N14_00950"
2	2	1	"FN1696"	"C4N14_01010"
2	2	1	"FN1697"	"C4N14_01015"
2	2	1	"FN1698"	"C4N14_01020"
2	2	1	"FN1700"	"C4N14_01025"
2	2	1	"FN1701"	"C4N14_01030"
2	2	1	"FN1702"	"C4N14_01035"
2	2	1	"FN1703"	"C4N14_01040"
2	2	1	"FN1704"	"C4N14_01045"
2	2	1	"FN1706"	"C4N14_01050"
2	2	1	"FN1707"	"C4N14_01055"
2	2	1	"FN1708"	"C4N14_01060"
2	2	1	"FN1709"	"C4N14_01065"
2	2	1	"FN1710"	"C4N14_01070"
2	2	1	"FN1711"	"C4N14_01075"
2	2	1	"FN1712"	"C4N14_01080"
2	2	1	"FN1713"	"C4N14_01085"
2	2	1	"FN1714"	"C4N14_01160"
2	2	1	"FN1715"	"C4N14_01165"
2	2	1	"FN1716"	"C4N14_01170"
2	2	1	"FN1717"	"C4N14_01175"
2	2	1	"FN1718"	"C4N14_01180"
2	2	1	"FN1719"	"C4N14_01185"
2	2	1	"FN1722"	"C4N14_01190"
2	2	1	"FN1723"	"C4N14_01195"
2	2	1	"FN1724"	"C4N14_01200"
2	2	1	"FN1725"	"C4N14_01205"
2	2	1	"FN1726"	"C4N14_01210"
2	2	1	"FN1727"	"C4N14_01215"
2	2	1	"FN1728"	"C4N14_01220"
2	2	1	"FN1729"	"C4N14_01225"
2	2	1	"FN1730"	"C4N14_01230"
2	2	1	"FN1731"	"C4N14_01235"
2	2	1	"FN1732"	"C4N14_01240"
2	2	1	"FN1733"	"C4N14_01245"
2	2	1	"FN1734"	"C4N14_01250"
2	2	1	"FN1735"	"C4N14_01255"
2	2	1	"FN1737"	"C4N14_01260"
2	2	1	"FN1738"	"C4N14_01265"
2	2	1	"FN1739"	"C4N14_01270"
2	2	1	"FN1740"	"C4N14_01275"
2	2	1	"FN1741"	"C4N14_01280"
2	2	1	"FN1742"	"C4N14_01285"
2	2	1	"FN1743"	"C4N14_01290"
2	2	1	"FN1744"	"C4N14_01295"
2	2	1	"FN1745"	"C4N14_01300"
2	2	1	"FN1746"	"C4N14_01305"
2	2	1	"FN1747"	"C4N14_01310"
2	2	1	"FN1748"	"C4N14_01315"
2	2	1	"FN1749"	"C4N14_01320"
2	2	1	"FN1752"	"C4N14_01330"
2	2	1	"FN1753"	"C4N14_01335"
2	2	1	"FN1754"	"C4N14_01340"
2	2	1	"FN1755"	"C4N14_01345"
2	2	1	"FN1756"	"C4N14_01350"
2	2	1	"FN1757"	"C4N14_01355"
2	2	1	"FN1758"	"C4N14_01360"
2	2	1	"FN1759"	"C4N14_01365"
2	2	1	"FN1762"	"C4N14_01380"
2	2	1	"FN1763"	"C4N14_01385"
2	2	1	"FN1764"	"C4N14_01390"
2	2	1	"FN1765"	"C4N14_01395"
2	2	1	"FN1780"	"C4N14_01470"
2	2	1	"FN1781"	"C4N14_01475"
2	2	1	"FN1782"	"C4N14_01480"
2	2	1	"FN1783"	"C4N14_01485"
2	2	1	"FN1784"	"C4N14_01490"
2	2	1	"FN1785"	"C4N14_01495"
2	2	1	"FN1786"	"C4N14_01500"
2	2	1	"FN1788"	"C4N14_01505"
2	2	1	"FN1789"	"C4N14_01510"
2	2	1	"FN1790"	"C4N14_01515"
2	2	1	"FN1791"	"C4N14_01520"
2	2	1	"FN1792"	"C4N14_01525"
2	2	1	"FN1793"	"C4N14_01530"
2	2	1	"FN1794"	"C4N14_01535"
2	2	1	"FN1795"	"C4N14_01540"
2	2	1	"FN1796"	"C4N14_01550"
2	2	1	"FN1797"	"C4N14_01555"
2	2	1	"FN1798"	"C4N14_01560"
2	2	1	"FN1799"	"C4N14_01565"
2	2	1	"FN1800"	"C4N14_01570"
2	2	1	"FN1801"	"C4N14_01575"
2	2	1	"FN1803"	"C4N14_01580"
2	2	1	"FN1804"	"C4N14_01585"
2	2	1	"FN1805"	"C4N14_01590"
2	2	1	"FN1806"	"C4N14_01595"
2	2	1	"FN1807"	"C4N14_01600"
2	2	1	"FN1808"	"C4N14_01605"
2	2	1	"FN1809"	"C4N14_01610"
2	2	1	"FN1810"	"C4N14_01615"
2	2	1	"FN1811"	"C4N14_01620"
2	2	1	"FN1812"	"C4N14_01625"
2	2	1	"FN1813"	"C4N14_01630"
2	2	1	"FN1814"	"C4N14_01635"
2	2	1	"FN1815"	"C4N14_01640"
2	2	1	"FN1816"	"C4N14_01645"
2	2	1	"FN1817"	"C4N14_01650"
2	2	1	"FN1819"	"C4N14_04055"
2	2	1	"FN1820"	"C4N14_04050"
2	2	1	"FN1822"	"C4N14_04040"
2	2	1	"FN1823"	"C4N14_04035"
2	2	1	"FN1824"	"C4N14_03945"
2	2	1	"FN1825"	"C4N14_03940"
2	2	1	"FN1826"	"C4N14_03935"
2	2	1	"FN1827"	"C4N14_03930"
2	2	1	"FN1828"	"C4N14_03925"
2	2	1	"FN1829"	"C4N14_03920"
2	2	1	"FN1830"	"C4N14_03915"
2	2	1	"FN1831"	"C4N14_03910"
2	2	1	"FN1832"	"C4N14_03905"
2	2	1	"FN1833"	"C4N14_03900"
2	2	1	"FN1834"	"C4N14_03895"
2	2	1	"FN1835"	"C4N14_03890"
2	2	1	"FN1836"	"C4N14_03885"
2	2	1	"FN1837"	"C4N14_03880"
2	2	1	"FN1838"	"C4N14_03875"
2	2	1	"FN1839"	"C4N14_03870"
2	2	1	"FN1840"	"C4N14_03865"
2	2	1	"FN1841"	"C4N14_03860"
2	2	1	"FN1842"	"C4N14_03855"
2	2	1	"FN1843"	"C4N14_03850"
2	2	1	"FN1844"	"C4N14_03845"
2	2	1	"FN1845"	"C4N14_03840"
2	2	1	"FN1846"	"C4N14_03835"
2	2	1	"FN1847"	"C4N14_03830"
2	2	1	"FN1848"	"C4N14_03825"
2	2	1	"FN1849"	"C4N14_03820"
2	2	1	"FN1850"	"C4N14_03815"
2	2	1	"FN1851"	"C4N14_03810"
2	2	1	"FN1852"	"C4N14_03805"
2	2	1	"FN1853"	"C4N14_03800"
2	2	1	"FN1854"	"C4N14_03795"
2	2	1	"FN1855"	"C4N14_03790"
2	2	1	"FN1856"	"C4N14_03785"
2	2	1	"FN1857"	"C4N14_03780"
2	2	1	"FN1858"	"C4N14_03775"
2	2	1	"FN1859"	"C4N14_03770"
2	2	1	"FN1860"	"C4N14_03765"
2	2	1	"FN1861"	"C4N14_03760"
2	2	1	"FN1862"	"C4N14_03755"
2	2	1	"FN1863"	"C4N14_03750"
2	2	1	"FN1864"	"C4N14_03745"
2	2	1	"FN1865"	"C4N14_03740"
2	2	1	"FN1866"	"C4N14_03735"
2	2	1	"FN1867"	"C4N14_03730"
2	2	1	"FN1868"	"C4N14_03725"
2	2	1	"FN1869"	"C4N14_03720"
2	2	1	"FN1870"	"C4N14_03710"
2	2	1	"FN1871"	"C4N14_03695"
2	2	1	"FN1872"	"C4N14_03690"
2	2	1	"FN1873"	"C4N14_03685"
2	2	1	"FN1874"	"C4N14_03680"
2	2	1	"FN1875"	"C4N14_03675"
2	2	1	"FN1876"	"C4N14_03670"
2	2	1	"FN1877"	"C4N14_03665"
2	2	1	"FN1878"	"C4N14_03660"
2	2	1	"FN1879"	"C4N14_03655"
2	2	1	"FN1880"	"C4N14_03650"
2	2	1	"FN1881"	"C4N14_03645"
2	2	1	"FN1884"	"C4N14_03640"
2	2	1	"FN1885"	"C4N14_03635"
2	2	1	"FN1886"	"C4N14_03630"
2	2	1	"FN1887"	"C4N14_03625"
2	2	1	"FN1890"	"C4N14_03620"
2	2	1	"FN1891"	"C4N14_03615"
2	2	1	"FN1893"	"C4N14_03610"
2	2	1	"FN1894"	"C4N14_03605"
2	2	1	"FN1895"	"C4N14_03600"
2	2	1	"FN1896"	"C4N14_03595"
2	2	1	"FN1897"	"C4N14_03590"
2	2	1	"FN1898"	"C4N14_03585"
2	2	1	"FN1899"	"C4N14_03580"
2	2	1	"FN1900"	"C4N14_03575"
2	2	1	"FN1901"	"C4N14_03570"
2	2	1	"FN1902"	"C4N14_03565"
2	2	1	"FN1903"	"C4N14_03560"
2	2	1	"FN1904"	"C4N14_03555"
2	2	1	"FN1905"	"C4N14_03550"
2	2	1	"FN1906"	"C4N14_03545"
2	2	1	"FN1907"	"C4N14_03540"
2	2	1	"FN1908"	"C4N14_03535"
2	2	1	"FN1909"	"C4N14_03530"
2	2	1	"FN1910"	"C4N14_03525"
2	2	1	"FN1911"	"C4N14_03520"
2	2	1	"FN1912"	"C4N14_03515"
2	2	1	"FN1913"	"C4N14_03510"
2	2	1	"FN1914"	"C4N14_03505"
2	2	1	"FN1915"	"C4N14_03500"
2	2	1	"FN1916"	"C4N14_03495"
2	2	1	"FN1917"	"C4N14_03490"
2	2	1	"FN1918"	"C4N14_03485"
2	2	1	"FN1919"	"C4N14_03480"
2	2	1	"FN1920"	"C4N14_03475"
2	2	1	"FN1921"	"C4N14_03470"
2	2	1	"FN1922"	"C4N14_03465"
2	2	1	"FN1923"	"C4N14_03460"
2	2	1	"FN1924"	"C4N14_03455"
2	2	1	"FN1925"	"C4N14_03450"
2	2	1	"FN1926"	"C4N14_03445"
2	2	1	"FN1927"	"C4N14_03440"
2	2	1	"FN1928"	"C4N14_03435"
2	2	1	"FN1929"	"C4N14_03430"
2	2	1	"FN1930"	"C4N14_03425"
2	2	1	"FN1931"	"C4N14_03420"
2	2	1	"FN1932"	"C4N14_03415"
2	2	1	"FN1935"	"C4N14_03380"
2	2	1	"FN1936"	"C4N14_03375"
2	2	1	"FN1938"	"C4N14_03370"
2	2	1	"FN1939"	"C4N14_03365"
2	2	1	"FN1940"	"C4N14_03360"
2	2	1	"FN1941"	"C4N14_03355"
2	2	1	"FN1942"	"C4N14_03350"
2	2	1	"FN1943"	"C4N14_03345"
2	2	1	"FN1944"	"C4N14_03340"
2	2	1	"FN1948"	"C4N14_03320"
2	2	1	"FN1949"	"C4N14_03315"
2	2	1	"FN1950"	"C4N14_03310"
2	2	1	"FN1951"	"C4N14_03305"
2	2	1	"FN1952"	"C4N14_03300"
2	2	1	"FN1953"	"C4N14_03295"
2	2	1	"FN1954"	"C4N14_03290"
2	2	1	"FN1956"	"C4N14_03285"
2	2	1	"FN1957"	"C4N14_03280"
2	2	1	"FN1964"	"C4N14_03245"
2	2	1	"FN1965"	"C4N14_03240"
2	2	1	"FN1966"	"C4N14_03235"
2	2	1	"FN1967"	"C4N14_03230"
2	2	1	"FN1968"	"C4N14_03225"
2	2	1	"FN1969"	"C4N14_03220"
2	2	1	"FN1970"	"C4N14_03215"
2	2	1	"FN1971"	"C4N14_03205"
2	2	1	"FN1973"	"C4N14_03155"
2	2	1	"FN1974"	"C4N14_03150"
2	2	1	"FN1975"	"C4N14_03145"
2	2	1	"FN1976"	"C4N14_03140"
2	2	1	"FN1977"	"C4N14_03135"
2	2	1	"FN1978"	"C4N14_03130"
2	2	1	"FN1979"	"C4N14_03125"
2	2	1	"FN1980"	"C4N14_03120"
2	2	1	"FN1981"	"C4N14_03115"
2	2	1	"FN1982"	"C4N14_03110"
2	2	1	"FN1983"	"C4N14_03105"
2	2	1	"FN1984"	"C4N14_03100"
2	2	1	"FN1985"	"C4N14_03095"
2	2	1	"FN1986"	"C4N14_03090"
2	2	1	"FN1987"	"C4N14_03085"
2	2	1	"FN1988"	"C4N14_03080"
2	2	1	"FN1989"	"C4N14_03075"
2	2	1	"FN1990"	"C4N14_03070"
2	2	1	"FN1991"	"C4N14_03065"
2	2	1	"FN1992"	"C4N14_03060"
2	2	1	"FN1993"	"C4N14_03055"
2	2	1	"FN1994"	"C4N14_03050"
2	2	1	"FN1995"	"C4N14_03045"
2	2	1	"FN1996"	"C4N14_03040"
2	2	1	"FN1997"	"C4N14_03035"
2	2	1	"FN1999"	"C4N14_03030"
2	2	1	"FN2001"	"C4N14_03025"
2	2	1	"FN2002"	"C4N14_03020"
2	2	1	"FN2003"	"C4N14_03015"
2	2	1	"FN2004"	"C4N14_03010"
2	2	1	"FN2005"	"C4N14_03005"
2	2	1	"FN2006"	"C4N14_03000"
2	2	1	"FN2007"	"C4N14_02995"
2	2	1	"FN2008"	"C4N14_02950"
2	2	1	"FN2009"	"C4N14_02945"
2	2	1	"FN2010"	"C4N14_02940"
2	2	1	"FN2011"	"C4N14_02935"
2	2	1	"FN2012"	"C4N14_02930"
2	2	1	"FN2013"	"C4N14_02925"
2	2	1	"FN2014"	"C4N14_02920"
2	2	1	"FN2015"	"C4N14_02915"
2	2	1	"FN2016"	"C4N14_02910"
2	2	1	"FN2017"	"C4N14_02905"
2	2	1	"FN2018"	"C4N14_02900"
2	2	1	"FN2019"	"C4N14_02895"
2	2	1	"FN2020"	"C4N14_02890"
2	2	1	"FN2021"	"C4N14_02885"
2	2	1	"FN2022"	"C4N14_02880"
2	2	1	"FN2023"	"C4N14_02875"
2	2	1	"FN2029"	"C4N14_01825"
2	2	1	"FN2030"	"C4N14_01830"
2	2	1	"FN2031"	"C4N14_01835"
2	2	1	"FN2032"	"C4N14_01840"
2	2	1	"FN2033"	"C4N14_01845"
2	2	1	"FN2034"	"C4N14_01850"
2	2	1	"FN2035"	"C4N14_01855"
2	2	1	"FN2036"	"C4N14_01860"
2	2	1	"FN2037"	"C4N14_01865"
2	2	1	"FN2038"	"C4N14_01870"
2	2	1	"FN2039"	"C4N14_01875"
2	2	1	"FN2040"	"C4N14_01880"
2	2	1	"FN2041"	"C4N14_01885"
2	2	1	"FN2042"	"C4N14_01890"
2	2	1	"FN2044"	"C4N14_01900"
2	2	1	"FN2045"	"C4N14_01905"
2	2	1	"FN2046"	"C4N14_01910"
2	2	1	"FN2047"	"C4N14_01915"
2	2	1	"FN2053"	"C4N14_01945"
2	2	1	"FN2054"	"C4N14_01950"
2	2	1	"FN2055"	"C4N14_01955"
2	2	1	"FN2058"	"C4N14_01960"
2	2	1	"FN2064"	"C4N14_01995"
2	2	1	"FN2065"	"C4N14_02000"
2	2	1	"FN2066"	"C4N14_02005"
2	2	1	"FN2067"	"C4N14_02015"
2	2	1	"FN2068"	"C4N14_02020"
2	2	1	"FN2069"	"C4N14_02025"
2	2	1	"FN2070"	"C4N14_02030"
2	2	1	"FN2071"	"C4N14_02035"
2	2	1	"FN2072"	"C4N14_02040"
2	2	1	"FN2073"	"C4N14_02045"
2	2	1	"FN2077"	"C4N14_02050"
2	2	1	"FN2078"	"C4N14_02055"
2	2	1	"FN2079"	"C4N14_02060"
2	2	1	"FN2080"	"C4N14_02065"
2	2	1	"FN2081"	"C4N14_02070"
2	2	1	"FN2082"	"C4N14_02080"
2	2	1	"FN2083"	"C4N14_02085"
2	2	1	"FN2084"	"C4N14_02090"
2	2	1	"FN2085"	"C4N14_02095"
2	2	1	"FN2086"	"C4N14_02100"
2	2	1	"FN2087"	"C4N14_02105"
2	2	1	"FN2088"	"C4N14_02110"
2	2	1	"FN2089"	"C4N14_02115"
2	2	1	"FN2090"	"C4N14_02120"
2	2	1	"FN2091"	"C4N14_02125"
2	2	1	"FN2092"	"C4N14_02130"
2	2	1	"FN2093"	"C4N14_02135"
2	2	1	"FN2094"	"C4N14_02140"
2	2	1	"FN2095"	"C4N14_02145"
2	2	1	"FN2096"	"C4N14_02150"
2	2	1	"FN2097"	"C4N14_02155"
2	2	1	"FN2098"	"C4N14_02160"
2	2	1	"FN2099"	"C4N14_02165"
2	2	1	"FN2100"	"C4N14_02170"
2	2	1	"FN2101"	"C4N14_02175"
2	2	1	"FN2102"	"C4N14_02180"
2	2	1	"FN2103"	"C4N14_02185"
2	2	1	"FN2104"	"C4N14_02190"
2	2	1	"FN2105"	"C4N14_02195"
2	2	1	"FN2106"	"C4N14_02200"
2	2	1	"FN2107"	"C4N14_02205"
2	2	1	"FN2108"	"C4N14_02210"
2	2	1	"FN2109"	"C4N14_02215"
2	2	1	"FN2114"	"C4N14_02290"
2	2	1	"FN2120"	"C4N14_02300"
2	2	1	"FN2121"	"C4N14_02305"
2	2	1	"FN2122"	"C4N14_02310"
2	2	1	"FN2123"	"C4N14_02315"
2	2	1	"FN2124"	"C4N14_02320"
2	2	1	"FN2125"	"C4N14_02325"
2	2	1	"FN2126"	"C4N14_02330"
2	2	1	"FN2127"	"C4N14_02335"
2	2	1	"FN2128"	"C4N14_02340"
2	2	1	"FN2129"	"C4N14_02345"
