"# Species"	"Genes"	"Alg.-Conn."	"CDS_FNN_Falk"	"FNV_A2_CDS"
2	2	1	"C4N14_00005"	"HMPREF0946_RS09290"
2	2	1	"C4N14_00010"	"HMPREF0946_RS09295"
2	2	1	"C4N14_00015"	"HMPREF0946_RS09300"
2	2	1	"C4N14_00020"	"HMPREF0946_RS09305"
2	2	1	"C4N14_00025"	"HMPREF0946_RS09310"
2	2	1	"C4N14_00030"	"HMPREF0946_RS09315"
2	2	1	"C4N14_00035"	"HMPREF0946_RS09320"
2	2	1	"C4N14_00040"	"HMPREF0946_RS09325"
2	2	1	"C4N14_00045"	"HMPREF0946_RS09330"
2	2	1	"C4N14_00050"	"HMPREF0946_RS09335"
2	2	1	"C4N14_00055"	"HMPREF0946_RS09340"
2	2	1	"C4N14_00060"	"HMPREF0946_RS09345"
2	2	1	"C4N14_00065"	"HMPREF0946_RS09350"
2	2	1	"C4N14_00070"	"HMPREF0946_RS09355"
2	2	1	"C4N14_00075"	"HMPREF0946_RS09360"
2	2	1	"C4N14_00085"	"HMPREF0946_RS09365"
2	2	1	"C4N14_00105"	"HMPREF0946_RS09370"
2	2	1	"C4N14_00110"	"HMPREF0946_RS09375"
2	2	1	"C4N14_00115"	"HMPREF0946_RS09380"
2	2	1	"C4N14_00120"	"HMPREF0946_RS09385"
2	2	1	"C4N14_00125"	"HMPREF0946_RS09390"
2	2	1	"C4N14_00140"	"HMPREF0946_RS09395"
2	2	1	"C4N14_00145"	"HMPREF0946_RS09400"
2	2	1	"C4N14_00150"	"HMPREF0946_RS09405"
2	2	1	"C4N14_00155"	"HMPREF0946_RS09410"
2	2	1	"C4N14_00160"	"HMPREF0946_RS09415"
2	2	1	"C4N14_00165"	"HMPREF0946_RS09420"
2	2	1	"C4N14_00170"	"HMPREF0946_RS09425"
2	2	1	"C4N14_00175"	"HMPREF0946_RS09430"
2	2	1	"C4N14_00180"	"HMPREF0946_RS09435"
2	2	1	"C4N14_00190"	"HMPREF0946_RS09440"
2	2	1	"C4N14_00195"	"HMPREF0946_RS09445"
2	2	1	"C4N14_00200"	"HMPREF0946_RS09450"
2	2	1	"C4N14_00205"	"HMPREF0946_RS09455"
2	2	1	"C4N14_00210"	"HMPREF0946_RS09460"
2	2	1	"C4N14_00215"	"HMPREF0946_RS09465"
2	2	1	"C4N14_00220"	"HMPREF0946_RS09470"
2	2	1	"C4N14_00225"	"HMPREF0946_RS09475"
2	2	1	"C4N14_00230"	"HMPREF0946_RS09480"
2	2	1	"C4N14_00235"	"HMPREF0946_RS09485"
2	2	1	"C4N14_00240"	"HMPREF0946_RS09490"
2	2	1	"C4N14_00245"	"HMPREF0946_RS09495"
2	2	1	"C4N14_00250"	"HMPREF0946_RS09500"
2	2	1	"C4N14_00255"	"HMPREF0946_RS09505"
2	2	1	"C4N14_00260"	"HMPREF0946_RS09510"
2	2	1	"C4N14_00265"	"HMPREF0946_RS09515"
2	2	1	"C4N14_00270"	"HMPREF0946_RS09520"
2	2	1	"C4N14_00275"	"HMPREF0946_RS09525"
2	2	1	"C4N14_00280"	"HMPREF0946_RS09530"
2	2	1	"C4N14_00305"	"HMPREF0946_RS01350"
2	2	1	"C4N14_00310"	"HMPREF0946_RS01340"
2	2	1	"C4N14_00315"	"HMPREF0946_RS01335"
2	2	1	"C4N14_00320"	"HMPREF0946_RS01330"
2	2	1	"C4N14_00325"	"HMPREF0946_RS01325"
2	2	1	"C4N14_00330"	"HMPREF0946_RS01320"
2	2	1	"C4N14_00360"	"HMPREF0946_RS01315"
2	2	1	"C4N14_00365"	"HMPREF0946_RS01310"
2	2	1	"C4N14_00370"	"HMPREF0946_RS01305"
2	2	1	"C4N14_00375"	"HMPREF0946_RS01300"
2	2	1	"C4N14_00380"	"HMPREF0946_RS01295"
2	2	1	"C4N14_00445"	"HMPREF0946_RS01230"
2	2	1	"C4N14_00450"	"HMPREF0946_RS01225"
2	2	1	"C4N14_00455"	"HMPREF0946_RS01220"
2	2	1	"C4N14_00460"	"HMPREF0946_RS01215"
2	2	1	"C4N14_00465"	"HMPREF0946_RS01210"
2	2	1	"C4N14_00470"	"HMPREF0946_RS01205"
2	2	1	"C4N14_00475"	"HMPREF0946_RS01195"
2	2	1	"C4N14_00480"	"HMPREF0946_RS01190"
2	2	1	"C4N14_00485"	"HMPREF0946_RS01185"
2	2	1	"C4N14_00490"	"HMPREF0946_RS01180"
2	2	1	"C4N14_00495"	"HMPREF0946_RS01175"
2	2	1	"C4N14_00500"	"HMPREF0946_RS01170"
2	2	1	"C4N14_00505"	"HMPREF0946_RS01165"
2	2	1	"C4N14_00515"	"HMPREF0946_RS01155"
2	2	1	"C4N14_00520"	"HMPREF0946_RS01150"
2	2	1	"C4N14_00525"	"HMPREF0946_RS01145"
2	2	1	"C4N14_00530"	"HMPREF0946_RS01140"
2	2	1	"C4N14_00535"	"HMPREF0946_RS01135"
2	2	1	"C4N14_00540"	"HMPREF0946_RS01130"
2	2	1	"C4N14_00545"	"HMPREF0946_RS01125"
2	2	1	"C4N14_00560"	"HMPREF0946_RS01120"
2	2	1	"C4N14_00565"	"HMPREF0946_RS01115"
2	2	1	"C4N14_00575"	"HMPREF0946_RS01595"
2	2	1	"C4N14_00585"	"HMPREF0946_RS01590"
2	2	1	"C4N14_00590"	"HMPREF0946_RS01585"
2	2	1	"C4N14_00595"	"HMPREF0946_RS01575"
2	2	1	"C4N14_00600"	"HMPREF0946_RS01570"
2	2	1	"C4N14_00605"	"HMPREF0946_RS01565"
2	2	1	"C4N14_00610"	"HMPREF0946_RS01555"
2	2	1	"C4N14_00615"	"HMPREF0946_RS01550"
2	2	1	"C4N14_00620"	"HMPREF0946_RS01545"
2	2	1	"C4N14_00625"	"HMPREF0946_RS01540"
2	2	1	"C4N14_00630"	"HMPREF0946_RS01455"
2	2	1	"C4N14_00635"	"HMPREF0946_RS01450"
2	2	1	"C4N14_00645"	"HMPREF0946_RS01385"
2	2	1	"C4N14_00655"	"HMPREF0946_RS01375"
2	2	1	"C4N14_00660"	"HMPREF0946_RS01370"
2	2	1	"C4N14_00665"	"HMPREF0946_RS01365"
2	2	1	"C4N14_00670"	"HMPREF0946_RS01360"
2	2	1	"C4N14_00675"	"HMPREF0946_RS01355"
2	2	1	"C4N14_00680"	"HMPREF0946_RS09540"
2	2	1	"C4N14_00685"	"HMPREF0946_RS09545"
2	2	1	"C4N14_00690"	"HMPREF0946_RS09550"
2	2	1	"C4N14_00695"	"HMPREF0946_RS09555"
2	2	1	"C4N14_00700"	"HMPREF0946_RS09560"
2	2	1	"C4N14_00705"	"HMPREF0946_RS09565"
2	2	1	"C4N14_00710"	"HMPREF0946_RS09570"
2	2	1	"C4N14_00715"	"HMPREF0946_RS09575"
2	2	1	"C4N14_00720"	"HMPREF0946_RS09580"
2	2	1	"C4N14_00725"	"HMPREF0946_RS09585"
2	2	1	"C4N14_00730"	"HMPREF0946_RS09590"
2	2	1	"C4N14_00735"	"HMPREF0946_RS09595"
2	2	1	"C4N14_00740"	"HMPREF0946_RS09600"
2	2	1	"C4N14_00745"	"HMPREF0946_RS09605"
2	2	1	"C4N14_00750"	"HMPREF0946_RS09610"
2	2	1	"C4N14_00755"	"HMPREF0946_RS09615"
2	2	1	"C4N14_00760"	"HMPREF0946_RS09620"
2	2	1	"C4N14_00765"	"HMPREF0946_RS09625"
2	2	1	"C4N14_00770"	"HMPREF0946_RS09630"
2	2	1	"C4N14_00775"	"HMPREF0946_RS09635"
2	2	1	"C4N14_00780"	"HMPREF0946_RS09640"
2	2	1	"C4N14_00785"	"HMPREF0946_RS09645"
2	2	1	"C4N14_00790"	"HMPREF0946_RS09650"
2	2	1	"C4N14_00795"	"HMPREF0946_RS09670"
2	2	1	"C4N14_00800"	"HMPREF0946_RS09675"
2	2	1	"C4N14_00805"	"HMPREF0946_RS09680"
2	2	1	"C4N14_00810"	"HMPREF0946_RS09685"
2	2	1	"C4N14_00815"	"HMPREF0946_RS09690"
2	2	1	"C4N14_00820"	"HMPREF0946_RS09695"
2	2	1	"C4N14_00825"	"HMPREF0946_RS10970"
2	2	1	"C4N14_00830"	"HMPREF0946_RS09705"
2	2	1	"C4N14_00840"	"HMPREF0946_RS09710"
2	2	1	"C4N14_00845"	"HMPREF0946_RS09715"
2	2	1	"C4N14_00850"	"HMPREF0946_RS09720"
2	2	1	"C4N14_00855"	"HMPREF0946_RS09725"
2	2	1	"C4N14_00860"	"HMPREF0946_RS09730"
2	2	1	"C4N14_00875"	"HMPREF0946_RS09740"
2	2	1	"C4N14_00880"	"HMPREF0946_RS09745"
2	2	1	"C4N14_00885"	"HMPREF0946_RS09750"
2	2	1	"C4N14_00890"	"HMPREF0946_RS09755"
2	2	1	"C4N14_01010"	"HMPREF0946_RS09840"
2	2	1	"C4N14_01020"	"HMPREF0946_RS11645"
2	2	1	"C4N14_01035"	"HMPREF0946_RS09860"
2	2	1	"C4N14_01040"	"HMPREF0946_RS09865"
2	2	1	"C4N14_01045"	"HMPREF0946_RS09870"
2	2	1	"C4N14_01050"	"HMPREF0946_RS09875"
2	2	1	"C4N14_01055"	"HMPREF0946_RS09880"
2	2	1	"C4N14_01060"	"HMPREF0946_RS09885"
2	2	1	"C4N14_01065"	"HMPREF0946_RS09890"
2	2	1	"C4N14_01070"	"HMPREF0946_RS09895"
2	2	1	"C4N14_01075"	"HMPREF0946_RS09900"
2	2	1	"C4N14_01085"	"HMPREF0946_RS09910"
2	2	1	"C4N14_01165"	"HMPREF0946_RS09915"
2	2	1	"C4N14_01170"	"HMPREF0946_RS09920"
2	2	1	"C4N14_01175"	"HMPREF0946_RS09925"
2	2	1	"C4N14_01180"	"HMPREF0946_RS09930"
2	2	1	"C4N14_01185"	"HMPREF0946_RS09935"
2	2	1	"C4N14_01190"	"HMPREF0946_RS09940"
2	2	1	"C4N14_01195"	"HMPREF0946_RS09945"
2	2	1	"C4N14_01200"	"HMPREF0946_RS09950"
2	2	1	"C4N14_01205"	"HMPREF0946_RS09955"
2	2	1	"C4N14_01210"	"HMPREF0946_RS09960"
2	2	1	"C4N14_01215"	"HMPREF0946_RS09965"
2	2	1	"C4N14_01220"	"HMPREF0946_RS09970"
2	2	1	"C4N14_01225"	"HMPREF0946_RS09975"
2	2	1	"C4N14_01230"	"HMPREF0946_RS09980"
2	2	1	"C4N14_01235"	"HMPREF0946_RS09985"
2	2	1	"C4N14_01240"	"HMPREF0946_RS09990"
2	2	1	"C4N14_01245"	"HMPREF0946_RS09995"
2	2	1	"C4N14_01250"	"HMPREF0946_RS10000"
2	2	1	"C4N14_01255"	"HMPREF0946_RS10005"
2	2	1	"C4N14_01260"	"HMPREF0946_RS10010"
2	2	1	"C4N14_01265"	"HMPREF0946_RS10015"
2	2	1	"C4N14_01275"	"HMPREF0946_RS10025"
2	2	1	"C4N14_01280"	"HMPREF0946_RS10030"
2	2	1	"C4N14_01285"	"HMPREF0946_RS10035"
2	2	1	"C4N14_01330"	"HMPREF0946_RS10040"
2	2	1	"C4N14_01335"	"HMPREF0946_RS10045"
2	2	1	"C4N14_01340"	"HMPREF0946_RS10050"
2	2	1	"C4N14_01345"	"HMPREF0946_RS10055"
2	2	1	"C4N14_01350"	"HMPREF0946_RS10060"
2	2	1	"C4N14_01355"	"HMPREF0946_RS10065"
2	2	1	"C4N14_01360"	"HMPREF0946_RS10070"
2	2	1	"C4N14_01365"	"HMPREF0946_RS10075"
2	2	1	"C4N14_01385"	"HMPREF0946_RS00780"
2	2	1	"C4N14_01390"	"HMPREF0946_RS00775"
2	2	1	"C4N14_01395"	"HMPREF0946_RS00770"
2	2	1	"C4N14_01470"	"HMPREF0946_RS00695"
2	2	1	"C4N14_01475"	"HMPREF0946_RS00690"
2	2	1	"C4N14_01480"	"HMPREF0946_RS00685"
2	2	1	"C4N14_01485"	"HMPREF0946_RS00680"
2	2	1	"C4N14_01490"	"HMPREF0946_RS00675"
2	2	1	"C4N14_01500"	"HMPREF0946_RS00655"
2	2	1	"C4N14_01505"	"HMPREF0946_RS00650"
2	2	1	"C4N14_01510"	"HMPREF0946_RS00645"
2	2	1	"C4N14_01515"	"HMPREF0946_RS00640"
2	2	1	"C4N14_01520"	"HMPREF0946_RS00635"
2	2	1	"C4N14_01525"	"HMPREF0946_RS00630"
2	2	1	"C4N14_01530"	"HMPREF0946_RS00625"
2	2	1	"C4N14_01535"	"HMPREF0946_RS00620"
2	2	1	"C4N14_01555"	"HMPREF0946_RS00610"
2	2	1	"C4N14_01560"	"HMPREF0946_RS00605"
2	2	1	"C4N14_01565"	"HMPREF0946_RS00600"
2	2	1	"C4N14_01570"	"HMPREF0946_RS00595"
2	2	1	"C4N14_01575"	"HMPREF0946_RS00590"
2	2	1	"C4N14_01600"	"HMPREF0946_RS10245"
2	2	1	"C4N14_01605"	"HMPREF0946_RS10250"
2	2	1	"C4N14_01610"	"HMPREF0946_RS10255"
2	2	1	"C4N14_01615"	"HMPREF0946_RS10260"
2	2	1	"C4N14_01620"	"HMPREF0946_RS10265"
2	2	1	"C4N14_01625"	"HMPREF0946_RS10270"
2	2	1	"C4N14_01630"	"HMPREF0946_RS10275"
2	2	1	"C4N14_01635"	"HMPREF0946_RS10280"
2	2	1	"C4N14_01650"	"HMPREF0946_RS01645"
2	2	1	"C4N14_01655"	"HMPREF0946_RS01640"
2	2	1	"C4N14_01660"	"HMPREF0946_RS10285"
2	2	1	"C4N14_01665"	"HMPREF0946_RS10290"
2	2	1	"C4N14_01670"	"HMPREF0946_RS10295"
2	2	1	"C4N14_01675"	"HMPREF0946_RS10300"
2	2	1	"C4N14_01695"	"HMPREF0946_RS10320"
2	2	1	"C4N14_01710"	"HMPREF0946_RS10330"
2	2	1	"C4N14_01715"	"HMPREF0946_RS10335"
2	2	1	"C4N14_01725"	"HMPREF0946_RS10340"
2	2	1	"C4N14_01730"	"HMPREF0946_RS10350"
2	2	1	"C4N14_01735"	"HMPREF0946_RS10355"
2	2	1	"C4N14_01740"	"HMPREF0946_RS10360"
2	2	1	"C4N14_01745"	"HMPREF0946_RS10365"
2	2	1	"C4N14_01750"	"HMPREF0946_RS10370"
2	2	1	"C4N14_01755"	"HMPREF0946_RS10375"
2	2	1	"C4N14_01760"	"HMPREF0946_RS10380"
2	2	1	"C4N14_01780"	"HMPREF0946_RS10385"
2	2	1	"C4N14_01785"	"HMPREF0946_RS10390"
2	2	1	"C4N14_01790"	"HMPREF0946_RS10395"
2	2	1	"C4N14_01795"	"HMPREF0946_RS10400"
2	2	1	"C4N14_01800"	"HMPREF0946_RS10405"
2	2	1	"C4N14_01825"	"HMPREF0946_RS10440"
2	2	1	"C4N14_01830"	"HMPREF0946_RS10445"
2	2	1	"C4N14_01835"	"HMPREF0946_RS10450"
2	2	1	"C4N14_01840"	"HMPREF0946_RS10455"
2	2	1	"C4N14_01845"	"HMPREF0946_RS10460"
2	2	1	"C4N14_01850"	"HMPREF0946_RS10465"
2	2	1	"C4N14_01855"	"HMPREF0946_RS10470"
2	2	1	"C4N14_01860"	"HMPREF0946_RS10475"
2	2	1	"C4N14_01865"	"HMPREF0946_RS10480"
2	2	1	"C4N14_01870"	"HMPREF0946_RS10485"
2	2	1	"C4N14_01875"	"HMPREF0946_RS10490"
2	2	1	"C4N14_01880"	"HMPREF0946_RS10495"
2	2	1	"C4N14_01885"	"HMPREF0946_RS10500"
2	2	1	"C4N14_01890"	"HMPREF0946_RS10505"
2	2	1	"C4N14_01900"	"HMPREF0946_RS10515"
2	2	1	"C4N14_01905"	"HMPREF0946_RS10525"
2	2	1	"C4N14_01945"	"HMPREF0946_RS10535"
2	2	1	"C4N14_01950"	"HMPREF0946_RS10540"
2	2	1	"C4N14_01955"	"HMPREF0946_RS02765"
2	2	1	"C4N14_01995"	"HMPREF0946_RS10580"
2	2	1	"C4N14_02000"	"HMPREF0946_RS10585"
2	2	1	"C4N14_02005"	"HMPREF0946_RS10590"
2	2	1	"C4N14_02015"	"HMPREF0946_RS10595"
2	2	1	"C4N14_02020"	"HMPREF0946_RS10600"
2	2	1	"C4N14_02025"	"HMPREF0946_RS10605"
2	2	1	"C4N14_02030"	"HMPREF0946_RS10610"
2	2	1	"C4N14_02040"	"HMPREF0946_RS00235"
2	2	1	"C4N14_02045"	"HMPREF0946_RS00230"
2	2	1	"C4N14_02050"	"HMPREF0946_RS00225"
2	2	1	"C4N14_02080"	"HMPREF0946_RS00220"
2	2	1	"C4N14_02085"	"HMPREF0946_RS00215"
2	2	1	"C4N14_02090"	"HMPREF0946_RS00210"
2	2	1	"C4N14_02095"	"HMPREF0946_RS00205"
2	2	1	"C4N14_02100"	"HMPREF0946_RS00195"
2	2	1	"C4N14_02105"	"HMPREF0946_RS00190"
2	2	1	"C4N14_02110"	"HMPREF0946_RS00185"
2	2	1	"C4N14_02120"	"HMPREF0946_RS00175"
2	2	1	"C4N14_02125"	"HMPREF0946_RS00170"
2	2	1	"C4N14_02130"	"HMPREF0946_RS00165"
2	2	1	"C4N14_02135"	"HMPREF0946_RS00160"
2	2	1	"C4N14_02140"	"HMPREF0946_RS00155"
2	2	1	"C4N14_02145"	"HMPREF0946_RS00150"
2	2	1	"C4N14_02150"	"HMPREF0946_RS00145"
2	2	1	"C4N14_02155"	"HMPREF0946_RS00140"
2	2	1	"C4N14_02160"	"HMPREF0946_RS00135"
2	2	1	"C4N14_02165"	"HMPREF0946_RS00130"
2	2	1	"C4N14_02170"	"HMPREF0946_RS00125"
2	2	1	"C4N14_02175"	"HMPREF0946_RS00120"
2	2	1	"C4N14_02180"	"HMPREF0946_RS00115"
2	2	1	"C4N14_02185"	"HMPREF0946_RS00110"
2	2	1	"C4N14_02190"	"HMPREF0946_RS00105"
2	2	1	"C4N14_02195"	"HMPREF0946_RS00100"
2	2	1	"C4N14_02200"	"HMPREF0946_RS00095"
2	2	1	"C4N14_02205"	"HMPREF0946_RS00090"
2	2	1	"C4N14_02210"	"HMPREF0946_RS00085"
2	2	1	"C4N14_02215"	"HMPREF0946_RS00080"
2	2	1	"C4N14_02305"	"HMPREF0946_RS00050"
2	2	1	"C4N14_02310"	"HMPREF0946_RS00045"
2	2	1	"C4N14_02315"	"HMPREF0946_RS00040"
2	2	1	"C4N14_02320"	"HMPREF0946_RS00035"
2	2	1	"C4N14_02325"	"HMPREF0946_RS00030"
2	2	1	"C4N14_02330"	"HMPREF0946_RS00025"
2	2	1	"C4N14_02335"	"HMPREF0946_RS00020"
2	2	1	"C4N14_02340"	"HMPREF0946_RS00015"
2	2	1	"C4N14_02345"	"HMPREF0946_RS00010"
2	2	1	"C4N14_02350"	"HMPREF0946_RS00005"
2	2	1	"C4N14_02355"	"HMPREF0946_RS10910"
2	2	1	"C4N14_02360"	"HMPREF0946_RS10905"
2	2	1	"C4N14_02365"	"HMPREF0946_RS10900"
2	2	1	"C4N14_02370"	"HMPREF0946_RS10895"
2	2	1	"C4N14_02375"	"HMPREF0946_RS10890"
2	2	1	"C4N14_02380"	"HMPREF0946_RS10885"
2	2	1	"C4N14_02385"	"HMPREF0946_RS10880"
2	2	1	"C4N14_02390"	"HMPREF0946_RS10870"
2	2	1	"C4N14_02395"	"HMPREF0946_RS10865"
2	2	1	"C4N14_02400"	"HMPREF0946_RS10860"
2	2	1	"C4N14_02405"	"HMPREF0946_RS10855"
2	2	1	"C4N14_02410"	"HMPREF0946_RS10850"
2	2	1	"C4N14_02415"	"HMPREF0946_RS10845"
2	2	1	"C4N14_02420"	"HMPREF0946_RS10840"
2	2	1	"C4N14_02425"	"HMPREF0946_RS10835"
2	2	1	"C4N14_02440"	"HMPREF0946_RS10825"
2	2	1	"C4N14_02445"	"HMPREF0946_RS10820"
2	2	1	"C4N14_02450"	"HMPREF0946_RS10815"
2	2	1	"C4N14_02455"	"HMPREF0946_RS10810"
2	2	1	"C4N14_02460"	"HMPREF0946_RS10805"
2	2	1	"C4N14_02480"	"HMPREF0946_RS10795"
2	2	1	"C4N14_02485"	"HMPREF0946_RS10790"
2	2	1	"C4N14_02495"	"HMPREF0946_RS10785"
2	2	1	"C4N14_02515"	"HMPREF0946_RS10770"
2	2	1	"C4N14_02525"	"HMPREF0946_RS10755"
2	2	1	"C4N14_02530"	"HMPREF0946_RS10750"
2	2	1	"C4N14_02535"	"HMPREF0946_RS10745"
2	2	1	"C4N14_02540"	"HMPREF0946_RS10740"
2	2	1	"C4N14_02545"	"HMPREF0946_RS10735"
2	2	1	"C4N14_02555"	"HMPREF0946_RS10725"
2	2	1	"C4N14_02560"	"HMPREF0946_RS10720"
2	2	1	"C4N14_02565"	"HMPREF0946_RS10715"
2	2	1	"C4N14_02570"	"HMPREF0946_RS10710"
2	2	1	"C4N14_02575"	"HMPREF0946_RS10705"
2	2	1	"C4N14_02585"	"HMPREF0946_RS10690"
2	2	1	"C4N14_02595"	"HMPREF0946_RS10685"
2	2	1	"C4N14_02600"	"HMPREF0946_RS10680"
2	2	1	"C4N14_02605"	"HMPREF0946_RS10675"
2	2	1	"C4N14_02615"	"HMPREF0946_RS10660"
2	2	1	"C4N14_02620"	"HMPREF0946_RS10655"
2	2	1	"C4N14_02625"	"HMPREF0946_RS10650"
2	2	1	"C4N14_02630"	"HMPREF0946_RS10645"
2	2	1	"C4N14_02635"	"HMPREF0946_RS10640"
2	2	1	"C4N14_02640"	"HMPREF0946_RS10635"
2	2	1	"C4N14_02645"	"HMPREF0946_RS10630"
2	2	1	"C4N14_02660"	"HMPREF0946_RS00240"
2	2	1	"C4N14_02665"	"HMPREF0946_RS00245"
2	2	1	"C4N14_02670"	"HMPREF0946_RS00250"
2	2	1	"C4N14_02675"	"HMPREF0946_RS00255"
2	2	1	"C4N14_02680"	"HMPREF0946_RS00260"
2	2	1	"C4N14_02690"	"HMPREF0946_RS00265"
2	2	1	"C4N14_02695"	"HMPREF0946_RS00270"
2	2	1	"C4N14_02740"	"HMPREF0946_RS00275"
2	2	1	"C4N14_02745"	"HMPREF0946_RS00280"
2	2	1	"C4N14_02750"	"HMPREF0946_RS00285"
2	2	1	"C4N14_02755"	"HMPREF0946_RS00290"
2	2	1	"C4N14_02760"	"HMPREF0946_RS00295"
2	2	1	"C4N14_02765"	"HMPREF0946_RS00300"
2	2	1	"C4N14_02770"	"HMPREF0946_RS00305"
2	2	1	"C4N14_02775"	"HMPREF0946_RS00310"
2	2	1	"C4N14_02780"	"HMPREF0946_RS00315"
2	2	1	"C4N14_02785"	"HMPREF0946_RS00320"
2	2	1	"C4N14_02790"	"HMPREF0946_RS00325"
2	2	1	"C4N14_02795"	"HMPREF0946_RS00330"
2	2	1	"C4N14_02800"	"HMPREF0946_RS00335"
2	2	1	"C4N14_02805"	"HMPREF0946_RS00340"
2	2	1	"C4N14_02810"	"HMPREF0946_RS00345"
2	2	1	"C4N14_02815"	"HMPREF0946_RS00350"
2	2	1	"C4N14_02820"	"HMPREF0946_RS00355"
2	2	1	"C4N14_02825"	"HMPREF0946_RS00360"
2	2	1	"C4N14_02830"	"HMPREF0946_RS00365"
2	2	1	"C4N14_02835"	"HMPREF0946_RS00370"
2	2	1	"C4N14_02840"	"HMPREF0946_RS00375"
2	2	1	"C4N14_02845"	"HMPREF0946_RS00380"
2	2	1	"C4N14_02875"	"HMPREF0946_RS00400"
2	2	1	"C4N14_02880"	"HMPREF0946_RS00405"
2	2	1	"C4N14_02885"	"HMPREF0946_RS00410"
2	2	1	"C4N14_02890"	"HMPREF0946_RS00415"
2	2	1	"C4N14_02895"	"HMPREF0946_RS00420"
2	2	1	"C4N14_02900"	"HMPREF0946_RS00425"
2	2	1	"C4N14_02905"	"HMPREF0946_RS00430"
2	2	1	"C4N14_02910"	"HMPREF0946_RS00435"
2	2	1	"C4N14_02915"	"HMPREF0946_RS00440"
2	2	1	"C4N14_02920"	"HMPREF0946_RS00445"
2	2	1	"C4N14_02925"	"HMPREF0946_RS00450"
2	2	1	"C4N14_02930"	"HMPREF0946_RS00455"
2	2	1	"C4N14_02935"	"HMPREF0946_RS00465"
2	2	1	"C4N14_02940"	"HMPREF0946_RS00470"
2	2	1	"C4N14_02945"	"HMPREF0946_RS00475"
2	2	1	"C4N14_02950"	"HMPREF0946_RS00480"
2	2	1	"C4N14_02975"	"HMPREF0946_RS07025"
2	2	1	"C4N14_02980"	"HMPREF0946_RS07030"
2	2	1	"C4N14_02985"	"HMPREF0946_RS07035"
2	2	1	"C4N14_02990"	"HMPREF0946_RS07040"
2	2	1	"C4N14_02995"	"HMPREF0946_RS00485"
2	2	1	"C4N14_03000"	"HMPREF0946_RS00490"
2	2	1	"C4N14_03005"	"HMPREF0946_RS00495"
2	2	1	"C4N14_03010"	"HMPREF0946_RS00500"
2	2	1	"C4N14_03015"	"HMPREF0946_RS00505"
2	2	1	"C4N14_03020"	"HMPREF0946_RS00510"
2	2	1	"C4N14_03025"	"HMPREF0946_RS00515"
2	2	1	"C4N14_03030"	"HMPREF0946_RS00520"
2	2	1	"C4N14_03035"	"HMPREF0946_RS00525"
2	2	1	"C4N14_03040"	"HMPREF0946_RS00530"
2	2	1	"C4N14_03045"	"HMPREF0946_RS00535"
2	2	1	"C4N14_03050"	"HMPREF0946_RS00540"
2	2	1	"C4N14_03055"	"HMPREF0946_RS00545"
2	2	1	"C4N14_03060"	"HMPREF0946_RS00550"
2	2	1	"C4N14_03065"	"HMPREF0946_RS00555"
2	2	1	"C4N14_03070"	"HMPREF0946_RS00560"
2	2	1	"C4N14_03075"	"HMPREF0946_RS00565"
2	2	1	"C4N14_03080"	"HMPREF0946_RS00570"
2	2	1	"C4N14_03085"	"HMPREF0946_RS00575"
2	2	1	"C4N14_03090"	"HMPREF0946_RS10225"
2	2	1	"C4N14_03095"	"HMPREF0946_RS10220"
2	2	1	"C4N14_03100"	"HMPREF0946_RS10215"
2	2	1	"C4N14_03105"	"HMPREF0946_RS10210"
2	2	1	"C4N14_03115"	"HMPREF0946_RS11500"
2	2	1	"C4N14_03120"	"HMPREF0946_RS10185"
2	2	1	"C4N14_03125"	"HMPREF0946_RS10180"
2	2	1	"C4N14_03130"	"HMPREF0946_RS10175"
2	2	1	"C4N14_03135"	"HMPREF0946_RS10170"
2	2	1	"C4N14_03140"	"HMPREF0946_RS10165"
2	2	1	"C4N14_03145"	"HMPREF0946_RS10160"
2	2	1	"C4N14_03150"	"HMPREF0946_RS10155"
2	2	1	"C4N14_03155"	"HMPREF0946_RS10150"
2	2	1	"C4N14_03180"	"HMPREF0946_RS09735"
2	2	1	"C4N14_03205"	"HMPREF0946_RS10095"
2	2	1	"C4N14_03215"	"HMPREF0946_RS10090"
2	2	1	"C4N14_03220"	"HMPREF0946_RS10085"
2	2	1	"C4N14_03225"	"HMPREF0946_RS10080"
2	2	1	"C4N14_03230"	"HMPREF0946_RS00795"
2	2	1	"C4N14_03235"	"HMPREF0946_RS00800"
2	2	1	"C4N14_03240"	"HMPREF0946_RS00830"
2	2	1	"C4N14_03245"	"HMPREF0946_RS00835"
2	2	1	"C4N14_03280"	"HMPREF0946_RS00870"
2	2	1	"C4N14_03290"	"HMPREF0946_RS00875"
2	2	1	"C4N14_03295"	"HMPREF0946_RS00880"
2	2	1	"C4N14_03305"	"HMPREF0946_RS00885"
2	2	1	"C4N14_03310"	"HMPREF0946_RS00890"
2	2	1	"C4N14_03315"	"HMPREF0946_RS00895"
2	2	1	"C4N14_03320"	"HMPREF0946_RS00900"
2	2	1	"C4N14_03340"	"HMPREF0946_RS00920"
2	2	1	"C4N14_03345"	"HMPREF0946_RS00925"
2	2	1	"C4N14_03350"	"HMPREF0946_RS00930"
2	2	1	"C4N14_03355"	"HMPREF0946_RS00935"
2	2	1	"C4N14_03360"	"HMPREF0946_RS00940"
2	2	1	"C4N14_03365"	"HMPREF0946_RS00945"
2	2	1	"C4N14_03370"	"HMPREF0946_RS00950"
2	2	1	"C4N14_03375"	"HMPREF0946_RS00955"
2	2	1	"C4N14_03385"	"HMPREF0946_RS00960"
2	2	1	"C4N14_03390"	"HMPREF0946_RS00965"
2	2	1	"C4N14_03415"	"HMPREF0946_RS00990"
2	2	1	"C4N14_03420"	"HMPREF0946_RS00995"
2	2	1	"C4N14_03425"	"HMPREF0946_RS01000"
2	2	1	"C4N14_03430"	"HMPREF0946_RS01005"
2	2	1	"C4N14_03435"	"HMPREF0946_RS01010"
2	2	1	"C4N14_03440"	"HMPREF0946_RS01015"
2	2	1	"C4N14_03445"	"HMPREF0946_RS01020"
2	2	1	"C4N14_03450"	"HMPREF0946_RS01025"
2	2	1	"C4N14_03455"	"HMPREF0946_RS01030"
2	2	1	"C4N14_03470"	"HMPREF0946_RS01035"
2	2	1	"C4N14_03475"	"HMPREF0946_RS01040"
2	2	1	"C4N14_03480"	"HMPREF0946_RS01045"
2	2	1	"C4N14_03485"	"HMPREF0946_RS01050"
2	2	1	"C4N14_03490"	"HMPREF0946_RS01055"
2	2	1	"C4N14_03495"	"HMPREF0946_RS01060"
2	2	1	"C4N14_03500"	"HMPREF0946_RS01065"
2	2	1	"C4N14_03505"	"HMPREF0946_RS01070"
2	2	1	"C4N14_03510"	"HMPREF0946_RS01075"
2	2	1	"C4N14_03515"	"HMPREF0946_RS01080"
2	2	1	"C4N14_03520"	"HMPREF0946_RS01085"
2	2	1	"C4N14_03525"	"HMPREF0946_RS01090"
2	2	1	"C4N14_03530"	"HMPREF0946_RS01095"
2	2	1	"C4N14_03535"	"HMPREF0946_RS01100"
2	2	1	"C4N14_03540"	"HMPREF0946_RS01605"
2	2	1	"C4N14_03545"	"HMPREF0946_RS01610"
2	2	1	"C4N14_03550"	"HMPREF0946_RS01615"
2	2	1	"C4N14_03555"	"HMPREF0946_RS01620"
2	2	1	"C4N14_03560"	"HMPREF0946_RS01625"
2	2	1	"C4N14_03565"	"HMPREF0946_RS01630"
2	2	1	"C4N14_03570"	"HMPREF0946_RS01635"
2	2	1	"C4N14_03575"	"HMPREF0946_RS01710"
2	2	1	"C4N14_03580"	"HMPREF0946_RS01715"
2	2	1	"C4N14_03585"	"HMPREF0946_RS01720"
2	2	1	"C4N14_03590"	"HMPREF0946_RS01725"
2	2	1	"C4N14_03595"	"HMPREF0946_RS01730"
2	2	1	"C4N14_03600"	"HMPREF0946_RS01735"
2	2	1	"C4N14_03605"	"HMPREF0946_RS01740"
2	2	1	"C4N14_03610"	"HMPREF0946_RS01745"
2	2	1	"C4N14_03615"	"HMPREF0946_RS01750"
2	2	1	"C4N14_03620"	"HMPREF0946_RS11385"
2	2	1	"C4N14_03635"	"HMPREF0946_RS01755"
2	2	1	"C4N14_03640"	"HMPREF0946_RS01760"
2	2	1	"C4N14_03645"	"HMPREF0946_RS01765"
2	2	1	"C4N14_03650"	"HMPREF0946_RS01770"
2	2	1	"C4N14_03655"	"HMPREF0946_RS01775"
2	2	1	"C4N14_03660"	"HMPREF0946_RS01780"
2	2	1	"C4N14_03665"	"HMPREF0946_RS01785"
2	2	1	"C4N14_03670"	"HMPREF0946_RS01790"
2	2	1	"C4N14_03675"	"HMPREF0946_RS01795"
2	2	1	"C4N14_03685"	"HMPREF0946_RS01805"
2	2	1	"C4N14_03710"	"HMPREF0946_RS01815"
2	2	1	"C4N14_03720"	"HMPREF0946_RS01820"
2	2	1	"C4N14_03725"	"HMPREF0946_RS01825"
2	2	1	"C4N14_03730"	"HMPREF0946_RS01830"
2	2	1	"C4N14_03735"	"HMPREF0946_RS01835"
2	2	1	"C4N14_03740"	"HMPREF0946_RS01840"
2	2	1	"C4N14_03745"	"HMPREF0946_RS01845"
2	2	1	"C4N14_03750"	"HMPREF0946_RS01850"
2	2	1	"C4N14_03755"	"HMPREF0946_RS01855"
2	2	1	"C4N14_03760"	"HMPREF0946_RS01860"
2	2	1	"C4N14_03765"	"HMPREF0946_RS01865"
2	2	1	"C4N14_03770"	"HMPREF0946_RS01870"
2	2	1	"C4N14_03775"	"HMPREF0946_RS01875"
2	2	1	"C4N14_03780"	"HMPREF0946_RS01880"
2	2	1	"C4N14_03785"	"HMPREF0946_RS01885"
2	2	1	"C4N14_03790"	"HMPREF0946_RS01890"
2	2	1	"C4N14_03795"	"HMPREF0946_RS01895"
2	2	1	"C4N14_03800"	"HMPREF0946_RS01900"
2	2	1	"C4N14_03805"	"HMPREF0946_RS01905"
2	2	1	"C4N14_03810"	"HMPREF0946_RS01910"
2	2	1	"C4N14_03815"	"HMPREF0946_RS01915"
2	2	1	"C4N14_03820"	"HMPREF0946_RS01920"
2	2	1	"C4N14_03825"	"HMPREF0946_RS01925"
2	2	1	"C4N14_03830"	"HMPREF0946_RS01930"
2	2	1	"C4N14_03835"	"HMPREF0946_RS01935"
2	2	1	"C4N14_03840"	"HMPREF0946_RS01940"
2	2	1	"C4N14_03845"	"HMPREF0946_RS01945"
2	2	1	"C4N14_03855"	"HMPREF0946_RS01975"
2	2	1	"C4N14_03860"	"HMPREF0946_RS01980"
2	2	1	"C4N14_03865"	"HMPREF0946_RS01985"
2	2	1	"C4N14_03870"	"HMPREF0946_RS01990"
2	2	1	"C4N14_03875"	"HMPREF0946_RS01995"
2	2	1	"C4N14_03880"	"HMPREF0946_RS02000"
2	2	1	"C4N14_03885"	"HMPREF0946_RS02005"
2	2	1	"C4N14_03890"	"HMPREF0946_RS02010"
2	2	1	"C4N14_03895"	"HMPREF0946_RS02015"
2	2	1	"C4N14_03900"	"HMPREF0946_RS02020"
2	2	1	"C4N14_03905"	"HMPREF0946_RS02025"
2	2	1	"C4N14_03910"	"HMPREF0946_RS02030"
2	2	1	"C4N14_03915"	"HMPREF0946_RS02035"
2	2	1	"C4N14_03920"	"HMPREF0946_RS02040"
2	2	1	"C4N14_03925"	"HMPREF0946_RS02045"
2	2	1	"C4N14_03930"	"HMPREF0946_RS02050"
2	2	1	"C4N14_03935"	"HMPREF0946_RS02055"
2	2	1	"C4N14_03940"	"HMPREF0946_RS02085"
2	2	1	"C4N14_03945"	"HMPREF0946_RS02090"
2	2	1	"C4N14_04035"	"HMPREF0946_RS02095"
2	2	1	"C4N14_04040"	"HMPREF0946_RS02100"
2	2	1	"C4N14_04050"	"HMPREF0946_RS02105"
2	2	1	"C4N14_04055"	"HMPREF0946_RS02110"
2	2	1	"C4N14_04060"	"HMPREF0946_RS02115"
2	2	1	"C4N14_04065"	"HMPREF0946_RS02120"
2	2	1	"C4N14_04085"	"HMPREF0946_RS02180"
2	2	1	"C4N14_04095"	"HMPREF0946_RS11535"
2	2	1	"C4N14_04115"	"HMPREF0946_RS02205"
2	2	1	"C4N14_04120"	"HMPREF0946_RS02210"
2	2	1	"C4N14_04125"	"HMPREF0946_RS02215"
2	2	1	"C4N14_04130"	"HMPREF0946_RS02220"
2	2	1	"C4N14_04135"	"HMPREF0946_RS02225"
2	2	1	"C4N14_04140"	"HMPREF0946_RS02230"
2	2	1	"C4N14_04145"	"HMPREF0946_RS02235"
2	2	1	"C4N14_04150"	"HMPREF0946_RS02240"
2	2	1	"C4N14_04155"	"HMPREF0946_RS02245"
2	2	1	"C4N14_04160"	"HMPREF0946_RS02250"
2	2	1	"C4N14_04165"	"HMPREF0946_RS02255"
2	2	1	"C4N14_04170"	"HMPREF0946_RS02260"
2	2	1	"C4N14_04175"	"HMPREF0946_RS02265"
2	2	1	"C4N14_04180"	"HMPREF0946_RS02270"
2	2	1	"C4N14_04185"	"HMPREF0946_RS02275"
2	2	1	"C4N14_04195"	"HMPREF0946_RS02280"
2	2	1	"C4N14_04200"	"HMPREF0946_RS02285"
2	2	1	"C4N14_04210"	"HMPREF0946_RS11320"
2	2	1	"C4N14_04220"	"HMPREF0946_RS02330"
2	2	1	"C4N14_04225"	"HMPREF0946_RS02335"
2	2	1	"C4N14_04235"	"HMPREF0946_RS02340"
2	2	1	"C4N14_04240"	"HMPREF0946_RS02345"
2	2	1	"C4N14_04250"	"HMPREF0946_RS02350"
2	2	1	"C4N14_04255"	"HMPREF0946_RS02355"
2	2	1	"C4N14_04260"	"HMPREF0946_RS02360"
2	2	1	"C4N14_04265"	"HMPREF0946_RS02365"
2	2	1	"C4N14_04270"	"HMPREF0946_RS02370"
2	2	1	"C4N14_04275"	"HMPREF0946_RS02375"
2	2	1	"C4N14_04280"	"HMPREF0946_RS02380"
2	2	1	"C4N14_04285"	"HMPREF0946_RS02385"
2	2	1	"C4N14_04290"	"HMPREF0946_RS02390"
2	2	1	"C4N14_04295"	"HMPREF0946_RS02395"
2	2	1	"C4N14_04305"	"HMPREF0946_RS02410"
2	2	1	"C4N14_04310"	"HMPREF0946_RS02415"
2	2	1	"C4N14_04315"	"HMPREF0946_RS02420"
2	2	1	"C4N14_04320"	"HMPREF0946_RS02425"
2	2	1	"C4N14_04325"	"HMPREF0946_RS02430"
2	2	1	"C4N14_04330"	"HMPREF0946_RS02435"
2	2	1	"C4N14_04340"	"HMPREF0946_RS02440"
2	2	1	"C4N14_04345"	"HMPREF0946_RS02445"
2	2	1	"C4N14_04350"	"HMPREF0946_RS02450"
2	2	1	"C4N14_04355"	"HMPREF0946_RS02455"
2	2	1	"C4N14_04360"	"HMPREF0946_RS02460"
2	2	1	"C4N14_04365"	"HMPREF0946_RS02465"
2	2	1	"C4N14_04370"	"HMPREF0946_RS02470"
2	2	1	"C4N14_04375"	"HMPREF0946_RS02475"
2	2	1	"C4N14_04380"	"HMPREF0946_RS02480"
2	2	1	"C4N14_04385"	"HMPREF0946_RS02485"
2	2	1	"C4N14_04390"	"HMPREF0946_RS02490"
2	2	1	"C4N14_04395"	"HMPREF0946_RS02495"
2	2	1	"C4N14_04400"	"HMPREF0946_RS02500"
2	2	1	"C4N14_04405"	"HMPREF0946_RS02505"
2	2	1	"C4N14_04410"	"HMPREF0946_RS02510"
2	2	1	"C4N14_04415"	"HMPREF0946_RS02515"
2	2	1	"C4N14_04420"	"HMPREF0946_RS02520"
2	2	1	"C4N14_04425"	"HMPREF0946_RS02525"
2	2	1	"C4N14_04455"	"HMPREF0946_RS02550"
2	2	1	"C4N14_04460"	"HMPREF0946_RS02555"
2	2	1	"C4N14_04465"	"HMPREF0946_RS02560"
2	2	1	"C4N14_04470"	"HMPREF0946_RS02565"
2	2	1	"C4N14_04475"	"HMPREF0946_RS02570"
2	2	1	"C4N14_04480"	"HMPREF0946_RS02575"
2	2	1	"C4N14_04485"	"HMPREF0946_RS02580"
2	2	1	"C4N14_04490"	"HMPREF0946_RS02585"
2	2	1	"C4N14_04495"	"HMPREF0946_RS02590"
2	2	1	"C4N14_04500"	"HMPREF0946_RS02595"
2	2	1	"C4N14_04505"	"HMPREF0946_RS02600"
2	2	1	"C4N14_04510"	"HMPREF0946_RS02605"
2	2	1	"C4N14_04515"	"HMPREF0946_RS02610"
2	2	1	"C4N14_04525"	"HMPREF0946_RS02615"
2	2	1	"C4N14_04535"	"HMPREF0946_RS02620"
2	2	1	"C4N14_04545"	"HMPREF0946_RS02630"
2	2	1	"C4N14_04550"	"HMPREF0946_RS02635"
2	2	1	"C4N14_04555"	"HMPREF0946_RS02640"
2	2	1	"C4N14_04560"	"HMPREF0946_RS02645"
2	2	1	"C4N14_04570"	"HMPREF0946_RS02665"
2	2	1	"C4N14_04575"	"HMPREF0946_RS02670"
2	2	1	"C4N14_04580"	"HMPREF0946_RS02675"
2	2	1	"C4N14_04585"	"HMPREF0946_RS02680"
2	2	1	"C4N14_04590"	"HMPREF0946_RS02695"
2	2	1	"C4N14_04595"	"HMPREF0946_RS02700"
2	2	1	"C4N14_04600"	"HMPREF0946_RS02705"
2	2	1	"C4N14_04605"	"HMPREF0946_RS02710"
2	2	1	"C4N14_04635"	"HMPREF0946_RS02740"
2	2	1	"C4N14_04645"	"HMPREF0946_RS02745"
2	2	1	"C4N14_04650"	"HMPREF0946_RS02750"
2	2	1	"C4N14_04655"	"HMPREF0946_RS02755"
2	2	1	"C4N14_04660"	"HMPREF0946_RS02760"
2	2	1	"C4N14_04665"	"HMPREF0946_RS08600"
2	2	1	"C4N14_04670"	"HMPREF0946_RS08595"
2	2	1	"C4N14_04675"	"HMPREF0946_RS08590"
2	2	1	"C4N14_04680"	"HMPREF0946_RS08585"
2	2	1	"C4N14_04685"	"HMPREF0946_RS08580"
2	2	1	"C4N14_04690"	"HMPREF0946_RS08575"
2	2	1	"C4N14_04695"	"HMPREF0946_RS08570"
2	2	1	"C4N14_04700"	"HMPREF0946_RS08565"
2	2	1	"C4N14_04705"	"HMPREF0946_RS08560"
2	2	1	"C4N14_04710"	"HMPREF0946_RS08555"
2	2	1	"C4N14_04735"	"HMPREF0946_RS08540"
2	2	1	"C4N14_04740"	"HMPREF0946_RS08535"
2	2	1	"C4N14_04745"	"HMPREF0946_RS08530"
2	2	1	"C4N14_04750"	"HMPREF0946_RS08525"
2	2	1	"C4N14_04755"	"HMPREF0946_RS08520"
2	2	1	"C4N14_04760"	"HMPREF0946_RS08515"
2	2	1	"C4N14_04765"	"HMPREF0946_RS08510"
2	2	1	"C4N14_04770"	"HMPREF0946_RS08505"
2	2	1	"C4N14_04775"	"HMPREF0946_RS08500"
2	2	1	"C4N14_04780"	"HMPREF0946_RS08495"
2	2	1	"C4N14_04785"	"HMPREF0946_RS08490"
2	2	1	"C4N14_04790"	"HMPREF0946_RS08485"
2	2	1	"C4N14_04795"	"HMPREF0946_RS08480"
2	2	1	"C4N14_04810"	"HMPREF0946_RS08470"
2	2	1	"C4N14_04815"	"HMPREF0946_RS08465"
2	2	1	"C4N14_04820"	"HMPREF0946_RS08460"
2	2	1	"C4N14_04825"	"HMPREF0946_RS08445"
2	2	1	"C4N14_04830"	"HMPREF0946_RS08440"
2	2	1	"C4N14_04835"	"HMPREF0946_RS08435"
2	2	1	"C4N14_04840"	"HMPREF0946_RS08430"
2	2	1	"C4N14_04845"	"HMPREF0946_RS08425"
2	2	1	"C4N14_04850"	"HMPREF0946_RS08420"
2	2	1	"C4N14_04855"	"HMPREF0946_RS08415"
2	2	1	"C4N14_04860"	"HMPREF0946_RS08410"
2	2	1	"C4N14_04875"	"HMPREF0946_RS08405"
2	2	1	"C4N14_04900"	"HMPREF0946_RS08400"
2	2	1	"C4N14_04905"	"HMPREF0946_RS08395"
2	2	1	"C4N14_04910"	"HMPREF0946_RS08390"
2	2	1	"C4N14_04915"	"HMPREF0946_RS08385"
2	2	1	"C4N14_04920"	"HMPREF0946_RS08380"
2	2	1	"C4N14_04925"	"HMPREF0946_RS08375"
2	2	1	"C4N14_04930"	"HMPREF0946_RS08355"
2	2	1	"C4N14_04935"	"HMPREF0946_RS08350"
2	2	1	"C4N14_04985"	"HMPREF0946_RS08340"
2	2	1	"C4N14_04990"	"HMPREF0946_RS08325"
2	2	1	"C4N14_04995"	"HMPREF0946_RS08320"
2	2	1	"C4N14_05000"	"HMPREF0946_RS08285"
2	2	1	"C4N14_05005"	"HMPREF0946_RS08280"
2	2	1	"C4N14_05010"	"HMPREF0946_RS08275"
2	2	1	"C4N14_05025"	"HMPREF0946_RS07915"
2	2	1	"C4N14_05030"	"HMPREF0946_RS07910"
2	2	1	"C4N14_05035"	"HMPREF0946_RS07905"
2	2	1	"C4N14_05040"	"HMPREF0946_RS07900"
2	2	1	"C4N14_05045"	"HMPREF0946_RS07895"
2	2	1	"C4N14_05050"	"HMPREF0946_RS07890"
2	2	1	"C4N14_05055"	"HMPREF0946_RS07885"
2	2	1	"C4N14_05060"	"HMPREF0946_RS07880"
2	2	1	"C4N14_05065"	"HMPREF0946_RS07875"
2	2	1	"C4N14_05070"	"HMPREF0946_RS07870"
2	2	1	"C4N14_05075"	"HMPREF0946_RS07865"
2	2	1	"C4N14_05080"	"HMPREF0946_RS07860"
2	2	1	"C4N14_05085"	"HMPREF0946_RS07855"
2	2	1	"C4N14_05090"	"HMPREF0946_RS07850"
2	2	1	"C4N14_05100"	"HMPREF0946_RS07845"
2	2	1	"C4N14_05105"	"HMPREF0946_RS07840"
2	2	1	"C4N14_05110"	"HMPREF0946_RS07835"
2	2	1	"C4N14_05115"	"HMPREF0946_RS07830"
2	2	1	"C4N14_05120"	"HMPREF0946_RS07825"
2	2	1	"C4N14_05125"	"HMPREF0946_RS07820"
2	2	1	"C4N14_05130"	"HMPREF0946_RS07815"
2	2	1	"C4N14_05135"	"HMPREF0946_RS07810"
2	2	1	"C4N14_05140"	"HMPREF0946_RS07805"
2	2	1	"C4N14_05145"	"HMPREF0946_RS07800"
2	2	1	"C4N14_05150"	"HMPREF0946_RS07795"
2	2	1	"C4N14_05155"	"HMPREF0946_RS07790"
2	2	1	"C4N14_05170"	"HMPREF0946_RS07780"
2	2	1	"C4N14_05175"	"HMPREF0946_RS07775"
2	2	1	"C4N14_05180"	"HMPREF0946_RS07770"
2	2	1	"C4N14_05185"	"HMPREF0946_RS07765"
2	2	1	"C4N14_05190"	"HMPREF0946_RS07760"
2	2	1	"C4N14_05195"	"HMPREF0946_RS07755"
2	2	1	"C4N14_05200"	"HMPREF0946_RS07750"
2	2	1	"C4N14_05205"	"HMPREF0946_RS07745"
2	2	1	"C4N14_05210"	"HMPREF0946_RS07740"
2	2	1	"C4N14_05215"	"HMPREF0946_RS07735"
2	2	1	"C4N14_05220"	"HMPREF0946_RS07730"
2	2	1	"C4N14_05225"	"HMPREF0946_RS07725"
2	2	1	"C4N14_05230"	"HMPREF0946_RS07720"
2	2	1	"C4N14_05235"	"HMPREF0946_RS07715"
2	2	1	"C4N14_05240"	"HMPREF0946_RS07705"
2	2	1	"C4N14_05245"	"HMPREF0946_RS07700"
2	2	1	"C4N14_05250"	"HMPREF0946_RS07695"
2	2	1	"C4N14_05260"	"HMPREF0946_RS07690"
2	2	1	"C4N14_05265"	"HMPREF0946_RS07685"
2	2	1	"C4N14_05270"	"HMPREF0946_RS07680"
2	2	1	"C4N14_05275"	"HMPREF0946_RS07675"
2	2	1	"C4N14_05280"	"HMPREF0946_RS07670"
2	2	1	"C4N14_05285"	"HMPREF0946_RS07665"
2	2	1	"C4N14_05290"	"HMPREF0946_RS07660"
2	2	1	"C4N14_05295"	"HMPREF0946_RS07655"
2	2	1	"C4N14_05300"	"HMPREF0946_RS07650"
2	2	1	"C4N14_05305"	"HMPREF0946_RS07645"
2	2	1	"C4N14_05310"	"HMPREF0946_RS07640"
2	2	1	"C4N14_05315"	"HMPREF0946_RS07635"
2	2	1	"C4N14_05320"	"HMPREF0946_RS07630"
2	2	1	"C4N14_05325"	"HMPREF0946_RS07625"
2	2	1	"C4N14_05330"	"HMPREF0946_RS07620"
2	2	1	"C4N14_05335"	"HMPREF0946_RS07615"
2	2	1	"C4N14_05340"	"HMPREF0946_RS07610"
2	2	1	"C4N14_05345"	"HMPREF0946_RS07605"
2	2	1	"C4N14_05350"	"HMPREF0946_RS07600"
2	2	1	"C4N14_05360"	"HMPREF0946_RS07595"
2	2	1	"C4N14_05365"	"HMPREF0946_RS07590"
2	2	1	"C4N14_05370"	"HMPREF0946_RS07585"
2	2	1	"C4N14_05375"	"HMPREF0946_RS07580"
2	2	1	"C4N14_05380"	"HMPREF0946_RS07575"
2	2	1	"C4N14_05385"	"HMPREF0946_RS07570"
2	2	1	"C4N14_05390"	"HMPREF0946_RS11175"
2	2	1	"C4N14_05425"	"HMPREF0946_RS07315"
2	2	1	"C4N14_05430"	"HMPREF0946_RS07310"
2	2	1	"C4N14_05435"	"HMPREF0946_RS07305"
2	2	1	"C4N14_05440"	"HMPREF0946_RS07300"
2	2	1	"C4N14_05445"	"HMPREF0946_RS07295"
2	2	1	"C4N14_05450"	"HMPREF0946_RS07290"
2	2	1	"C4N14_05455"	"HMPREF0946_RS07285"
2	2	1	"C4N14_05460"	"HMPREF0946_RS07280"
2	2	1	"C4N14_05465"	"HMPREF0946_RS07275"
2	2	1	"C4N14_05470"	"HMPREF0946_RS07270"
2	2	1	"C4N14_05475"	"HMPREF0946_RS07265"
2	2	1	"C4N14_05480"	"HMPREF0946_RS07260"
2	2	1	"C4N14_05485"	"HMPREF0946_RS07255"
2	2	1	"C4N14_05490"	"HMPREF0946_RS07250"
2	2	1	"C4N14_05495"	"HMPREF0946_RS07245"
2	2	1	"C4N14_05500"	"HMPREF0946_RS07240"
2	2	1	"C4N14_05505"	"HMPREF0946_RS07235"
2	2	1	"C4N14_05510"	"HMPREF0946_RS07230"
2	2	1	"C4N14_05515"	"HMPREF0946_RS07225"
2	2	1	"C4N14_05520"	"HMPREF0946_RS07220"
2	2	1	"C4N14_05525"	"HMPREF0946_RS07215"
2	2	1	"C4N14_05535"	"HMPREF0946_RS07210"
2	2	1	"C4N14_05540"	"HMPREF0946_RS07205"
2	2	1	"C4N14_05545"	"HMPREF0946_RS07200"
2	2	1	"C4N14_05550"	"HMPREF0946_RS07195"
2	2	1	"C4N14_05570"	"HMPREF0946_RS07190"
2	2	1	"C4N14_05575"	"HMPREF0946_RS07185"
2	2	1	"C4N14_05580"	"HMPREF0946_RS07180"
2	2	1	"C4N14_05585"	"HMPREF0946_RS07175"
2	2	1	"C4N14_05590"	"HMPREF0946_RS11170"
2	2	1	"C4N14_05595"	"HMPREF0946_RS07165"
2	2	1	"C4N14_05600"	"HMPREF0946_RS07160"
2	2	1	"C4N14_05605"	"HMPREF0946_RS07155"
2	2	1	"C4N14_05610"	"HMPREF0946_RS07150"
2	2	1	"C4N14_05615"	"HMPREF0946_RS07145"
2	2	1	"C4N14_05620"	"HMPREF0946_RS07140"
2	2	1	"C4N14_05625"	"HMPREF0946_RS07135"
2	2	1	"C4N14_05630"	"HMPREF0946_RS11505"
2	2	1	"C4N14_05640"	"HMPREF0946_RS07125"
2	2	1	"C4N14_05660"	"HMPREF0946_RS07120"
2	2	1	"C4N14_05665"	"HMPREF0946_RS07115"
2	2	1	"C4N14_05670"	"HMPREF0946_RS07110"
2	2	1	"C4N14_05675"	"HMPREF0946_RS07105"
2	2	1	"C4N14_05680"	"HMPREF0946_RS07100"
2	2	1	"C4N14_05685"	"HMPREF0946_RS07095"
2	2	1	"C4N14_05690"	"HMPREF0946_RS07090"
2	2	1	"C4N14_05695"	"HMPREF0946_RS07085"
2	2	1	"C4N14_05700"	"HMPREF0946_RS07080"
2	2	1	"C4N14_05705"	"HMPREF0946_RS07075"
2	2	1	"C4N14_05710"	"HMPREF0946_RS07070"
2	2	1	"C4N14_05715"	"HMPREF0946_RS07065"
2	2	1	"C4N14_05720"	"HMPREF0946_RS07060"
2	2	1	"C4N14_05735"	"HMPREF0946_RS07045"
2	2	1	"C4N14_05740"	"HMPREF0946_RS07015"
2	2	1	"C4N14_05745"	"HMPREF0946_RS07005"
2	2	1	"C4N14_05750"	"HMPREF0946_RS06995"
2	2	1	"C4N14_05755"	"HMPREF0946_RS06990"
2	2	1	"C4N14_05760"	"HMPREF0946_RS06985"
2	2	1	"C4N14_05765"	"HMPREF0946_RS06980"
2	2	1	"C4N14_05770"	"HMPREF0946_RS06975"
2	2	1	"C4N14_05775"	"HMPREF0946_RS06970"
2	2	1	"C4N14_05780"	"HMPREF0946_RS06965"
2	2	1	"C4N14_05785"	"HMPREF0946_RS06960"
2	2	1	"C4N14_05790"	"HMPREF0946_RS06955"
2	2	1	"C4N14_05795"	"HMPREF0946_RS06950"
2	2	1	"C4N14_05800"	"HMPREF0946_RS06945"
2	2	1	"C4N14_05805"	"HMPREF0946_RS06940"
2	2	1	"C4N14_05810"	"HMPREF0946_RS06935"
2	2	1	"C4N14_05815"	"HMPREF0946_RS06930"
2	2	1	"C4N14_05820"	"HMPREF0946_RS06925"
2	2	1	"C4N14_05825"	"HMPREF0946_RS06920"
2	2	1	"C4N14_05830"	"HMPREF0946_RS06915"
2	2	1	"C4N14_05835"	"HMPREF0946_RS06910"
2	2	1	"C4N14_05840"	"HMPREF0946_RS06905"
2	2	1	"C4N14_05845"	"HMPREF0946_RS06900"
2	2	1	"C4N14_05850"	"HMPREF0946_RS06895"
2	2	1	"C4N14_05855"	"HMPREF0946_RS06890"
2	2	1	"C4N14_05860"	"HMPREF0946_RS06885"
2	2	1	"C4N14_05865"	"HMPREF0946_RS06880"
2	2	1	"C4N14_05870"	"HMPREF0946_RS06875"
2	2	1	"C4N14_05875"	"HMPREF0946_RS06870"
2	2	1	"C4N14_05880"	"HMPREF0946_RS06865"
2	2	1	"C4N14_05900"	"HMPREF0946_RS06855"
2	2	1	"C4N14_05905"	"HMPREF0946_RS06830"
2	2	1	"C4N14_05935"	"HMPREF0946_RS06840"
2	2	1	"C4N14_05970"	"HMPREF0946_RS06805"
2	2	1	"C4N14_05975"	"HMPREF0946_RS06800"
2	2	1	"C4N14_05980"	"HMPREF0946_RS06795"
2	2	1	"C4N14_05985"	"HMPREF0946_RS06790"
2	2	1	"C4N14_05990"	"HMPREF0946_RS06785"
2	2	1	"C4N14_06000"	"HMPREF0946_RS06780"
2	2	1	"C4N14_06005"	"HMPREF0946_RS06775"
2	2	1	"C4N14_06010"	"HMPREF0946_RS06770"
2	2	1	"C4N14_06020"	"HMPREF0946_RS06750"
2	2	1	"C4N14_06025"	"HMPREF0946_RS06745"
2	2	1	"C4N14_06030"	"HMPREF0946_RS06730"
2	2	1	"C4N14_06035"	"HMPREF0946_RS06725"
2	2	1	"C4N14_06040"	"HMPREF0946_RS06720"
2	2	1	"C4N14_06045"	"HMPREF0946_RS06715"
2	2	1	"C4N14_06050"	"HMPREF0946_RS06710"
2	2	1	"C4N14_06055"	"HMPREF0946_RS06705"
2	2	1	"C4N14_06060"	"HMPREF0946_RS06700"
2	2	1	"C4N14_06065"	"HMPREF0946_RS06695"
2	2	1	"C4N14_06070"	"HMPREF0946_RS06690"
2	2	1	"C4N14_06075"	"HMPREF0946_RS06685"
2	2	1	"C4N14_06080"	"HMPREF0946_RS06680"
2	2	1	"C4N14_06085"	"HMPREF0946_RS06675"
2	2	1	"C4N14_06090"	"HMPREF0946_RS06670"
2	2	1	"C4N14_06095"	"HMPREF0946_RS06665"
2	2	1	"C4N14_06100"	"HMPREF0946_RS06660"
2	2	1	"C4N14_06105"	"HMPREF0946_RS06655"
2	2	1	"C4N14_06110"	"HMPREF0946_RS06650"
2	2	1	"C4N14_06115"	"HMPREF0946_RS06645"
2	2	1	"C4N14_06120"	"HMPREF0946_RS06640"
2	2	1	"C4N14_06125"	"HMPREF0946_RS06635"
2	2	1	"C4N14_06130"	"HMPREF0946_RS06630"
2	2	1	"C4N14_06135"	"HMPREF0946_RS06475"
2	2	1	"C4N14_06165"	"HMPREF0946_RS06470"
2	2	1	"C4N14_06170"	"HMPREF0946_RS06465"
2	2	1	"C4N14_06175"	"HMPREF0946_RS06460"
2	2	1	"C4N14_06180"	"HMPREF0946_RS06455"
2	2	1	"C4N14_06185"	"HMPREF0946_RS06450"
2	2	1	"C4N14_06190"	"HMPREF0946_RS06445"
2	2	1	"C4N14_06195"	"HMPREF0946_RS06440"
2	2	1	"C4N14_06200"	"HMPREF0946_RS06435"
2	2	1	"C4N14_06260"	"HMPREF0946_RS06430"
2	2	1	"C4N14_06265"	"HMPREF0946_RS06425"
2	2	1	"C4N14_06270"	"HMPREF0946_RS06420"
2	2	1	"C4N14_06275"	"HMPREF0946_RS06415"
2	2	1	"C4N14_06280"	"HMPREF0946_RS06410"
2	2	1	"C4N14_06285"	"HMPREF0946_RS06405"
2	2	1	"C4N14_06290"	"HMPREF0946_RS06400"
2	2	1	"C4N14_06295"	"HMPREF0946_RS06395"
2	2	1	"C4N14_06300"	"HMPREF0946_RS06390"
2	2	1	"C4N14_06305"	"HMPREF0946_RS06385"
2	2	1	"C4N14_06310"	"HMPREF0946_RS06380"
2	2	1	"C4N14_06320"	"HMPREF0946_RS06375"
2	2	1	"C4N14_06345"	"HMPREF0946_RS06370"
2	2	1	"C4N14_06350"	"HMPREF0946_RS06365"
2	2	1	"C4N14_06355"	"HMPREF0946_RS06360"
2	2	1	"C4N14_06360"	"HMPREF0946_RS06355"
2	2	1	"C4N14_06365"	"HMPREF0946_RS06350"
2	2	1	"C4N14_06370"	"HMPREF0946_RS06345"
2	2	1	"C4N14_06375"	"HMPREF0946_RS06340"
2	2	1	"C4N14_06380"	"HMPREF0946_RS06335"
2	2	1	"C4N14_06385"	"HMPREF0946_RS06330"
2	2	1	"C4N14_06390"	"HMPREF0946_RS06325"
2	2	1	"C4N14_06395"	"HMPREF0946_RS06320"
2	2	1	"C4N14_06400"	"HMPREF0946_RS06315"
2	2	1	"C4N14_06405"	"HMPREF0946_RS06310"
2	2	1	"C4N14_06415"	"HMPREF0946_RS06300"
2	2	1	"C4N14_06420"	"HMPREF0946_RS06295"
2	2	1	"C4N14_06425"	"HMPREF0946_RS06290"
2	2	1	"C4N14_06430"	"HMPREF0946_RS06285"
2	2	1	"C4N14_06435"	"HMPREF0946_RS06280"
2	2	1	"C4N14_06440"	"HMPREF0946_RS06275"
2	2	1	"C4N14_06445"	"HMPREF0946_RS06270"
2	2	1	"C4N14_06450"	"HMPREF0946_RS06265"
2	2	1	"C4N14_06455"	"HMPREF0946_RS06260"
2	2	1	"C4N14_06460"	"HMPREF0946_RS06255"
2	2	1	"C4N14_06465"	"HMPREF0946_RS06250"
2	2	1	"C4N14_06470"	"HMPREF0946_RS06245"
2	2	1	"C4N14_06475"	"HMPREF0946_RS06240"
2	2	1	"C4N14_06480"	"HMPREF0946_RS06235"
2	2	1	"C4N14_06485"	"HMPREF0946_RS06225"
2	2	1	"C4N14_06490"	"HMPREF0946_RS06220"
2	2	1	"C4N14_06495"	"HMPREF0946_RS06215"
2	2	1	"C4N14_06500"	"HMPREF0946_RS06210"
2	2	1	"C4N14_06505"	"HMPREF0946_RS06205"
2	2	1	"C4N14_06510"	"HMPREF0946_RS06200"
2	2	1	"C4N14_06515"	"HMPREF0946_RS06195"
2	2	1	"C4N14_06520"	"HMPREF0946_RS06190"
2	2	1	"C4N14_06525"	"HMPREF0946_RS06185"
2	2	1	"C4N14_06530"	"HMPREF0946_RS06180"
2	2	1	"C4N14_06535"	"HMPREF0946_RS06175"
2	2	1	"C4N14_06540"	"HMPREF0946_RS06170"
2	2	1	"C4N14_06555"	"HMPREF0946_RS06165"
2	2	1	"C4N14_06560"	"HMPREF0946_RS06155"
2	2	1	"C4N14_06565"	"HMPREF0946_RS06150"
2	2	1	"C4N14_06570"	"HMPREF0946_RS06145"
2	2	1	"C4N14_06575"	"HMPREF0946_RS06140"
2	2	1	"C4N14_06580"	"HMPREF0946_RS06135"
2	2	1	"C4N14_06585"	"HMPREF0946_RS06130"
2	2	1	"C4N14_06620"	"HMPREF0946_RS06125"
2	2	1	"C4N14_06625"	"HMPREF0946_RS06120"
2	2	1	"C4N14_06630"	"HMPREF0946_RS06115"
2	2	1	"C4N14_06635"	"HMPREF0946_RS06110"
2	2	1	"C4N14_06640"	"HMPREF0946_RS06105"
2	2	1	"C4N14_06645"	"HMPREF0946_RS06100"
2	2	1	"C4N14_06680"	"HMPREF0946_RS06095"
2	2	1	"C4N14_06685"	"HMPREF0946_RS06090"
2	2	1	"C4N14_06690"	"HMPREF0946_RS06085"
2	2	1	"C4N14_06695"	"HMPREF0946_RS06080"
2	2	1	"C4N14_06700"	"HMPREF0946_RS06075"
2	2	1	"C4N14_06705"	"HMPREF0946_RS06070"
2	2	1	"C4N14_06710"	"HMPREF0946_RS06065"
2	2	1	"C4N14_06725"	"HMPREF0946_RS06060"
2	2	1	"C4N14_06730"	"HMPREF0946_RS06055"
2	2	1	"C4N14_06735"	"HMPREF0946_RS06050"
2	2	1	"C4N14_06740"	"HMPREF0946_RS06045"
2	2	1	"C4N14_06745"	"HMPREF0946_RS06035"
2	2	1	"C4N14_06755"	"HMPREF0946_RS06030"
2	2	1	"C4N14_06765"	"HMPREF0946_RS06020"
2	2	1	"C4N14_06770"	"HMPREF0946_RS06015"
2	2	1	"C4N14_06775"	"HMPREF0946_RS06010"
2	2	1	"C4N14_06780"	"HMPREF0946_RS06005"
2	2	1	"C4N14_06785"	"HMPREF0946_RS06000"
2	2	1	"C4N14_06790"	"HMPREF0946_RS05995"
2	2	1	"C4N14_06795"	"HMPREF0946_RS05990"
2	2	1	"C4N14_06800"	"HMPREF0946_RS05985"
2	2	1	"C4N14_06805"	"HMPREF0946_RS05980"
2	2	1	"C4N14_06810"	"HMPREF0946_RS05975"
2	2	1	"C4N14_06815"	"HMPREF0946_RS05970"
2	2	1	"C4N14_06820"	"HMPREF0946_RS05965"
2	2	1	"C4N14_06825"	"HMPREF0946_RS05960"
2	2	1	"C4N14_06830"	"HMPREF0946_RS05955"
2	2	1	"C4N14_06840"	"HMPREF0946_RS05950"
2	2	1	"C4N14_06845"	"HMPREF0946_RS05945"
2	2	1	"C4N14_06850"	"HMPREF0946_RS05940"
2	2	1	"C4N14_06860"	"HMPREF0946_RS05935"
2	2	1	"C4N14_06865"	"HMPREF0946_RS05930"
2	2	1	"C4N14_06870"	"HMPREF0946_RS05925"
2	2	1	"C4N14_06875"	"HMPREF0946_RS05920"
2	2	1	"C4N14_06880"	"HMPREF0946_RS05915"
2	2	1	"C4N14_06885"	"HMPREF0946_RS05910"
2	2	1	"C4N14_06890"	"HMPREF0946_RS05905"
2	2	1	"C4N14_06895"	"HMPREF0946_RS05900"
2	2	1	"C4N14_06900"	"HMPREF0946_RS05895"
2	2	1	"C4N14_06905"	"HMPREF0946_RS05890"
2	2	1	"C4N14_06910"	"HMPREF0946_RS05885"
2	2	1	"C4N14_06915"	"HMPREF0946_RS05880"
2	2	1	"C4N14_06925"	"HMPREF0946_RS05875"
2	2	1	"C4N14_06930"	"HMPREF0946_RS05870"
2	2	1	"C4N14_06935"	"HMPREF0946_RS05865"
2	2	1	"C4N14_06940"	"HMPREF0946_RS05860"
2	2	1	"C4N14_06945"	"HMPREF0946_RS05855"
2	2	1	"C4N14_06955"	"HMPREF0946_RS05850"
2	2	1	"C4N14_06960"	"HMPREF0946_RS05845"
2	2	1	"C4N14_06965"	"HMPREF0946_RS05840"
2	2	1	"C4N14_06970"	"HMPREF0946_RS05835"
2	2	1	"C4N14_06975"	"HMPREF0946_RS05830"
2	2	1	"C4N14_06980"	"HMPREF0946_RS05825"
2	2	1	"C4N14_06985"	"HMPREF0946_RS05820"
2	2	1	"C4N14_06990"	"HMPREF0946_RS05815"
2	2	1	"C4N14_07000"	"HMPREF0946_RS05810"
2	2	1	"C4N14_07005"	"HMPREF0946_RS05805"
2	2	1	"C4N14_07010"	"HMPREF0946_RS05800"
2	2	1	"C4N14_07015"	"HMPREF0946_RS05795"
2	2	1	"C4N14_07020"	"HMPREF0946_RS05790"
2	2	1	"C4N14_07025"	"HMPREF0946_RS05785"
2	2	1	"C4N14_07030"	"HMPREF0946_RS05780"
2	2	1	"C4N14_07035"	"HMPREF0946_RS05775"
2	2	1	"C4N14_07040"	"HMPREF0946_RS05770"
2	2	1	"C4N14_07045"	"HMPREF0946_RS05765"
2	2	1	"C4N14_07050"	"HMPREF0946_RS05760"
2	2	1	"C4N14_07055"	"HMPREF0946_RS05755"
2	2	1	"C4N14_07065"	"HMPREF0946_RS05750"
2	2	1	"C4N14_07070"	"HMPREF0946_RS05745"
2	2	1	"C4N14_07090"	"HMPREF0946_RS05730"
2	2	1	"C4N14_07095"	"HMPREF0946_RS05725"
2	2	1	"C4N14_07100"	"HMPREF0946_RS05720"
2	2	1	"C4N14_07105"	"HMPREF0946_RS05715"
2	2	1	"C4N14_07110"	"HMPREF0946_RS05710"
2	2	1	"C4N14_07115"	"HMPREF0946_RS05705"
2	2	1	"C4N14_07120"	"HMPREF0946_RS05700"
2	2	1	"C4N14_07125"	"HMPREF0946_RS05695"
2	2	1	"C4N14_07135"	"HMPREF0946_RS05690"
2	2	1	"C4N14_07155"	"HMPREF0946_RS05680"
2	2	1	"C4N14_07160"	"HMPREF0946_RS05675"
2	2	1	"C4N14_07165"	"HMPREF0946_RS05670"
2	2	1	"C4N14_07170"	"HMPREF0946_RS05665"
2	2	1	"C4N14_07175"	"HMPREF0946_RS05660"
2	2	1	"C4N14_07180"	"HMPREF0946_RS05655"
2	2	1	"C4N14_07185"	"HMPREF0946_RS05650"
2	2	1	"C4N14_07190"	"HMPREF0946_RS05645"
2	2	1	"C4N14_07195"	"HMPREF0946_RS05640"
2	2	1	"C4N14_07210"	"HMPREF0946_RS05635"
2	2	1	"C4N14_07215"	"HMPREF0946_RS05630"
2	2	1	"C4N14_07220"	"HMPREF0946_RS05625"
2	2	1	"C4N14_07225"	"HMPREF0946_RS05620"
2	2	1	"C4N14_07230"	"HMPREF0946_RS05615"
2	2	1	"C4N14_07235"	"HMPREF0946_RS05610"
2	2	1	"C4N14_07240"	"HMPREF0946_RS05605"
2	2	1	"C4N14_07245"	"HMPREF0946_RS05600"
2	2	1	"C4N14_07250"	"HMPREF0946_RS05595"
2	2	1	"C4N14_07255"	"HMPREF0946_RS05590"
2	2	1	"C4N14_07265"	"HMPREF0946_RS05585"
2	2	1	"C4N14_07270"	"HMPREF0946_RS05580"
2	2	1	"C4N14_07275"	"HMPREF0946_RS05575"
2	2	1	"C4N14_07285"	"HMPREF0946_RS05570"
2	2	1	"C4N14_07290"	"HMPREF0946_RS05560"
2	2	1	"C4N14_07295"	"HMPREF0946_RS05555"
2	2	1	"C4N14_07300"	"HMPREF0946_RS05550"
2	2	1	"C4N14_07310"	"HMPREF0946_RS05545"
2	2	1	"C4N14_07315"	"HMPREF0946_RS05535"
2	2	1	"C4N14_07320"	"HMPREF0946_RS05530"
2	2	1	"C4N14_07325"	"HMPREF0946_RS05525"
2	2	1	"C4N14_07330"	"HMPREF0946_RS05520"
2	2	1	"C4N14_07335"	"HMPREF0946_RS05515"
2	2	1	"C4N14_07340"	"HMPREF0946_RS05510"
2	2	1	"C4N14_07345"	"HMPREF0946_RS05505"
2	2	1	"C4N14_07350"	"HMPREF0946_RS05500"
2	2	1	"C4N14_07355"	"HMPREF0946_RS05495"
2	2	1	"C4N14_07360"	"HMPREF0946_RS05490"
2	2	1	"C4N14_07370"	"HMPREF0946_RS05475"
2	2	1	"C4N14_07380"	"HMPREF0946_RS05470"
2	2	1	"C4N14_07390"	"HMPREF0946_RS05445"
2	2	1	"C4N14_07395"	"HMPREF0946_RS05440"
2	2	1	"C4N14_07400"	"HMPREF0946_RS05435"
2	2	1	"C4N14_07405"	"HMPREF0946_RS05430"
2	2	1	"C4N14_07410"	"HMPREF0946_RS05425"
2	2	1	"C4N14_07415"	"HMPREF0946_RS05420"
2	2	1	"C4N14_07420"	"HMPREF0946_RS05415"
2	2	1	"C4N14_07425"	"HMPREF0946_RS05410"
2	2	1	"C4N14_07440"	"HMPREF0946_RS05405"
2	2	1	"C4N14_07450"	"HMPREF0946_RS05395"
2	2	1	"C4N14_07455"	"HMPREF0946_RS05370"
2	2	1	"C4N14_07505"	"HMPREF0946_RS05365"
2	2	1	"C4N14_07510"	"HMPREF0946_RS05360"
2	2	1	"C4N14_07515"	"HMPREF0946_RS05355"
2	2	1	"C4N14_07520"	"HMPREF0946_RS05350"
2	2	1	"C4N14_07525"	"HMPREF0946_RS05345"
2	2	1	"C4N14_07530"	"HMPREF0946_RS05340"
2	2	1	"C4N14_07535"	"HMPREF0946_RS05335"
2	2	1	"C4N14_07545"	"HMPREF0946_RS05325"
2	2	1	"C4N14_07550"	"HMPREF0946_RS05320"
2	2	1	"C4N14_07555"	"HMPREF0946_RS05315"
2	2	1	"C4N14_07560"	"HMPREF0946_RS05310"
2	2	1	"C4N14_07565"	"HMPREF0946_RS05305"
2	2	1	"C4N14_07570"	"HMPREF0946_RS05300"
2	2	1	"C4N14_07575"	"HMPREF0946_RS05295"
2	2	1	"C4N14_07585"	"HMPREF0946_RS05290"
2	2	1	"C4N14_07590"	"HMPREF0946_RS05285"
2	2	1	"C4N14_07595"	"HMPREF0946_RS05280"
2	2	1	"C4N14_07600"	"HMPREF0946_RS05275"
2	2	1	"C4N14_07605"	"HMPREF0946_RS05270"
2	2	1	"C4N14_07610"	"HMPREF0946_RS05265"
2	2	1	"C4N14_07615"	"HMPREF0946_RS05260"
2	2	1	"C4N14_07620"	"HMPREF0946_RS05255"
2	2	1	"C4N14_07625"	"HMPREF0946_RS05250"
2	2	1	"C4N14_07630"	"HMPREF0946_RS05245"
2	2	1	"C4N14_07635"	"HMPREF0946_RS05240"
2	2	1	"C4N14_07640"	"HMPREF0946_RS05235"
2	2	1	"C4N14_07645"	"HMPREF0946_RS05230"
2	2	1	"C4N14_07650"	"HMPREF0946_RS05185"
2	2	1	"C4N14_07655"	"HMPREF0946_RS05180"
2	2	1	"C4N14_07660"	"HMPREF0946_RS05175"
2	2	1	"C4N14_07665"	"HMPREF0946_RS05170"
2	2	1	"C4N14_07670"	"HMPREF0946_RS05165"
2	2	1	"C4N14_07675"	"HMPREF0946_RS05160"
2	2	1	"C4N14_07685"	"HMPREF0946_RS05155"
2	2	1	"C4N14_07690"	"HMPREF0946_RS05150"
2	2	1	"C4N14_07700"	"HMPREF0946_RS05140"
2	2	1	"C4N14_07705"	"HMPREF0946_RS05135"
2	2	1	"C4N14_07710"	"HMPREF0946_RS05130"
2	2	1	"C4N14_07715"	"HMPREF0946_RS05125"
2	2	1	"C4N14_07720"	"HMPREF0946_RS05120"
2	2	1	"C4N14_07725"	"HMPREF0946_RS05115"
2	2	1	"C4N14_07730"	"HMPREF0946_RS05110"
2	2	1	"C4N14_07735"	"HMPREF0946_RS05105"
2	2	1	"C4N14_07740"	"HMPREF0946_RS05100"
2	2	1	"C4N14_07765"	"HMPREF0946_RS05095"
2	2	1	"C4N14_07770"	"HMPREF0946_RS05090"
2	2	1	"C4N14_07775"	"HMPREF0946_RS05085"
2	2	1	"C4N14_07780"	"HMPREF0946_RS05080"
2	2	1	"C4N14_07785"	"HMPREF0946_RS05075"
2	2	1	"C4N14_07790"	"HMPREF0946_RS05070"
2	2	1	"C4N14_07795"	"HMPREF0946_RS05065"
2	2	1	"C4N14_07800"	"HMPREF0946_RS05060"
2	2	1	"C4N14_07805"	"HMPREF0946_RS05055"
2	2	1	"C4N14_07810"	"HMPREF0946_RS05050"
2	2	1	"C4N14_07815"	"HMPREF0946_RS05045"
2	2	1	"C4N14_07820"	"HMPREF0946_RS05040"
2	2	1	"C4N14_07830"	"HMPREF0946_RS05035"
2	2	1	"C4N14_07835"	"HMPREF0946_RS05030"
2	2	1	"C4N14_07840"	"HMPREF0946_RS05025"
2	2	1	"C4N14_07845"	"HMPREF0946_RS05020"
2	2	1	"C4N14_07850"	"HMPREF0946_RS05015"
2	2	1	"C4N14_07885"	"HMPREF0946_RS05010"
2	2	1	"C4N14_07890"	"HMPREF0946_RS05005"
2	2	1	"C4N14_07895"	"HMPREF0946_RS05000"
2	2	1	"C4N14_07900"	"HMPREF0946_RS04995"
2	2	1	"C4N14_07905"	"HMPREF0946_RS04990"
2	2	1	"C4N14_07910"	"HMPREF0946_RS04985"
2	2	1	"C4N14_07915"	"HMPREF0946_RS04970"
2	2	1	"C4N14_07920"	"HMPREF0946_RS04965"
2	2	1	"C4N14_07925"	"HMPREF0946_RS04960"
2	2	1	"C4N14_07930"	"HMPREF0946_RS04955"
2	2	1	"C4N14_07935"	"HMPREF0946_RS04950"
2	2	1	"C4N14_07940"	"HMPREF0946_RS04945"
2	2	1	"C4N14_07945"	"HMPREF0946_RS04940"
2	2	1	"C4N14_07970"	"HMPREF0946_RS04930"
2	2	1	"C4N14_07975"	"HMPREF0946_RS04925"
2	2	1	"C4N14_07980"	"HMPREF0946_RS04920"
2	2	1	"C4N14_07990"	"HMPREF0946_RS04915"
2	2	1	"C4N14_07995"	"HMPREF0946_RS04905"
2	2	1	"C4N14_08000"	"HMPREF0946_RS04900"
2	2	1	"C4N14_08070"	"HMPREF0946_RS04890"
2	2	1	"C4N14_08075"	"HMPREF0946_RS04880"
2	2	1	"C4N14_08080"	"HMPREF0946_RS04875"
2	2	1	"C4N14_08085"	"HMPREF0946_RS04870"
2	2	1	"C4N14_08090"	"HMPREF0946_RS04865"
2	2	1	"C4N14_08095"	"HMPREF0946_RS04860"
2	2	1	"C4N14_08100"	"HMPREF0946_RS04855"
2	2	1	"C4N14_08105"	"HMPREF0946_RS04850"
2	2	1	"C4N14_08110"	"HMPREF0946_RS04845"
2	2	1	"C4N14_08115"	"HMPREF0946_RS04840"
2	2	1	"C4N14_08120"	"HMPREF0946_RS04835"
2	2	1	"C4N14_08125"	"HMPREF0946_RS04830"
2	2	1	"C4N14_08150"	"HMPREF0946_RS04825"
2	2	1	"C4N14_08155"	"HMPREF0946_RS04820"
2	2	1	"C4N14_08160"	"HMPREF0946_RS04815"
2	2	1	"C4N14_08165"	"HMPREF0946_RS04810"
2	2	1	"C4N14_08170"	"HMPREF0946_RS04805"
2	2	1	"C4N14_08175"	"HMPREF0946_RS04800"
2	2	1	"C4N14_08180"	"HMPREF0946_RS04795"
2	2	1	"C4N14_08185"	"HMPREF0946_RS04790"
2	2	1	"C4N14_08190"	"HMPREF0946_RS04785"
2	2	1	"C4N14_08195"	"HMPREF0946_RS04780"
2	2	1	"C4N14_08200"	"HMPREF0946_RS04770"
2	2	1	"C4N14_08205"	"HMPREF0946_RS04765"
2	2	1	"C4N14_08210"	"HMPREF0946_RS04760"
2	2	1	"C4N14_08215"	"HMPREF0946_RS04755"
2	2	1	"C4N14_08220"	"HMPREF0946_RS04750"
2	2	1	"C4N14_08225"	"HMPREF0946_RS04745"
2	2	1	"C4N14_08230"	"HMPREF0946_RS04740"
2	2	1	"C4N14_08240"	"HMPREF0946_RS04735"
2	2	1	"C4N14_08245"	"HMPREF0946_RS04730"
2	2	1	"C4N14_08255"	"HMPREF0946_RS04725"
2	2	1	"C4N14_08260"	"HMPREF0946_RS04720"
2	2	1	"C4N14_08265"	"HMPREF0946_RS04715"
2	2	1	"C4N14_08270"	"HMPREF0946_RS04710"
2	2	1	"C4N14_08275"	"HMPREF0946_RS04705"
2	2	1	"C4N14_08285"	"HMPREF0946_RS04695"
2	2	1	"C4N14_08290"	"HMPREF0946_RS04690"
2	2	1	"C4N14_08295"	"HMPREF0946_RS04685"
2	2	1	"C4N14_08300"	"HMPREF0946_RS04680"
2	2	1	"C4N14_08305"	"HMPREF0946_RS04675"
2	2	1	"C4N14_08310"	"HMPREF0946_RS04670"
2	2	1	"C4N14_08315"	"HMPREF0946_RS04665"
2	2	1	"C4N14_08320"	"HMPREF0946_RS04660"
2	2	1	"C4N14_08325"	"HMPREF0946_RS04655"
2	2	1	"C4N14_08330"	"HMPREF0946_RS04650"
2	2	1	"C4N14_08335"	"HMPREF0946_RS04645"
2	2	1	"C4N14_08340"	"HMPREF0946_RS04635"
2	2	1	"C4N14_08345"	"HMPREF0946_RS04630"
2	2	1	"C4N14_08350"	"HMPREF0946_RS04625"
2	2	1	"C4N14_08355"	"HMPREF0946_RS04620"
2	2	1	"C4N14_08360"	"HMPREF0946_RS04615"
2	2	1	"C4N14_08365"	"HMPREF0946_RS04610"
2	2	1	"C4N14_08370"	"HMPREF0946_RS04605"
2	2	1	"C4N14_08375"	"HMPREF0946_RS04600"
2	2	1	"C4N14_08385"	"HMPREF0946_RS04590"
2	2	1	"C4N14_08390"	"HMPREF0946_RS04585"
2	2	1	"C4N14_08395"	"HMPREF0946_RS04580"
2	2	1	"C4N14_08400"	"HMPREF0946_RS04575"
2	2	1	"C4N14_08405"	"HMPREF0946_RS04570"
2	2	1	"C4N14_08410"	"HMPREF0946_RS04565"
2	2	1	"C4N14_08415"	"HMPREF0946_RS04560"
2	2	1	"C4N14_08420"	"HMPREF0946_RS04555"
2	2	1	"C4N14_08425"	"HMPREF0946_RS04550"
2	2	1	"C4N14_08430"	"HMPREF0946_RS04545"
2	2	1	"C4N14_08435"	"HMPREF0946_RS04540"
2	2	1	"C4N14_08440"	"HMPREF0946_RS04535"
2	2	1	"C4N14_08445"	"HMPREF0946_RS04530"
2	2	1	"C4N14_08450"	"HMPREF0946_RS04525"
2	2	1	"C4N14_08455"	"HMPREF0946_RS04520"
2	2	1	"C4N14_08460"	"HMPREF0946_RS04515"
2	2	1	"C4N14_08465"	"HMPREF0946_RS04510"
2	2	1	"C4N14_08470"	"HMPREF0946_RS04505"
2	2	1	"C4N14_08475"	"HMPREF0946_RS04500"
2	2	1	"C4N14_08485"	"HMPREF0946_RS04495"
2	2	1	"C4N14_08490"	"HMPREF0946_RS04490"
2	2	1	"C4N14_08500"	"HMPREF0946_RS04485"
2	2	1	"C4N14_08505"	"HMPREF0946_RS04480"
2	2	1	"C4N14_08510"	"HMPREF0946_RS04475"
2	2	1	"C4N14_08515"	"HMPREF0946_RS04470"
2	2	1	"C4N14_08520"	"HMPREF0946_RS04465"
2	2	1	"C4N14_08525"	"HMPREF0946_RS04460"
2	2	1	"C4N14_08530"	"HMPREF0946_RS04455"
2	2	1	"C4N14_08535"	"HMPREF0946_RS04450"
2	2	1	"C4N14_08540"	"HMPREF0946_RS04445"
2	2	1	"C4N14_08550"	"HMPREF0946_RS04440"
2	2	1	"C4N14_08555"	"HMPREF0946_RS04435"
2	2	1	"C4N14_08560"	"HMPREF0946_RS04430"
2	2	1	"C4N14_08565"	"HMPREF0946_RS04425"
2	2	1	"C4N14_08575"	"HMPREF0946_RS04420"
2	2	1	"C4N14_08580"	"HMPREF0946_RS04415"
2	2	1	"C4N14_08585"	"HMPREF0946_RS04410"
2	2	1	"C4N14_08600"	"HMPREF0946_RS04405"
2	2	1	"C4N14_08605"	"HMPREF0946_RS04400"
2	2	1	"C4N14_08610"	"HMPREF0946_RS04370"
2	2	1	"C4N14_08615"	"HMPREF0946_RS04365"
2	2	1	"C4N14_08620"	"HMPREF0946_RS04360"
2	2	1	"C4N14_08625"	"HMPREF0946_RS04355"
2	2	1	"C4N14_08630"	"HMPREF0946_RS04350"
2	2	1	"C4N14_08640"	"HMPREF0946_RS04340"
2	2	1	"C4N14_08645"	"HMPREF0946_RS04335"
2	2	1	"C4N14_08650"	"HMPREF0946_RS04330"
2	2	1	"C4N14_08655"	"HMPREF0946_RS04325"
2	2	1	"C4N14_08660"	"HMPREF0946_RS04320"
2	2	1	"C4N14_08665"	"HMPREF0946_RS04315"
2	2	1	"C4N14_08670"	"HMPREF0946_RS04310"
2	2	1	"C4N14_08675"	"HMPREF0946_RS04305"
2	2	1	"C4N14_08680"	"HMPREF0946_RS04300"
2	2	1	"C4N14_08685"	"HMPREF0946_RS04295"
2	2	1	"C4N14_08690"	"HMPREF0946_RS04290"
2	2	1	"C4N14_08695"	"HMPREF0946_RS04285"
2	2	1	"C4N14_08700"	"HMPREF0946_RS04280"
2	2	1	"C4N14_08715"	"HMPREF0946_RS04275"
2	2	1	"C4N14_08720"	"HMPREF0946_RS04270"
2	2	1	"C4N14_08725"	"HMPREF0946_RS04265"
2	2	1	"C4N14_08730"	"HMPREF0946_RS04260"
2	2	1	"C4N14_08735"	"HMPREF0946_RS04255"
2	2	1	"C4N14_08745"	"HMPREF0946_RS04250"
2	2	1	"C4N14_08750"	"HMPREF0946_RS04245"
2	2	1	"C4N14_08755"	"HMPREF0946_RS04240"
2	2	1	"C4N14_08760"	"HMPREF0946_RS04235"
2	2	1	"C4N14_08765"	"HMPREF0946_RS04230"
2	2	1	"C4N14_08780"	"HMPREF0946_RS04225"
2	2	1	"C4N14_08785"	"HMPREF0946_RS04220"
2	2	1	"C4N14_08790"	"HMPREF0946_RS04215"
2	2	1	"C4N14_08800"	"HMPREF0946_RS04205"
2	2	1	"C4N14_08805"	"HMPREF0946_RS04200"
2	2	1	"C4N14_08810"	"HMPREF0946_RS04195"
2	2	1	"C4N14_08815"	"HMPREF0946_RS04190"
2	2	1	"C4N14_08820"	"HMPREF0946_RS04185"
2	2	1	"C4N14_08825"	"HMPREF0946_RS04180"
2	2	1	"C4N14_08830"	"HMPREF0946_RS04175"
2	2	1	"C4N14_08835"	"HMPREF0946_RS04170"
2	2	1	"C4N14_08860"	"HMPREF0946_RS04160"
2	2	1	"C4N14_08865"	"HMPREF0946_RS04155"
2	2	1	"C4N14_08875"	"HMPREF0946_RS04150"
2	2	1	"C4N14_08885"	"HMPREF0946_RS04145"
2	2	1	"C4N14_08890"	"HMPREF0946_RS04140"
2	2	1	"C4N14_08895"	"HMPREF0946_RS04135"
2	2	1	"C4N14_08900"	"HMPREF0946_RS04130"
2	2	1	"C4N14_08905"	"HMPREF0946_RS04085"
2	2	1	"C4N14_08910"	"HMPREF0946_RS04080"
2	2	1	"C4N14_08915"	"HMPREF0946_RS04075"
2	2	1	"C4N14_08920"	"HMPREF0946_RS04070"
2	2	1	"C4N14_08930"	"HMPREF0946_RS04055"
2	2	1	"C4N14_08935"	"HMPREF0946_RS04050"
2	2	1	"C4N14_08940"	"HMPREF0946_RS04045"
2	2	1	"C4N14_08945"	"HMPREF0946_RS04040"
2	2	1	"C4N14_08950"	"HMPREF0946_RS04035"
2	2	1	"C4N14_08955"	"HMPREF0946_RS06480"
2	2	1	"C4N14_08960"	"HMPREF0946_RS06485"
2	2	1	"C4N14_08965"	"HMPREF0946_RS06490"
2	2	1	"C4N14_08970"	"HMPREF0946_RS06495"
2	2	1	"C4N14_08980"	"HMPREF0946_RS06500"
2	2	1	"C4N14_08985"	"HMPREF0946_RS06505"
2	2	1	"C4N14_09010"	"HMPREF0946_RS06510"
2	2	1	"C4N14_09015"	"HMPREF0946_RS06515"
2	2	1	"C4N14_09020"	"HMPREF0946_RS06520"
2	2	1	"C4N14_09025"	"HMPREF0946_RS06525"
2	2	1	"C4N14_09040"	"HMPREF0946_RS06530"
2	2	1	"C4N14_09045"	"HMPREF0946_RS11595"
2	2	1	"C4N14_09060"	"HMPREF0946_RS06555"
2	2	1	"C4N14_09065"	"HMPREF0946_RS06560"
2	2	1	"C4N14_09070"	"HMPREF0946_RS06565"
2	2	1	"C4N14_09110"	"HMPREF0946_RS06570"
2	2	1	"C4N14_09115"	"HMPREF0946_RS06575"
2	2	1	"C4N14_09120"	"HMPREF0946_RS06580"
2	2	1	"C4N14_09125"	"HMPREF0946_RS06585"
2	2	1	"C4N14_09130"	"HMPREF0946_RS06590"
2	2	1	"C4N14_09135"	"HMPREF0946_RS06595"
2	2	1	"C4N14_09140"	"HMPREF0946_RS06600"
2	2	1	"C4N14_09145"	"HMPREF0946_RS06605"
2	2	1	"C4N14_09150"	"HMPREF0946_RS06610"
2	2	1	"C4N14_09155"	"HMPREF0946_RS06615"
2	2	1	"C4N14_09160"	"HMPREF0946_RS06620"
2	2	1	"C4N14_09165"	"HMPREF0946_RS06625"
2	2	1	"C4N14_09175"	"HMPREF0946_RS04030"
2	2	1	"C4N14_09180"	"HMPREF0946_RS04025"
2	2	1	"C4N14_09185"	"HMPREF0946_RS04020"
2	2	1	"C4N14_09190"	"HMPREF0946_RS04015"
2	2	1	"C4N14_09195"	"HMPREF0946_RS04010"
2	2	1	"C4N14_09200"	"HMPREF0946_RS04005"
2	2	1	"C4N14_09225"	"HMPREF0946_RS04000"
2	2	1	"C4N14_09230"	"HMPREF0946_RS03995"
2	2	1	"C4N14_09235"	"HMPREF0946_RS03990"
2	2	1	"C4N14_09240"	"HMPREF0946_RS03985"
2	2	1	"C4N14_09245"	"HMPREF0946_RS03980"
2	2	1	"C4N14_09250"	"HMPREF0946_RS03975"
2	2	1	"C4N14_09255"	"HMPREF0946_RS03970"
2	2	1	"C4N14_09260"	"HMPREF0946_RS03965"
2	2	1	"C4N14_09265"	"HMPREF0946_RS03960"
2	2	1	"C4N14_09270"	"HMPREF0946_RS03955"
2	2	1	"C4N14_09285"	"HMPREF0946_RS03950"
2	2	1	"C4N14_09290"	"HMPREF0946_RS03945"
2	2	1	"C4N14_09300"	"HMPREF0946_RS03935"
2	2	1	"C4N14_09305"	"HMPREF0946_RS03930"
2	2	1	"C4N14_09315"	"HMPREF0946_RS03925"
2	2	1	"C4N14_09320"	"HMPREF0946_RS03920"
2	2	1	"C4N14_09325"	"HMPREF0946_RS03915"
2	2	1	"C4N14_09330"	"HMPREF0946_RS03910"
2	2	1	"C4N14_09335"	"HMPREF0946_RS03905"
2	2	1	"C4N14_09340"	"HMPREF0946_RS03900"
2	2	1	"C4N14_09345"	"HMPREF0946_RS03895"
2	2	1	"C4N14_09355"	"HMPREF0946_RS11415"
2	2	1	"C4N14_09360"	"HMPREF0946_RS03885"
2	2	1	"C4N14_09365"	"HMPREF0946_RS03880"
2	2	1	"C4N14_09370"	"HMPREF0946_RS03875"
2	2	1	"C4N14_09410"	"HMPREF0946_RS03870"
2	2	1	"C4N14_09415"	"HMPREF0946_RS03865"
2	2	1	"C4N14_09420"	"HMPREF0946_RS03860"
2	2	1	"C4N14_09425"	"HMPREF0946_RS03855"
2	2	1	"C4N14_09430"	"HMPREF0946_RS03850"
2	2	1	"C4N14_09435"	"HMPREF0946_RS03845"
2	2	1	"C4N14_09440"	"HMPREF0946_RS03840"
2	2	1	"C4N14_09450"	"HMPREF0946_RS03835"
2	2	1	"C4N14_09490"	"HMPREF0946_RS03830"
2	2	1	"C4N14_09495"	"HMPREF0946_RS03825"
2	2	1	"C4N14_09500"	"HMPREF0946_RS03820"
2	2	1	"C4N14_09505"	"HMPREF0946_RS03815"
2	2	1	"C4N14_09510"	"HMPREF0946_RS03810"
2	2	1	"C4N14_09515"	"HMPREF0946_RS03805"
2	2	1	"C4N14_09520"	"HMPREF0946_RS03800"
2	2	1	"C4N14_09525"	"HMPREF0946_RS03795"
2	2	1	"C4N14_09530"	"HMPREF0946_RS03790"
2	2	1	"C4N14_09535"	"HMPREF0946_RS03785"
2	2	1	"C4N14_09540"	"HMPREF0946_RS03780"
2	2	1	"C4N14_09545"	"HMPREF0946_RS03775"
2	2	1	"C4N14_09550"	"HMPREF0946_RS03770"
2	2	1	"C4N14_09555"	"HMPREF0946_RS03765"
2	2	1	"C4N14_09560"	"HMPREF0946_RS03760"
2	2	1	"C4N14_09565"	"HMPREF0946_RS03755"
2	2	1	"C4N14_09575"	"HMPREF0946_RS03745"
2	2	1	"C4N14_09580"	"HMPREF0946_RS03740"
2	2	1	"C4N14_09590"	"HMPREF0946_RS03735"
2	2	1	"C4N14_09595"	"HMPREF0946_RS03730"
2	2	1	"C4N14_09600"	"HMPREF0946_RS03725"
2	2	1	"C4N14_09605"	"HMPREF0946_RS03720"
2	2	1	"C4N14_09610"	"HMPREF0946_RS03715"
2	2	1	"C4N14_09615"	"HMPREF0946_RS03710"
2	2	1	"C4N14_09620"	"HMPREF0946_RS03705"
2	2	1	"C4N14_09625"	"HMPREF0946_RS03700"
2	2	1	"C4N14_09630"	"HMPREF0946_RS03695"
2	2	1	"C4N14_09635"	"HMPREF0946_RS03690"
2	2	1	"C4N14_09640"	"HMPREF0946_RS03685"
2	2	1	"C4N14_09645"	"HMPREF0946_RS03680"
2	2	1	"C4N14_09650"	"HMPREF0946_RS03675"
2	2	1	"C4N14_09655"	"HMPREF0946_RS03670"
2	2	1	"C4N14_09660"	"HMPREF0946_RS03665"
2	2	1	"C4N14_09665"	"HMPREF0946_RS03660"
2	2	1	"C4N14_09670"	"HMPREF0946_RS03655"
2	2	1	"C4N14_09685"	"HMPREF0946_RS03650"
2	2	1	"C4N14_09690"	"HMPREF0946_RS03645"
2	2	1	"C4N14_09700"	"HMPREF0946_RS03640"
2	2	1	"C4N14_09705"	"HMPREF0946_RS03635"
2	2	1	"C4N14_09710"	"HMPREF0946_RS03630"
2	2	1	"C4N14_09715"	"HMPREF0946_RS03625"
2	2	1	"C4N14_09720"	"HMPREF0946_RS03620"
2	2	1	"C4N14_09725"	"HMPREF0946_RS03615"
2	2	1	"C4N14_09730"	"HMPREF0946_RS03605"
2	2	1	"C4N14_09735"	"HMPREF0946_RS03600"
2	2	1	"C4N14_09740"	"HMPREF0946_RS03595"
2	2	1	"C4N14_09750"	"HMPREF0946_RS03590"
2	2	1	"C4N14_09755"	"HMPREF0946_RS03585"
2	2	1	"C4N14_09765"	"HMPREF0946_RS11405"
2	2	1	"C4N14_09770"	"HMPREF0946_RS03580"
2	2	1	"C4N14_09775"	"HMPREF0946_RS03575"
2	2	1	"C4N14_09780"	"HMPREF0946_RS03570"
2	2	1	"C4N14_09785"	"HMPREF0946_RS03565"
2	2	1	"C4N14_09790"	"HMPREF0946_RS03560"
2	2	1	"C4N14_09805"	"HMPREF0946_RS03555"
2	2	1	"C4N14_09810"	"HMPREF0946_RS03550"
2	2	1	"C4N14_09815"	"HMPREF0946_RS03545"
2	2	1	"C4N14_09820"	"HMPREF0946_RS03540"
2	2	1	"C4N14_09825"	"HMPREF0946_RS03535"
2	2	1	"C4N14_09830"	"HMPREF0946_RS03530"
2	2	1	"C4N14_09835"	"HMPREF0946_RS03525"
2	2	1	"C4N14_09840"	"HMPREF0946_RS03520"
2	2	1	"C4N14_09845"	"HMPREF0946_RS03515"
2	2	1	"C4N14_09850"	"HMPREF0946_RS03510"
2	2	1	"C4N14_09855"	"HMPREF0946_RS03505"
2	2	1	"C4N14_09860"	"HMPREF0946_RS03500"
2	2	1	"C4N14_09865"	"HMPREF0946_RS03495"
2	2	1	"C4N14_09870"	"HMPREF0946_RS05565"
2	2	1	"C4N14_09875"	"HMPREF0946_RS03490"
2	2	1	"C4N14_09880"	"HMPREF0946_RS03485"
2	2	1	"C4N14_09885"	"HMPREF0946_RS03480"
2	2	1	"C4N14_09890"	"HMPREF0946_RS03475"
2	2	1	"C4N14_09895"	"HMPREF0946_RS03470"
2	2	1	"C4N14_09900"	"HMPREF0946_RS03465"
2	2	1	"C4N14_09905"	"HMPREF0946_RS03460"
2	2	1	"C4N14_09910"	"HMPREF0946_RS03455"
2	2	1	"C4N14_09915"	"HMPREF0946_RS03450"
2	2	1	"C4N14_09920"	"HMPREF0946_RS03445"
2	2	1	"C4N14_09925"	"HMPREF0946_RS03440"
2	2	1	"C4N14_09930"	"HMPREF0946_RS03435"
2	2	1	"C4N14_09935"	"HMPREF0946_RS03430"
2	2	1	"C4N14_09940"	"HMPREF0946_RS03420"
2	2	1	"C4N14_09945"	"HMPREF0946_RS03415"
2	2	1	"C4N14_09950"	"HMPREF0946_RS03410"
2	2	1	"C4N14_09955"	"HMPREF0946_RS03405"
2	2	1	"C4N14_09960"	"HMPREF0946_RS03395"
2	2	1	"C4N14_09965"	"HMPREF0946_RS03390"
2	2	1	"C4N14_09985"	"HMPREF0946_RS03370"
2	2	1	"C4N14_09990"	"HMPREF0946_RS03365"
2	2	1	"C4N14_09995"	"HMPREF0946_RS03360"
2	2	1	"C4N14_10000"	"HMPREF0946_RS03355"
2	2	1	"C4N14_10005"	"HMPREF0946_RS03350"
2	2	1	"C4N14_10030"	"HMPREF0946_RS03315"
2	2	1	"C4N14_10040"	"HMPREF0946_RS03305"
2	2	1	"C4N14_10045"	"HMPREF0946_RS03300"
2	2	1	"C4N14_10055"	"HMPREF0946_RS03295"
2	2	1	"C4N14_10060"	"HMPREF0946_RS03290"
2	2	1	"C4N14_10065"	"HMPREF0946_RS03285"
2	2	1	"C4N14_10070"	"HMPREF0946_RS03280"
2	2	1	"C4N14_10075"	"HMPREF0946_RS03275"
2	2	1	"C4N14_10080"	"HMPREF0946_RS03270"
2	2	1	"C4N14_10085"	"HMPREF0946_RS03265"
2	2	1	"C4N14_10095"	"HMPREF0946_RS03210"
2	2	1	"C4N14_10105"	"HMPREF0946_RS03200"
2	2	1	"C4N14_10110"	"HMPREF0946_RS03195"
2	2	1	"C4N14_10115"	"HMPREF0946_RS03190"
2	2	1	"C4N14_10120"	"HMPREF0946_RS03185"
2	2	1	"C4N14_10125"	"HMPREF0946_RS03180"
2	2	1	"C4N14_10130"	"HMPREF0946_RS03175"
2	2	1	"C4N14_10135"	"HMPREF0946_RS03170"
2	2	1	"C4N14_10140"	"HMPREF0946_RS03150"
2	2	1	"C4N14_10145"	"HMPREF0946_RS03145"
2	2	1	"C4N14_10150"	"HMPREF0946_RS03140"
2	2	1	"C4N14_10155"	"HMPREF0946_RS03130"
2	2	1	"C4N14_10165"	"HMPREF0946_RS03125"
2	2	1	"C4N14_10170"	"HMPREF0946_RS03120"
2	2	1	"C4N14_10175"	"HMPREF0946_RS03115"
2	2	1	"C4N14_10180"	"HMPREF0946_RS03110"
2	2	1	"C4N14_10185"	"HMPREF0946_RS03105"
2	2	1	"C4N14_10190"	"HMPREF0946_RS03100"
2	2	1	"C4N14_10195"	"HMPREF0946_RS03095"
2	2	1	"C4N14_10200"	"HMPREF0946_RS03090"
2	2	1	"C4N14_10205"	"HMPREF0946_RS03085"
2	2	1	"C4N14_10210"	"HMPREF0946_RS03080"
2	2	1	"C4N14_10220"	"HMPREF0946_RS03075"
2	2	1	"C4N14_10225"	"HMPREF0946_RS03070"
2	2	1	"C4N14_10230"	"HMPREF0946_RS03065"
2	2	1	"C4N14_10235"	"HMPREF0946_RS03060"
2	2	1	"C4N14_10240"	"HMPREF0946_RS03055"
2	2	1	"C4N14_10245"	"HMPREF0946_RS03050"
2	2	1	"C4N14_10250"	"HMPREF0946_RS03045"
2	2	1	"C4N14_10255"	"HMPREF0946_RS03040"
2	2	1	"C4N14_10260"	"HMPREF0946_RS03035"
2	2	1	"C4N14_10265"	"HMPREF0946_RS03030"
2	2	1	"C4N14_10270"	"HMPREF0946_RS03025"
2	2	1	"C4N14_10275"	"HMPREF0946_RS03020"
2	2	1	"C4N14_10280"	"HMPREF0946_RS03015"
2	2	1	"C4N14_10285"	"HMPREF0946_RS03010"
2	2	1	"C4N14_10290"	"HMPREF0946_RS03005"
2	2	1	"C4N14_10295"	"HMPREF0946_RS03000"
2	2	1	"C4N14_10300"	"HMPREF0946_RS02995"
2	2	1	"C4N14_10305"	"HMPREF0946_RS02990"
2	2	1	"C4N14_10310"	"HMPREF0946_RS02985"
2	2	1	"C4N14_10315"	"HMPREF0946_RS02980"
2	2	1	"C4N14_10320"	"HMPREF0946_RS02975"
2	2	1	"C4N14_10325"	"HMPREF0946_RS02970"
2	2	1	"C4N14_10330"	"HMPREF0946_RS02965"
2	2	1	"C4N14_10335"	"HMPREF0946_RS02960"
2	2	1	"C4N14_10345"	"HMPREF0946_RS02910"
2	2	1	"C4N14_10355"	"HMPREF0946_RS02905"
2	2	1	"C4N14_10360"	"HMPREF0946_RS02900"
2	2	1	"C4N14_10365"	"HMPREF0946_RS02895"
2	2	1	"C4N14_10400"	"HMPREF0946_RS02870"
2	2	1	"C4N14_10405"	"HMPREF0946_RS02865"
2	2	1	"C4N14_10410"	"HMPREF0946_RS02860"
2	2	1	"C4N14_10415"	"HMPREF0946_RS02855"
2	2	1	"C4N14_10420"	"HMPREF0946_RS02850"
2	2	1	"C4N14_10425"	"HMPREF0946_RS02845"
2	2	1	"C4N14_10485"	"HMPREF0946_RS02840"
2	2	1	"C4N14_10490"	"HMPREF0946_RS02835"
2	2	1	"C4N14_10495"	"HMPREF0946_RS02830"
2	2	1	"C4N14_10500"	"HMPREF0946_RS02825"
2	2	1	"C4N14_10505"	"HMPREF0946_RS02820"
2	2	1	"C4N14_10510"	"HMPREF0946_RS02815"
2	2	1	"C4N14_10515"	"HMPREF0946_RS02810"
2	2	1	"C4N14_10520"	"HMPREF0946_RS02805"
2	2	1	"C4N14_10525"	"HMPREF0946_RS02800"
2	2	1	"C4N14_10530"	"HMPREF0946_RS02795"
2	2	1	"C4N14_10535"	"HMPREF0946_RS02790"
2	2	1	"C4N14_10545"	"HMPREF0946_RS02785"
2	2	1	"C4N14_10550"	"HMPREF0946_RS11665"
2	2	1	"C4N14_10565"	"HMPREF0946_RS02770"
2	2	1	"C4N14_10570"	"HMPREF0946_RS08605"
2	2	1	"C4N14_10575"	"HMPREF0946_RS08610"
2	2	1	"C4N14_10580"	"HMPREF0946_RS08615"
2	2	1	"C4N14_10585"	"HMPREF0946_RS08620"
2	2	1	"C4N14_10590"	"HMPREF0946_RS08625"
2	2	1	"C4N14_10595"	"HMPREF0946_RS08630"
2	2	1	"C4N14_10600"	"HMPREF0946_RS08635"
2	2	1	"C4N14_10615"	"HMPREF0946_RS08650"
2	2	1	"C4N14_10625"	"HMPREF0946_RS08655"
2	2	1	"C4N14_10630"	"HMPREF0946_RS08670"
2	2	1	"C4N14_10635"	"HMPREF0946_RS08675"
2	2	1	"C4N14_10640"	"HMPREF0946_RS08685"
2	2	1	"C4N14_10665"	"HMPREF0946_RS09035"
2	2	1	"C4N14_10670"	"HMPREF0946_RS09040"
2	2	1	"C4N14_10675"	"HMPREF0946_RS09045"
2	2	1	"C4N14_10680"	"HMPREF0946_RS09050"
2	2	1	"C4N14_10685"	"HMPREF0946_RS09055"
2	2	1	"C4N14_10690"	"HMPREF0946_RS09060"
2	2	1	"C4N14_10695"	"HMPREF0946_RS09065"
2	2	1	"C4N14_10700"	"HMPREF0946_RS09070"
2	2	1	"C4N14_10705"	"HMPREF0946_RS09075"
2	2	1	"C4N14_10710"	"HMPREF0946_RS09080"
2	2	1	"C4N14_10715"	"HMPREF0946_RS09085"
2	2	1	"C4N14_10725"	"HMPREF0946_RS09090"
2	2	1	"C4N14_10730"	"HMPREF0946_RS09095"
2	2	1	"C4N14_10735"	"HMPREF0946_RS09100"
2	2	1	"C4N14_10740"	"HMPREF0946_RS09120"
2	2	1	"C4N14_10750"	"HMPREF0946_RS09135"
2	2	1	"C4N14_10755"	"HMPREF0946_RS09140"
2	2	1	"C4N14_10765"	"HMPREF0946_RS09145"
2	2	1	"C4N14_10770"	"HMPREF0946_RS09150"
2	2	1	"C4N14_10775"	"HMPREF0946_RS09175"
2	2	1	"C4N14_10780"	"HMPREF0946_RS09180"
2	2	1	"C4N14_10785"	"HMPREF0946_RS09185"
2	2	1	"C4N14_10790"	"HMPREF0946_RS09190"
2	2	1	"C4N14_10795"	"HMPREF0946_RS09195"
2	2	1	"C4N14_10800"	"HMPREF0946_RS09200"
2	2	1	"C4N14_10805"	"HMPREF0946_RS09205"
2	2	1	"C4N14_10810"	"HMPREF0946_RS09210"
2	2	1	"C4N14_10815"	"HMPREF0946_RS09215"
2	2	1	"C4N14_10820"	"HMPREF0946_RS09220"
2	2	1	"C4N14_10825"	"HMPREF0946_RS09225"
2	2	1	"C4N14_10830"	"HMPREF0946_RS09230"
2	2	1	"C4N14_10835"	"HMPREF0946_RS09235"
2	2	1	"C4N14_10840"	"HMPREF0946_RS09240"
2	2	1	"C4N14_10845"	"HMPREF0946_RS09245"
2	2	1	"C4N14_10850"	"HMPREF0946_RS09250"
2	2	1	"C4N14_10855"	"HMPREF0946_RS09255"
2	2	1	"C4N14_10860"	"HMPREF0946_RS09260"
2	2	1	"C4N14_10865"	"HMPREF0946_RS09265"
2	2	1	"C4N14_10870"	"HMPREF0946_RS09270"
2	2	1	"C4N14_10875"	"HMPREF0946_RS09275"
2	2	1	"C4N14_10880"	"HMPREF0946_RS09280"
2	2	1	"C4N14_10885"	"HMPREF0946_RS09285"
2	2	1	"fscp1"	"HMPREF0946_RS11510"
2	2	1	"fusolisin"	"HMPREF0946_RS02775"
