"Species"	"Genes"	"Alg.-Conn."	"CDS_FNN_23726"	"CDS_FNN_25586"
2	2	1	"C4N14_RS00005"	"FN1493"
2	2	1	"C4N14_RS00010"	"FN1496"
2	2	1	"C4N14_RS00015"	"FN1497"
2	2	1	"C4N14_RS00020"	"FN1498"
2	2	1	"C4N14_RS00025"	"FN1499"
2	2	1	"C4N14_RS00030"	"FN1500"
2	2	1	"C4N14_RS00035"	"FN1501"
2	2	1	"C4N14_RS00040"	"FN1502"
2	2	1	"C4N14_RS00045"	"FN1503"
2	2	1	"C4N14_RS00050"	"FN1504"
2	2	1	"C4N14_RS00055"	"FN1505"
2	2	1	"C4N14_RS00060"	"FN1506"
2	2	1	"C4N14_RS00065"	"FN1507"
2	2	1	"C4N14_RS00070"	"FN1508"
2	2	1	"C4N14_RS00075"	"FN1512"
2	2	1	"C4N14_RS00085"	"FN1514"
2	2	1	"C4N14_RS00090"	"FN1515"
2	2	1	"C4N14_RS00105"	"FN1516"
2	2	1	"C4N14_RS00110"	"FN1517"
2	2	1	"C4N14_RS00115"	"FN1518"
2	2	1	"C4N14_RS00120"	"FN1519"
2	2	1	"C4N14_RS00125"	"FN1520"
2	2	1	"C4N14_RS00140"	"FN1521"
2	2	1	"C4N14_RS00145"	"FN1522"
2	2	1	"C4N14_RS00150"	"FN1523"
2	2	1	"C4N14_RS00155"	"FN1524"
2	2	1	"C4N14_RS00160"	"FN1525"
2	2	1	"C4N14_RS00165"	"FN1526"
2	2	1	"C4N14_RS00170"	"FN1527"
2	2	1	"C4N14_RS00175"	"FN1528"
2	2	1	"C4N14_RS00180"	"FN1529"
2	2	1	"C4N14_RS00190"	"FN1531"
2	2	1	"C4N14_RS00195"	"FN1532"
2	2	1	"C4N14_RS00200"	"FN1533"
2	2	1	"C4N14_RS00205"	"FN1534"
2	2	1	"C4N14_RS00210"	"FN1535"
2	2	1	"C4N14_RS00215"	"FN1536"
2	2	1	"C4N14_RS00220"	"FN1537"
2	2	1	"C4N14_RS00225"	"FN1538"
2	2	1	"C4N14_RS00230"	"FN1539"
2	2	1	"C4N14_RS00235"	"FN1540"
2	2	1	"C4N14_RS00240"	"FN1541"
2	2	1	"C4N14_RS00245"	"FN1542"
2	2	1	"C4N14_RS00250"	"FN1543"
2	2	1	"C4N14_RS00255"	"FN1544"
2	2	1	"C4N14_RS00260"	"FN1545"
2	2	1	"C4N14_RS00265"	"FN1546"
2	2	1	"C4N14_RS00270"	"FN1547"
2	2	1	"C4N14_RS00275"	"FN1548"
2	2	1	"C4N14_RS00280"	"FN1549"
2	2	1	"C4N14_RS00285"	"FN1550"
2	2	1	"C4N14_RS00290"	"FN1551"
2	2	1	"C4N14_RS00295"	"FN1552"
2	2	1	"C4N14_RS00300"	"FN1553"
2	2	1	"C4N14_RS00305"	"FN1554"
2	2	1	"C4N14_RS00310"	"FN1555"
2	2	1	"C4N14_RS00315"	"FN1556"
2	2	1	"C4N14_RS00320"	"FN1557"
2	2	1	"C4N14_RS00325"	"FN1558"
2	2	1	"C4N14_RS00360"	"FN1559"
2	2	1	"C4N14_RS00365"	"FN1560"
2	2	1	"C4N14_RS00370"	"FN1561"
2	2	1	"C4N14_RS00375"	"FN1562"
2	2	1	"C4N14_RS00380"	"FN1563"
2	2	1	"C4N14_RS00440"	"FN1575"
2	2	1	"C4N14_RS00445"	"FN1576"
2	2	1	"C4N14_RS00450"	"FN1577"
2	2	1	"C4N14_RS00455"	"FN1578"
2	2	1	"C4N14_RS00460"	"FN1579"
2	2	1	"C4N14_RS00465"	"FN1580"
2	2	1	"C4N14_RS00470"	"FN1581"
2	2	1	"C4N14_RS00475"	"FN1582"
2	2	1	"C4N14_RS00480"	"FN1583"
2	2	1	"C4N14_RS00485"	"FN1584"
2	2	1	"C4N14_RS00490"	"FN1585"
2	2	1	"C4N14_RS00495"	"FN1586"
2	2	1	"C4N14_RS00500"	"FN1587"
2	2	1	"C4N14_RS00505"	"FN1589"
2	2	1	"C4N14_RS00510"	"FN1590"
2	2	1	"C4N14_RS00515"	"FN1591"
2	2	1	"C4N14_RS00520"	"FN1592"
2	2	1	"C4N14_RS00525"	"FN1593"
2	2	1	"C4N14_RS00530"	"FN1594"
2	2	1	"C4N14_RS00535"	"FN1595"
2	2	1	"C4N14_RS00540"	"FN1596"
2	2	1	"C4N14_RS00545"	"FN1597"
2	2	1	"C4N14_RS00550"	"FN1598"
2	2	1	"C4N14_RS00560"	"FN1600"
2	2	1	"C4N14_RS00565"	"FN1601"
2	2	1	"C4N14_RS00570"	"FN1602"
2	2	1	"C4N14_RS00575"	"FN1603"
2	2	1	"C4N14_RS00585"	"FN1605"
2	2	1	"C4N14_RS00590"	"FN1606"
2	2	1	"C4N14_RS00595"	"FN1607"
2	2	1	"C4N14_RS00600"	"FN1608"
2	2	1	"C4N14_RS00605"	"FN1609"
2	2	1	"C4N14_RS00610"	"FN1610"
2	2	1	"C4N14_RS00615"	"FN1611"
2	2	1	"C4N14_RS00620"	"FN1612"
2	2	1	"C4N14_RS00625"	"FN1613"
2	2	1	"C4N14_RS00630"	"FN1614"
2	2	1	"C4N14_RS00635"	"FN1615"
2	2	1	"C4N14_RS00640"	"FN1616"
2	2	1	"C4N14_RS00645"	"FN1617"
2	2	1	"C4N14_RS00650"	"FN1618"
2	2	1	"C4N14_RS00655"	"FN1619"
2	2	1	"C4N14_RS00660"	"FN1620"
2	2	1	"C4N14_RS00665"	"FN1621"
2	2	1	"C4N14_RS00670"	"FN1622"
2	2	1	"C4N14_RS00675"	"FN1623"
2	2	1	"C4N14_RS00680"	"FN1624"
2	2	1	"C4N14_RS00685"	"FN1625"
2	2	1	"C4N14_RS00690"	"FN1626"
2	2	1	"C4N14_RS00695"	"FN1627"
2	2	1	"C4N14_RS00700"	"FN1628"
2	2	1	"C4N14_RS00705"	"FN1629"
2	2	1	"C4N14_RS00710"	"FN1630"
2	2	1	"C4N14_RS00715"	"FN1631"
2	2	1	"C4N14_RS00720"	"FN1632"
2	2	1	"C4N14_RS00725"	"FN1633"
2	2	1	"C4N14_RS00730"	"FN1635"
2	2	1	"C4N14_RS00735"	"FN1636"
2	2	1	"C4N14_RS00740"	"FN1637"
2	2	1	"C4N14_RS00745"	"FN1638"
2	2	1	"C4N14_RS00750"	"FN1639"
2	2	1	"C4N14_RS00755"	"FN1640"
2	2	1	"C4N14_RS00760"	"FN1641"
2	2	1	"C4N14_RS00765"	"FN1642"
2	2	1	"C4N14_RS00770"	"FN1643"
2	2	1	"C4N14_RS00775"	"FN1644"
2	2	1	"C4N14_RS00780"	"FN1645"
2	2	1	"C4N14_RS00785"	"FN1646"
2	2	1	"C4N14_RS00790"	"FN1647"
2	2	1	"C4N14_RS00795"	"FN1648"
2	2	1	"C4N14_RS00800"	"FN1649"
2	2	1	"C4N14_RS00805"	"FN1650"
2	2	1	"C4N14_RS00810"	"FN1651"
2	2	1	"C4N14_RS00815"	"FN1652"
2	2	1	"C4N14_RS00820"	"FN1653"
2	2	1	"C4N14_RS00825"	"FN1654"
2	2	1	"C4N14_RS00830"	"FN1655"
2	2	1	"C4N14_RS00840"	"FN1656"
2	2	1	"C4N14_RS00845"	"FN1657"
2	2	1	"C4N14_RS00850"	"FN1658"
2	2	1	"C4N14_RS00855"	"FN1660"
2	2	1	"C4N14_RS00860"	"FN1661"
2	2	1	"C4N14_RS00865"	"FN1662"
2	2	1	"C4N14_RS00870"	"FN1663"
2	2	1	"C4N14_RS00875"	"FN1664"
2	2	1	"C4N14_RS00880"	"FN1665"
2	2	1	"C4N14_RS00885"	"FN1666"
2	2	1	"C4N14_RS00890"	"FN1667"
2	2	1	"C4N14_RS00935"	"FN1686"
2	2	1	"C4N14_RS00940"	"FN1687"
2	2	1	"C4N14_RS00950"	"FN1689"
2	2	1	"C4N14_RS01010"	"FN1696"
2	2	1	"C4N14_RS01015"	"FN1697"
2	2	1	"C4N14_RS01025"	"FN1700"
2	2	1	"C4N14_RS01030"	"FN1701"
2	2	1	"C4N14_RS01035"	"FN1702"
2	2	1	"C4N14_RS01040"	"FN1703"
2	2	1	"C4N14_RS01045"	"FN1704"
2	2	1	"C4N14_RS01050"	"FN1706"
2	2	1	"C4N14_RS01055"	"FN1707"
2	2	1	"C4N14_RS01060"	"FN1708"
2	2	1	"C4N14_RS01065"	"FN1709"
2	2	1	"C4N14_RS01070"	"FN1710"
2	2	1	"C4N14_RS01075"	"FN1711"
2	2	1	"C4N14_RS01080"	"FN1712"
2	2	1	"C4N14_RS01085"	"FN1713"
2	2	1	"C4N14_RS01100"	"FN1676"
2	2	1	"C4N14_RS01160"	"FN1714"
2	2	1	"C4N14_RS01165"	"FN1715"
2	2	1	"C4N14_RS01170"	"FN1716"
2	2	1	"C4N14_RS01175"	"FN1717"
2	2	1	"C4N14_RS01180"	"FN1718"
2	2	1	"C4N14_RS01185"	"FN1719"
2	2	1	"C4N14_RS01190"	"FN1722"
2	2	1	"C4N14_RS01195"	"FN1723"
2	2	1	"C4N14_RS01200"	"FN1724"
2	2	1	"C4N14_RS01205"	"FN1725"
2	2	1	"C4N14_RS01210"	"FN1726"
2	2	1	"C4N14_RS01215"	"FN1727"
2	2	1	"C4N14_RS01220"	"FN1728"
2	2	1	"C4N14_RS01225"	"FN1729"
2	2	1	"C4N14_RS01230"	"FN1730"
2	2	1	"C4N14_RS01235"	"FN1731"
2	2	1	"C4N14_RS01240"	"FN1732"
2	2	1	"C4N14_RS01245"	"FN1733"
2	2	1	"C4N14_RS01250"	"FN1734"
2	2	1	"C4N14_RS01255"	"FN1735"
2	2	1	"C4N14_RS01260"	"FN1737"
2	2	1	"C4N14_RS01265"	"FN1738"
2	2	1	"C4N14_RS01270"	"FN1739"
2	2	1	"C4N14_RS01275"	"FN1740"
2	2	1	"C4N14_RS01280"	"FN1741"
2	2	1	"C4N14_RS01285"	"FN1742"
2	2	1	"C4N14_RS01290"	"FN1743"
2	2	1	"C4N14_RS01295"	"FN1744"
2	2	1	"C4N14_RS01300"	"FN1745"
2	2	1	"C4N14_RS01305"	"FN1746"
2	2	1	"C4N14_RS01310"	"FN1747"
2	2	1	"C4N14_RS01330"	"FN1752"
2	2	1	"C4N14_RS01335"	"FN1753"
2	2	1	"C4N14_RS01340"	"FN1754"
2	2	1	"C4N14_RS01345"	"FN1755"
2	2	1	"C4N14_RS01350"	"FN1756"
2	2	1	"C4N14_RS01355"	"FN1757"
2	2	1	"C4N14_RS01360"	"FN1758"
2	2	1	"C4N14_RS01365"	"FN1759"
2	2	1	"C4N14_RS01380"	"FN1762"
2	2	1	"C4N14_RS01385"	"FN1763"
2	2	1	"C4N14_RS01390"	"FN1764"
2	2	1	"C4N14_RS01395"	"FN1765"
2	2	1	"C4N14_RS01470"	"FN1780"
2	2	1	"C4N14_RS01475"	"FN1781"
2	2	1	"C4N14_RS01480"	"FN1782"
2	2	1	"C4N14_RS01485"	"FN1783"
2	2	1	"C4N14_RS01490"	"FN1784"
2	2	1	"C4N14_RS01495"	"FN1785"
2	2	1	"C4N14_RS01500"	"FN1786"
2	2	1	"C4N14_RS01505"	"FN1788"
2	2	1	"C4N14_RS01510"	"FN1789"
2	2	1	"C4N14_RS01515"	"FN1790"
2	2	1	"C4N14_RS01520"	"FN1791"
2	2	1	"C4N14_RS01525"	"FN1792"
2	2	1	"C4N14_RS01530"	"FN1793"
2	2	1	"C4N14_RS01535"	"FN1794"
2	2	1	"C4N14_RS01550"	"FN1796"
2	2	1	"C4N14_RS01555"	"FN1797"
2	2	1	"C4N14_RS01560"	"FN1798"
2	2	1	"C4N14_RS01565"	"FN1799"
2	2	1	"C4N14_RS01570"	"FN1800"
2	2	1	"C4N14_RS01575"	"FN1801"
2	2	1	"C4N14_RS01580"	"FN1803"
2	2	1	"C4N14_RS01585"	"FN1804"
2	2	1	"C4N14_RS01590"	"FN1805"
2	2	1	"C4N14_RS01595"	"FN1806"
2	2	1	"C4N14_RS01600"	"FN1807"
2	2	1	"C4N14_RS01605"	"FN1808"
2	2	1	"C4N14_RS01610"	"FN1809"
2	2	1	"C4N14_RS01615"	"FN1810"
2	2	1	"C4N14_RS01620"	"FN1811"
2	2	1	"C4N14_RS01625"	"FN1812"
2	2	1	"C4N14_RS01630"	"FN1813"
2	2	1	"C4N14_RS01635"	"FN1814"
2	2	1	"C4N14_RS01640"	"FN1815"
2	2	1	"C4N14_RS01645"	"FN1816"
2	2	1	"C4N14_RS01650"	"FN1817"
2	2	1	"C4N14_RS01660"	"FN0130"
2	2	1	"C4N14_RS01665"	"FN0129"
2	2	1	"C4N14_RS01670"	"FN0128"
2	2	1	"C4N14_RS01675"	"FN0127"
2	2	1	"C4N14_RS01695"	"FN0123"
2	2	1	"C4N14_RS01700"	"FN0121"
2	2	1	"C4N14_RS01705"	"FN0119"
2	2	1	"C4N14_RS01710"	"FN0118"
2	2	1	"C4N14_RS01715"	"FN0117"
2	2	1	"C4N14_RS01725"	"FN0116"
2	2	1	"C4N14_RS01730"	"FN0114"
2	2	1	"C4N14_RS01735"	"FN0113"
2	2	1	"C4N14_RS01740"	"FN0111"
2	2	1	"C4N14_RS01745"	"FN0110"
2	2	1	"C4N14_RS01750"	"FN0109"
2	2	1	"C4N14_RS01755"	"FN0108"
2	2	1	"C4N14_RS01760"	"FN0107"
2	2	1	"C4N14_RS01765"	"FN0106"
2	2	1	"C4N14_RS01770"	"FN0105"
2	2	1	"C4N14_RS01775"	"FN0104"
2	2	1	"C4N14_RS01780"	"FN0103"
2	2	1	"C4N14_RS01785"	"FN0102"
2	2	1	"C4N14_RS01790"	"FN0101"
2	2	1	"C4N14_RS01795"	"FN0100"
2	2	1	"C4N14_RS01800"	"FN0099"
2	2	1	"C4N14_RS01825"	"FN2029"
2	2	1	"C4N14_RS01830"	"FN2030"
2	2	1	"C4N14_RS01835"	"FN2031"
2	2	1	"C4N14_RS01840"	"FN2032"
2	2	1	"C4N14_RS01845"	"FN2033"
2	2	1	"C4N14_RS01850"	"FN2034"
2	2	1	"C4N14_RS01855"	"FN2035"
2	2	1	"C4N14_RS01860"	"FN2036"
2	2	1	"C4N14_RS01865"	"FN2037"
2	2	1	"C4N14_RS01870"	"FN2038"
2	2	1	"C4N14_RS01875"	"FN2039"
2	2	1	"C4N14_RS01880"	"FN2040"
2	2	1	"C4N14_RS01885"	"FN2041"
2	2	1	"C4N14_RS01890"	"FN2042"
2	2	1	"C4N14_RS01900"	"FN2044"
2	2	1	"C4N14_RS01905"	"FN2045"
2	2	1	"C4N14_RS01910"	"FN2046"
2	2	1	"C4N14_RS01915"	"FN2047"
2	2	1	"C4N14_RS01945"	"FN2053"
2	2	1	"C4N14_RS01950"	"FN2054"
2	2	1	"C4N14_RS01955"	"FN2055"
2	2	1	"C4N14_RS01960"	"FN2058"
2	2	1	"C4N14_RS01995"	"FN2064"
2	2	1	"C4N14_RS02000"	"FN2065"
2	2	1	"C4N14_RS02005"	"FN2066"
2	2	1	"C4N14_RS02015"	"FN2067"
2	2	1	"C4N14_RS02020"	"FN2068"
2	2	1	"C4N14_RS02025"	"FN2069"
2	2	1	"C4N14_RS02030"	"FN2070"
2	2	1	"C4N14_RS02035"	"FN2071"
2	2	1	"C4N14_RS02040"	"FN2072"
2	2	1	"C4N14_RS02045"	"FN2073"
2	2	1	"C4N14_RS02050"	"FN2077"
2	2	1	"C4N14_RS02055"	"FN2078"
2	2	1	"C4N14_RS02060"	"FN2079"
2	2	1	"C4N14_RS02065"	"FN2080"
2	2	1	"C4N14_RS02070"	"FN2081"
2	2	1	"C4N14_RS02080"	"FN2082"
2	2	1	"C4N14_RS02085"	"FN2083"
2	2	1	"C4N14_RS02090"	"FN2084"
2	2	1	"C4N14_RS02095"	"FN2085"
2	2	1	"C4N14_RS02100"	"FN2086"
2	2	1	"C4N14_RS02105"	"FN2087"
2	2	1	"C4N14_RS02110"	"FN2088"
2	2	1	"C4N14_RS02115"	"FN2089"
2	2	1	"C4N14_RS02120"	"FN2090"
2	2	1	"C4N14_RS02125"	"FN2091"
2	2	1	"C4N14_RS02130"	"FN2092"
2	2	1	"C4N14_RS02135"	"FN2093"
2	2	1	"C4N14_RS02140"	"FN2094"
2	2	1	"C4N14_RS02145"	"FN2095"
2	2	1	"C4N14_RS02150"	"FN2096"
2	2	1	"C4N14_RS02155"	"FN2097"
2	2	1	"C4N14_RS02160"	"FN2098"
2	2	1	"C4N14_RS02165"	"FN2099"
2	2	1	"C4N14_RS02170"	"FN2100"
2	2	1	"C4N14_RS02175"	"FN2101"
2	2	1	"C4N14_RS02180"	"FN2102"
2	2	1	"C4N14_RS02185"	"FN2103"
2	2	1	"C4N14_RS02190"	"FN2104"
2	2	1	"C4N14_RS02195"	"FN2105"
2	2	1	"C4N14_RS02200"	"FN2106"
2	2	1	"C4N14_RS02205"	"FN2107"
2	2	1	"C4N14_RS02210"	"FN2108"
2	2	1	"C4N14_RS02215"	"FN2109"
2	2	1	"C4N14_RS02290"	"FN2114"
2	2	1	"C4N14_RS02300"	"FN2120"
2	2	1	"C4N14_RS02305"	"FN2121"
2	2	1	"C4N14_RS02310"	"FN2122"
2	2	1	"C4N14_RS02315"	"FN2123"
2	2	1	"C4N14_RS02320"	"FN2124"
2	2	1	"C4N14_RS02325"	"FN2125"
2	2	1	"C4N14_RS02330"	"FN2126"
2	2	1	"C4N14_RS02335"	"FN2127"
2	2	1	"C4N14_RS02340"	"FN2128"
2	2	1	"C4N14_RS02345"	"FN2129"
2	2	1	"C4N14_RS02350"	"FN0001"
2	2	1	"C4N14_RS02360"	"FN0002"
2	2	1	"C4N14_RS02365"	"FN0003"
2	2	1	"C4N14_RS02370"	"FN0004"
2	2	1	"C4N14_RS02375"	"FN0005"
2	2	1	"C4N14_RS02380"	"FN0006"
2	2	1	"C4N14_RS02385"	"FN0007"
2	2	1	"C4N14_RS02390"	"FN0008"
2	2	1	"C4N14_RS02395"	"FN0009"
2	2	1	"C4N14_RS02400"	"FN0010"
2	2	1	"C4N14_RS02405"	"FN0011"
2	2	1	"C4N14_RS02410"	"FN0012"
2	2	1	"C4N14_RS02415"	"FN0013"
2	2	1	"C4N14_RS02420"	"FN0015"
2	2	1	"C4N14_RS02425"	"FN0016"
2	2	1	"C4N14_RS02430"	"FN0017"
2	2	1	"C4N14_RS02435"	"FN0018"
2	2	1	"C4N14_RS02440"	"FN0019"
2	2	1	"C4N14_RS02445"	"FN0020"
2	2	1	"C4N14_RS02450"	"FN0021"
2	2	1	"C4N14_RS02455"	"FN0022"
2	2	1	"C4N14_RS02460"	"FN0023"
2	2	1	"C4N14_RS02465"	"FN0024"
2	2	1	"C4N14_RS02470"	"FN0025"
2	2	1	"C4N14_RS02475"	"FN0026"
2	2	1	"C4N14_RS02480"	"FN0029"
2	2	1	"C4N14_RS02485"	"FN0030"
2	2	1	"C4N14_RS02495"	"FN0031"
2	2	1	"C4N14_RS02500"	"FN0032"
2	2	1	"C4N14_RS02505"	"FN0033"
2	2	1	"C4N14_RS02510"	"FN0034"
2	2	1	"C4N14_RS02515"	"FN0036"
2	2	1	"C4N14_RS02520"	"FN0037"
2	2	1	"C4N14_RS02525"	"FN0038"
2	2	1	"C4N14_RS02530"	"FN0039"
2	2	1	"C4N14_RS02535"	"FN0040"
2	2	1	"C4N14_RS02540"	"FN0041"
2	2	1	"C4N14_RS02545"	"FN0042"
2	2	1	"C4N14_RS02550"	"FN0043"
2	2	1	"C4N14_RS02555"	"FN0044"
2	2	1	"C4N14_RS02560"	"FN0045"
2	2	1	"C4N14_RS02565"	"FN0046"
2	2	1	"C4N14_RS02570"	"FN0047"
2	2	1	"C4N14_RS02575"	"FN0048"
2	2	1	"C4N14_RS02580"	"FN0049"
2	2	1	"C4N14_RS02585"	"FN0050"
2	2	1	"C4N14_RS02595"	"FN0052"
2	2	1	"C4N14_RS02600"	"FN0053"
2	2	1	"C4N14_RS02605"	"FN0054"
2	2	1	"C4N14_RS02610"	"FN0055"
2	2	1	"C4N14_RS02615"	"FN0056"
2	2	1	"C4N14_RS02620"	"FN0057"
2	2	1	"C4N14_RS02625"	"FN0058"
2	2	1	"C4N14_RS02630"	"FN0059"
2	2	1	"C4N14_RS02635"	"FN0060"
2	2	1	"C4N14_RS02640"	"FN0061"
2	2	1	"C4N14_RS02645"	"FN0062"
2	2	1	"C4N14_RS02650"	"FN0063"
2	2	1	"C4N14_RS02655"	"FN0064"
2	2	1	"C4N14_RS02660"	"FN0065"
2	2	1	"C4N14_RS02665"	"FN0066"
2	2	1	"C4N14_RS02670"	"FN0067"
2	2	1	"C4N14_RS02675"	"FN0068"
2	2	1	"C4N14_RS02680"	"FN0069"
2	2	1	"C4N14_RS02690"	"FN0070"
2	2	1	"C4N14_RS02695"	"FN0071"
2	2	1	"C4N14_RS02705"	"FN0291"
2	2	1	"C4N14_RS02740"	"FN0072"
2	2	1	"C4N14_RS02745"	"FN0073"
2	2	1	"C4N14_RS02750"	"FN0074"
2	2	1	"C4N14_RS02755"	"FN0075"
2	2	1	"C4N14_RS02760"	"FN0076"
2	2	1	"C4N14_RS02765"	"FN0077"
2	2	1	"C4N14_RS02770"	"FN0078"
2	2	1	"C4N14_RS02775"	"FN0079"
2	2	1	"C4N14_RS02780"	"FN0080"
2	2	1	"C4N14_RS02785"	"FN0081"
2	2	1	"C4N14_RS02790"	"FN0082"
2	2	1	"C4N14_RS02795"	"FN0083"
2	2	1	"C4N14_RS02800"	"FN0084"
2	2	1	"C4N14_RS02805"	"FN0085"
2	2	1	"C4N14_RS02810"	"FN0086"
2	2	1	"C4N14_RS02815"	"FN0087"
2	2	1	"C4N14_RS02820"	"FN0088"
2	2	1	"C4N14_RS02825"	"FN0089"
2	2	1	"C4N14_RS02830"	"FN0090"
2	2	1	"C4N14_RS02835"	"FN0091"
2	2	1	"C4N14_RS02840"	"FN0092"
2	2	1	"C4N14_RS02845"	"FN0093"
2	2	1	"C4N14_RS02875"	"FN2023"
2	2	1	"C4N14_RS02880"	"FN2022"
2	2	1	"C4N14_RS02885"	"FN2021"
2	2	1	"C4N14_RS02890"	"FN2020"
2	2	1	"C4N14_RS02895"	"FN2019"
2	2	1	"C4N14_RS02900"	"FN2018"
2	2	1	"C4N14_RS02905"	"FN2017"
2	2	1	"C4N14_RS02910"	"FN2016"
2	2	1	"C4N14_RS02915"	"FN2015"
2	2	1	"C4N14_RS02920"	"FN2014"
2	2	1	"C4N14_RS02925"	"FN2013"
2	2	1	"C4N14_RS02935"	"FN2011"
2	2	1	"C4N14_RS02940"	"FN2010"
2	2	1	"C4N14_RS02945"	"FN2009"
2	2	1	"C4N14_RS02950"	"FN2008"
2	2	1	"C4N14_RS02995"	"FN2007"
2	2	1	"C4N14_RS03000"	"FN2006"
2	2	1	"C4N14_RS03005"	"FN2005"
2	2	1	"C4N14_RS03010"	"FN2004"
2	2	1	"C4N14_RS03015"	"FN2003"
2	2	1	"C4N14_RS03020"	"FN2002"
2	2	1	"C4N14_RS03025"	"FN2001"
2	2	1	"C4N14_RS03030"	"FN1999"
2	2	1	"C4N14_RS03035"	"FN1997"
2	2	1	"C4N14_RS03040"	"FN1996"
2	2	1	"C4N14_RS03045"	"FN1995"
2	2	1	"C4N14_RS03050"	"FN1994"
2	2	1	"C4N14_RS03055"	"FN1993"
2	2	1	"C4N14_RS03060"	"FN1992"
2	2	1	"C4N14_RS03065"	"FN1991"
2	2	1	"C4N14_RS03075"	"FN1989"
2	2	1	"C4N14_RS03080"	"FN1988"
2	2	1	"C4N14_RS03085"	"FN1987"
2	2	1	"C4N14_RS03090"	"FN1986"
2	2	1	"C4N14_RS03095"	"FN1985"
2	2	1	"C4N14_RS03100"	"FN1984"
2	2	1	"C4N14_RS03105"	"FN1983"
2	2	1	"C4N14_RS03110"	"FN1982"
2	2	1	"C4N14_RS03120"	"FN1980"
2	2	1	"C4N14_RS03125"	"FN1979"
2	2	1	"C4N14_RS03130"	"FN1978"
2	2	1	"C4N14_RS03135"	"FN1977"
2	2	1	"C4N14_RS03140"	"FN1976"
2	2	1	"C4N14_RS03145"	"FN1975"
2	2	1	"C4N14_RS03150"	"FN1974"
2	2	1	"C4N14_RS03155"	"FN1973"
2	2	1	"C4N14_RS03205"	"FN1971"
2	2	1	"C4N14_RS03215"	"FN1970"
2	2	1	"C4N14_RS03220"	"FN1969"
2	2	1	"C4N14_RS03225"	"FN1968"
2	2	1	"C4N14_RS03230"	"FN1967"
2	2	1	"C4N14_RS03235"	"FN1966"
2	2	1	"C4N14_RS03240"	"FN1965"
2	2	1	"C4N14_RS03245"	"FN1964"
2	2	1	"C4N14_RS03280"	"FN1957"
2	2	1	"C4N14_RS03285"	"FN1956"
2	2	1	"C4N14_RS03310"	"FN1951"
2	2	1	"C4N14_RS03315"	"FN1950"
2	2	1	"C4N14_RS03320"	"FN1949"
2	2	1	"C4N14_RS03325"	"FN1948"
2	2	1	"C4N14_RS03345"	"FN1944"
2	2	1	"C4N14_RS03350"	"FN1943"
2	2	1	"C4N14_RS03355"	"FN1942"
2	2	1	"C4N14_RS03360"	"FN1941"
2	2	1	"C4N14_RS03365"	"FN1940"
2	2	1	"C4N14_RS03370"	"FN1939"
2	2	1	"C4N14_RS03375"	"FN1938"
2	2	1	"C4N14_RS03380"	"FN1936"
2	2	1	"C4N14_RS03385"	"FN1935"
2	2	1	"C4N14_RS03420"	"FN1932"
2	2	1	"C4N14_RS03425"	"FN1931"
2	2	1	"C4N14_RS03430"	"FN1930"
2	2	1	"C4N14_RS03435"	"FN1929"
2	2	1	"C4N14_RS03440"	"FN1928"
2	2	1	"C4N14_RS03445"	"FN1927"
2	2	1	"C4N14_RS03450"	"FN1926"
2	2	1	"C4N14_RS03455"	"FN1925"
2	2	1	"C4N14_RS03460"	"FN1924"
2	2	1	"C4N14_RS03465"	"FN1923"
2	2	1	"C4N14_RS03470"	"FN1922"
2	2	1	"C4N14_RS03475"	"FN1921"
2	2	1	"C4N14_RS03480"	"FN1920"
2	2	1	"C4N14_RS03485"	"FN1919"
2	2	1	"C4N14_RS03490"	"FN1918"
2	2	1	"C4N14_RS03495"	"FN1917"
2	2	1	"C4N14_RS03500"	"FN1916"
2	2	1	"C4N14_RS03505"	"FN1915"
2	2	1	"C4N14_RS03510"	"FN1914"
2	2	1	"C4N14_RS03515"	"FN1913"
2	2	1	"C4N14_RS03520"	"FN1912"
2	2	1	"C4N14_RS03525"	"FN1911"
2	2	1	"C4N14_RS03530"	"FN1910"
2	2	1	"C4N14_RS03535"	"FN1909"
2	2	1	"C4N14_RS03540"	"FN1908"
2	2	1	"C4N14_RS03545"	"FN1907"
2	2	1	"C4N14_RS03550"	"FN1906"
2	2	1	"C4N14_RS03555"	"FN1905"
2	2	1	"C4N14_RS03560"	"FN1904"
2	2	1	"C4N14_RS03565"	"FN1903"
2	2	1	"C4N14_RS03570"	"FN1902"
2	2	1	"C4N14_RS03575"	"FN1901"
2	2	1	"C4N14_RS03580"	"FN1900"
2	2	1	"C4N14_RS03585"	"FN1899"
2	2	1	"C4N14_RS03590"	"FN1898"
2	2	1	"C4N14_RS03595"	"FN1897"
2	2	1	"C4N14_RS03600"	"FN1896"
2	2	1	"C4N14_RS03605"	"FN1895"
2	2	1	"C4N14_RS03610"	"FN1894"
2	2	1	"C4N14_RS03615"	"FN1893"
2	2	1	"C4N14_RS03620"	"FN1891"
2	2	1	"C4N14_RS03630"	"FN1887"
2	2	1	"C4N14_RS03640"	"FN1885"
2	2	1	"C4N14_RS03645"	"FN1884"
2	2	1	"C4N14_RS03650"	"FN1881"
2	2	1	"C4N14_RS03655"	"FN1880"
2	2	1	"C4N14_RS03660"	"FN1879"
2	2	1	"C4N14_RS03665"	"FN1878"
2	2	1	"C4N14_RS03670"	"FN1877"
2	2	1	"C4N14_RS03675"	"FN1876"
2	2	1	"C4N14_RS03680"	"FN1875"
2	2	1	"C4N14_RS03685"	"FN1874"
2	2	1	"C4N14_RS03690"	"FN1873"
2	2	1	"C4N14_RS03695"	"FN1872"
2	2	1	"C4N14_RS03700"	"FN1871"
2	2	1	"C4N14_RS03715"	"FN1870"
2	2	1	"C4N14_RS03725"	"FN1869"
2	2	1	"C4N14_RS03730"	"FN1868"
2	2	1	"C4N14_RS03735"	"FN1867"
2	2	1	"C4N14_RS03740"	"FN1866"
2	2	1	"C4N14_RS03745"	"FN1865"
2	2	1	"C4N14_RS03750"	"FN1864"
2	2	1	"C4N14_RS03755"	"FN1863"
2	2	1	"C4N14_RS03760"	"FN1862"
2	2	1	"C4N14_RS03765"	"FN1861"
2	2	1	"C4N14_RS03770"	"FN1860"
2	2	1	"C4N14_RS03775"	"FN1859"
2	2	1	"C4N14_RS03780"	"FN1858"
2	2	1	"C4N14_RS03785"	"FN1857"
2	2	1	"C4N14_RS03790"	"FN1856"
2	2	1	"C4N14_RS03795"	"FN1855"
2	2	1	"C4N14_RS03800"	"FN1854"
2	2	1	"C4N14_RS03805"	"FN1853"
2	2	1	"C4N14_RS03810"	"FN1852"
2	2	1	"C4N14_RS03815"	"FN1851"
2	2	1	"C4N14_RS03820"	"FN1850"
2	2	1	"C4N14_RS03825"	"FN1849"
2	2	1	"C4N14_RS03830"	"FN1848"
2	2	1	"C4N14_RS03835"	"FN1847"
2	2	1	"C4N14_RS03840"	"FN1846"
2	2	1	"C4N14_RS03845"	"FN1845"
2	2	1	"C4N14_RS03850"	"FN1844"
2	2	1	"C4N14_RS03855"	"FN1843"
2	2	1	"C4N14_RS03860"	"FN1842"
2	2	1	"C4N14_RS03865"	"FN1841"
2	2	1	"C4N14_RS03870"	"FN1840"
2	2	1	"C4N14_RS03875"	"FN1839"
2	2	1	"C4N14_RS03880"	"FN1838"
2	2	1	"C4N14_RS03885"	"FN1837"
2	2	1	"C4N14_RS03890"	"FN1836"
2	2	1	"C4N14_RS03895"	"FN1835"
2	2	1	"C4N14_RS03900"	"FN1834"
2	2	1	"C4N14_RS03905"	"FN1833"
2	2	1	"C4N14_RS03910"	"FN1832"
2	2	1	"C4N14_RS03915"	"FN1831"
2	2	1	"C4N14_RS03920"	"FN1830"
2	2	1	"C4N14_RS03925"	"FN1829"
2	2	1	"C4N14_RS03930"	"FN1828"
2	2	1	"C4N14_RS03935"	"FN1827"
2	2	1	"C4N14_RS03940"	"FN1826"
2	2	1	"C4N14_RS03945"	"FN1825"
2	2	1	"C4N14_RS03950"	"FN1824"
2	2	1	"C4N14_RS04040"	"FN1823"
2	2	1	"C4N14_RS04045"	"FN1822"
2	2	1	"C4N14_RS04055"	"FN1820"
2	2	1	"C4N14_RS04060"	"FN1819"
2	2	1	"C4N14_RS04070"	"FN0290"
2	2	1	"C4N14_RS04075"	"FN1599"
2	2	1	"C4N14_RS04120"	"FN0147"
2	2	1	"C4N14_RS04125"	"FN0148"
2	2	1	"C4N14_RS04130"	"FN0149"
2	2	1	"C4N14_RS04135"	"FN0150"
2	2	1	"C4N14_RS04140"	"FN0151"
2	2	1	"C4N14_RS04145"	"FN0152"
2	2	1	"C4N14_RS04150"	"FN0153"
2	2	1	"C4N14_RS04155"	"FN0154"
2	2	1	"C4N14_RS04160"	"FN0155"
2	2	1	"C4N14_RS04165"	"FN0156"
2	2	1	"C4N14_RS04170"	"FN0157"
2	2	1	"C4N14_RS04175"	"FN0158"
2	2	1	"C4N14_RS04180"	"FN0162"
2	2	1	"C4N14_RS04185"	"FN0163"
2	2	1	"C4N14_RS04190"	"FN0164"
2	2	1	"C4N14_RS04205"	"FN0165"
2	2	1	"C4N14_RS04215"	"FN0168"
2	2	1	"C4N14_RS04225"	"FN0169"
2	2	1	"C4N14_RS04230"	"FN0170"
2	2	1	"C4N14_RS04240"	"FN0172"
2	2	1	"C4N14_RS04245"	"FN0173"
2	2	1	"C4N14_RS04255"	"FN0174"
2	2	1	"C4N14_RS04260"	"FN0175"
2	2	1	"C4N14_RS04265"	"FN0176"
2	2	1	"C4N14_RS04270"	"FN0177"
2	2	1	"C4N14_RS04275"	"FN0178"
2	2	1	"C4N14_RS04280"	"FN0179"
2	2	1	"C4N14_RS04285"	"FN0180"
2	2	1	"C4N14_RS04290"	"FN0181"
2	2	1	"C4N14_RS04295"	"FN0182"
2	2	1	"C4N14_RS04300"	"FN0183"
2	2	1	"C4N14_RS04305"	"FN0184"
2	2	1	"C4N14_RS04310"	"FN0185"
2	2	1	"C4N14_RS04315"	"FN0186"
2	2	1	"C4N14_RS04320"	"FN0187"
2	2	1	"C4N14_RS04325"	"FN0188"
2	2	1	"C4N14_RS04330"	"FN0189"
2	2	1	"C4N14_RS04335"	"FN0190"
2	2	1	"C4N14_RS04340"	"FN0191"
2	2	1	"C4N14_RS04345"	"FN0192"
2	2	1	"C4N14_RS04350"	"FN0193"
2	2	1	"C4N14_RS04355"	"FN0194"
2	2	1	"C4N14_RS04360"	"FN0195"
2	2	1	"C4N14_RS04365"	"FN0196"
2	2	1	"C4N14_RS04370"	"FN0197"
2	2	1	"C4N14_RS04375"	"FN0198"
2	2	1	"C4N14_RS04380"	"FN0199"
2	2	1	"C4N14_RS04385"	"FN0200"
2	2	1	"C4N14_RS04390"	"FN0201"
2	2	1	"C4N14_RS04395"	"FN0202"
2	2	1	"C4N14_RS04400"	"FN0203"
2	2	1	"C4N14_RS04405"	"FN0204"
2	2	1	"C4N14_RS04410"	"FN0205"
2	2	1	"C4N14_RS04415"	"FN0206"
2	2	1	"C4N14_RS04420"	"FN0207"
2	2	1	"C4N14_RS04425"	"FN0208"
2	2	1	"C4N14_RS04430"	"FN0209"
2	2	1	"C4N14_RS04445"	"FN0210"
2	2	1	"C4N14_RS04450"	"FN0211"
2	2	1	"C4N14_RS04460"	"FN0212"
2	2	1	"C4N14_RS04465"	"FN0213"
2	2	1	"C4N14_RS04470"	"FN0214"
2	2	1	"C4N14_RS04475"	"FN0215"
2	2	1	"C4N14_RS04480"	"FN0216"
2	2	1	"C4N14_RS04485"	"FN0217"
2	2	1	"C4N14_RS04490"	"FN0218"
2	2	1	"C4N14_RS04495"	"FN0219"
2	2	1	"C4N14_RS04500"	"FN0220"
2	2	1	"C4N14_RS04505"	"FN0221"
2	2	1	"C4N14_RS04510"	"FN0222"
2	2	1	"C4N14_RS04515"	"FN0223"
2	2	1	"C4N14_RS04520"	"FN0224"
2	2	1	"C4N14_RS04530"	"FN0230"
2	2	1	"C4N14_RS04550"	"FN0233"
2	2	1	"C4N14_RS04555"	"FN0234"
2	2	1	"C4N14_RS04560"	"FN0235"
2	2	1	"C4N14_RS04565"	"FN0236"
2	2	1	"C4N14_RS04570"	"FN0237"
2	2	1	"C4N14_RS04575"	"FN0238"
2	2	1	"C4N14_RS04585"	"FN0240"
2	2	1	"C4N14_RS04590"	"FN0241"
2	2	1	"C4N14_RS04595"	"FN0242"
2	2	1	"C4N14_RS04600"	"FN0243"
2	2	1	"C4N14_RS04605"	"FN0244"
2	2	1	"C4N14_RS04610"	"FN0245"
2	2	1	"C4N14_RS04615"	"FN0247"
2	2	1	"C4N14_RS04620"	"FN0248"
2	2	1	"C4N14_RS04645"	"FN0253"
2	2	1	"C4N14_RS04650"	"FN0254"
2	2	1	"C4N14_RS04660"	"FN0257"
2	2	1	"C4N14_RS04665"	"FN0258"
2	2	1	"C4N14_RS04675"	"FN0260"
2	2	1	"C4N14_RS04680"	"FN0261"
2	2	1	"C4N14_RS04685"	"FN0262"
2	2	1	"C4N14_RS04690"	"FN0263"
2	2	1	"C4N14_RS04695"	"FN0264"
2	2	1	"C4N14_RS04700"	"FN0265"
2	2	1	"C4N14_RS04705"	"FN0266"
2	2	1	"C4N14_RS04710"	"FN0267"
2	2	1	"C4N14_RS04715"	"FN0268"
2	2	1	"C4N14_RS04720"	"FN0269"
2	2	1	"C4N14_RS04725"	"FN0270"
2	2	1	"C4N14_RS04730"	"FN0271"
2	2	1	"C4N14_RS04735"	"FN0272"
2	2	1	"C4N14_RS04740"	"FN0273"
2	2	1	"C4N14_RS04750"	"FN0276"
2	2	1	"C4N14_RS04755"	"FN0277"
2	2	1	"C4N14_RS04760"	"FN0278"
2	2	1	"C4N14_RS04765"	"FN0279"
2	2	1	"C4N14_RS04770"	"FN0280"
2	2	1	"C4N14_RS04775"	"FN0281"
2	2	1	"C4N14_RS04780"	"FN0282"
2	2	1	"C4N14_RS04785"	"FN0283"
2	2	1	"C4N14_RS04790"	"FN0284"
2	2	1	"C4N14_RS04795"	"FN0285"
2	2	1	"C4N14_RS04800"	"FN0286"
2	2	1	"C4N14_RS04805"	"FN0287"
2	2	1	"C4N14_RS04810"	"FN0288"
2	2	1	"C4N14_RS04825"	"FN0294"
2	2	1	"C4N14_RS04830"	"FN0295"
2	2	1	"C4N14_RS04835"	"FN0296"
2	2	1	"C4N14_RS04840"	"FN0297"
2	2	1	"C4N14_RS04845"	"FN0298"
2	2	1	"C4N14_RS04850"	"FN0299"
2	2	1	"C4N14_RS04880"	"FN0300"
2	2	1	"C4N14_RS04885"	"FN0301"
2	2	1	"C4N14_RS04890"	"FN0302"
2	2	1	"C4N14_RS04895"	"FN0303"
2	2	1	"C4N14_RS04900"	"FN0304"
2	2	1	"C4N14_RS04905"	"FN0305"
2	2	1	"C4N14_RS04910"	"FN0306"
2	2	1	"C4N14_RS04915"	"FN0307"
2	2	1	"C4N14_RS04920"	"FN0308"
2	2	1	"C4N14_RS04925"	"FN0309"
2	2	1	"C4N14_RS04930"	"FN0310"
2	2	1	"C4N14_RS04935"	"FN0311"
2	2	1	"C4N14_RS04940"	"FN0312"
2	2	1	"C4N14_RS04945"	"FN0313"
2	2	1	"C4N14_RS04950"	"FN0314"
2	2	1	"C4N14_RS04955"	"FN0315"
2	2	1	"C4N14_RS04970"	"FN0317"
2	2	1	"C4N14_RS05005"	"FN0318"
2	2	1	"C4N14_RS05010"	"FN0319"
2	2	1	"C4N14_RS05015"	"FN0320"
2	2	1	"C4N14_RS05020"	"FN0321"
2	2	1	"C4N14_RS05025"	"FN0322"
2	2	1	"C4N14_RS05040"	"FN0325"
2	2	1	"C4N14_RS05045"	"FN0326"
2	2	1	"C4N14_RS05050"	"FN0327"
2	2	1	"C4N14_RS05055"	"FN0328"
2	2	1	"C4N14_RS05060"	"FN0329"
2	2	1	"C4N14_RS05065"	"FN0330"
2	2	1	"C4N14_RS05070"	"FN0331"
2	2	1	"C4N14_RS05075"	"FN0332"
2	2	1	"C4N14_RS05080"	"FN0333"
2	2	1	"C4N14_RS05085"	"FN0334"
2	2	1	"C4N14_RS05090"	"FN0335"
2	2	1	"C4N14_RS05095"	"FN0336"
2	2	1	"C4N14_RS05100"	"FN0337"
2	2	1	"C4N14_RS05105"	"FN0338"
2	2	1	"C4N14_RS05110"	"FN0339"
2	2	1	"C4N14_RS05115"	"FN0340"
2	2	1	"C4N14_RS05120"	"FN0341"
2	2	1	"C4N14_RS05125"	"FN0342"
2	2	1	"C4N14_RS05130"	"FN0343"
2	2	1	"C4N14_RS05135"	"FN0344"
2	2	1	"C4N14_RS05140"	"FN0345"
2	2	1	"C4N14_RS05145"	"FN0346"
2	2	1	"C4N14_RS05150"	"FN0347"
2	2	1	"C4N14_RS05155"	"FN0348"
2	2	1	"C4N14_RS05160"	"FN0349"
2	2	1	"C4N14_RS05165"	"FN0350"
2	2	1	"C4N14_RS05170"	"FN0351"
2	2	1	"C4N14_RS05175"	"FN0352"
2	2	1	"C4N14_RS05185"	"FN0354"
2	2	1	"C4N14_RS05190"	"FN0355"
2	2	1	"C4N14_RS05195"	"FN0356"
2	2	1	"C4N14_RS05200"	"FN0357"
2	2	1	"C4N14_RS05205"	"FN0358"
2	2	1	"C4N14_RS05210"	"FN0359"
2	2	1	"C4N14_RS05215"	"FN0360"
2	2	1	"C4N14_RS05220"	"FN0361"
2	2	1	"C4N14_RS05225"	"FN0362"
2	2	1	"C4N14_RS05230"	"FN0363"
2	2	1	"C4N14_RS05235"	"FN0364"
2	2	1	"C4N14_RS05240"	"FN0365"
2	2	1	"C4N14_RS05245"	"FN0366"
2	2	1	"C4N14_RS05250"	"FN0367"
2	2	1	"C4N14_RS05255"	"FN0368"
2	2	1	"C4N14_RS05260"	"FN0369"
2	2	1	"C4N14_RS05265"	"FN0370"
2	2	1	"C4N14_RS05270"	"FN0371"
2	2	1	"C4N14_RS05275"	"FN0374"
2	2	1	"C4N14_RS05280"	"FN0375"
2	2	1	"C4N14_RS05285"	"FN0376"
2	2	1	"C4N14_RS05290"	"FN0377"
2	2	1	"C4N14_RS05295"	"FN0378"
2	2	1	"C4N14_RS05300"	"FN0379"
2	2	1	"C4N14_RS05305"	"FN0380"
2	2	1	"C4N14_RS05310"	"FN0382"
2	2	1	"C4N14_RS05315"	"FN0383"
2	2	1	"C4N14_RS05320"	"FN0384"
2	2	1	"C4N14_RS05325"	"FN0385"
2	2	1	"C4N14_RS05330"	"FN0386"
2	2	1	"C4N14_RS05335"	"FN0387"
2	2	1	"C4N14_RS05340"	"FN0388"
2	2	1	"C4N14_RS05345"	"FN0389"
2	2	1	"C4N14_RS05350"	"FN0390"
2	2	1	"C4N14_RS05355"	"FN0391"
2	2	1	"C4N14_RS05360"	"FN0392"
2	2	1	"C4N14_RS05365"	"FN0393"
2	2	1	"C4N14_RS05370"	"FN0394"
2	2	1	"C4N14_RS05375"	"FN0395"
2	2	1	"C4N14_RS05380"	"FN0396"
2	2	1	"C4N14_RS05385"	"FN0397"
2	2	1	"C4N14_RS05390"	"FN0398"
2	2	1	"C4N14_RS05395"	"FN0399"
2	2	1	"C4N14_RS05400"	"FN0400"
2	2	1	"C4N14_RS05435"	"FN0402"
2	2	1	"C4N14_RS05440"	"FN1335"
2	2	1	"C4N14_RS05445"	"FN1334"
2	2	1	"C4N14_RS05450"	"FN1333"
2	2	1	"C4N14_RS05455"	"FN1332"
2	2	1	"C4N14_RS05460"	"FN1331"
2	2	1	"C4N14_RS05465"	"FN1330"
2	2	1	"C4N14_RS05470"	"FN1329"
2	2	1	"C4N14_RS05475"	"FN1328"
2	2	1	"C4N14_RS05480"	"FN1327"
2	2	1	"C4N14_RS05485"	"FN1326"
2	2	1	"C4N14_RS05490"	"FN1325"
2	2	1	"C4N14_RS05495"	"FN1324"
2	2	1	"C4N14_RS05500"	"FN1323"
2	2	1	"C4N14_RS05505"	"FN1322"
2	2	1	"C4N14_RS05510"	"FN1321"
2	2	1	"C4N14_RS05515"	"FN1320"
2	2	1	"C4N14_RS05520"	"FN1319"
2	2	1	"C4N14_RS05525"	"FN1318"
2	2	1	"C4N14_RS05530"	"FN1317"
2	2	1	"C4N14_RS05535"	"FN1316"
2	2	1	"C4N14_RS05540"	"FN1315"
2	2	1	"C4N14_RS05550"	"FN1313"
2	2	1	"C4N14_RS05555"	"FN1312"
2	2	1	"C4N14_RS05560"	"FN1311"
2	2	1	"C4N14_RS05565"	"FN1310"
2	2	1	"C4N14_RS05585"	"FN1309"
2	2	1	"C4N14_RS05590"	"FN1308"
2	2	1	"C4N14_RS05595"	"FN1307"
2	2	1	"C4N14_RS05600"	"FN1306"
2	2	1	"C4N14_RS05605"	"FN1305"
2	2	1	"C4N14_RS05610"	"FN1304"
2	2	1	"C4N14_RS05615"	"FN1303"
2	2	1	"C4N14_RS05620"	"FN1302"
2	2	1	"C4N14_RS05625"	"FN1301"
2	2	1	"C4N14_RS05630"	"FN1299"
2	2	1	"C4N14_RS05635"	"FN1298"
2	2	1	"C4N14_RS05640"	"FN1297"
2	2	1	"C4N14_RS05655"	"FN1295"
2	2	1	"C4N14_RS05675"	"FN1294"
2	2	1	"C4N14_RS05680"	"FN1293"
2	2	1	"C4N14_RS05685"	"FN1292"
2	2	1	"C4N14_RS05690"	"FN1291"
2	2	1	"C4N14_RS05695"	"FN1290"
2	2	1	"C4N14_RS05700"	"FN1289"
2	2	1	"C4N14_RS05705"	"FN1287"
2	2	1	"C4N14_RS05715"	"FN1286"
2	2	1	"C4N14_RS05720"	"FN1285"
2	2	1	"C4N14_RS05725"	"FN1284"
2	2	1	"C4N14_RS05730"	"FN1283"
2	2	1	"C4N14_RS05735"	"FN1282"
2	2	1	"C4N14_RS05740"	"FN1281"
2	2	1	"C4N14_RS05745"	"FN1280"
2	2	1	"C4N14_RS05750"	"FN1279"
2	2	1	"C4N14_RS05755"	"FN1278"
2	2	1	"C4N14_RS05760"	"FN1277"
2	2	1	"C4N14_RS05765"	"FN1276"
2	2	1	"C4N14_RS05770"	"FN1275"
2	2	1	"C4N14_RS05775"	"FN1274"
2	2	1	"C4N14_RS05780"	"FN1273"
2	2	1	"C4N14_RS05785"	"FN1272"
2	2	1	"C4N14_RS05790"	"FN1271"
2	2	1	"C4N14_RS05795"	"FN1270"
2	2	1	"C4N14_RS05800"	"FN1269"
2	2	1	"C4N14_RS05805"	"FN1268"
2	2	1	"C4N14_RS05810"	"FN1267"
2	2	1	"C4N14_RS05815"	"FN1266"
2	2	1	"C4N14_RS05820"	"FN1265"
2	2	1	"C4N14_RS05825"	"FN1264"
2	2	1	"C4N14_RS05830"	"FN1263"
2	2	1	"C4N14_RS05835"	"FN1262"
2	2	1	"C4N14_RS05840"	"FN1261"
2	2	1	"C4N14_RS05845"	"FN1260"
2	2	1	"C4N14_RS05850"	"FN1259"
2	2	1	"C4N14_RS05855"	"FN1258"
2	2	1	"C4N14_RS05860"	"FN1257"
2	2	1	"C4N14_RS05865"	"FN1256"
2	2	1	"C4N14_RS05870"	"FN1255"
2	2	1	"C4N14_RS05875"	"FN1254"
2	2	1	"C4N14_RS05880"	"FN1253"
2	2	1	"C4N14_RS05885"	"FN1252"
2	2	1	"C4N14_RS05890"	"FN1251"
2	2	1	"C4N14_RS05895"	"FN1250"
2	2	1	"C4N14_RS05900"	"FN1249"
2	2	1	"C4N14_RS05905"	"FN1248"
2	2	1	"C4N14_RS05915"	"FN1247"
2	2	1	"C4N14_RS05920"	"FN1246"
2	2	1	"C4N14_RS05925"	"FN1245"
2	2	1	"C4N14_RS05930"	"FN1244"
2	2	1	"C4N14_RS05935"	"FN1243"
2	2	1	"C4N14_RS05940"	"FN1242"
2	2	1	"C4N14_RS05945"	"FN1241"
2	2	1	"C4N14_RS05950"	"FN1240"
2	2	1	"C4N14_RS05955"	"FN1239"
2	2	1	"C4N14_RS05960"	"FN1238"
2	2	1	"C4N14_RS05965"	"FN1237"
2	2	1	"C4N14_RS05970"	"FN1236"
2	2	1	"C4N14_RS05975"	"FN1235"
2	2	1	"C4N14_RS05980"	"FN1234"
2	2	1	"C4N14_RS05985"	"FN1233"
2	2	1	"C4N14_RS05990"	"FN1232"
2	2	1	"C4N14_RS05995"	"FN1231"
2	2	1	"C4N14_RS06000"	"FN1230"
2	2	1	"C4N14_RS06005"	"FN1229"
2	2	1	"C4N14_RS06010"	"FN1228"
2	2	1	"C4N14_RS06015"	"FN1226"
2	2	1	"C4N14_RS06020"	"FN1225"
2	2	1	"C4N14_RS06025"	"FN1224"
2	2	1	"C4N14_RS06030"	"FN1223"
2	2	1	"C4N14_RS06035"	"FN1222"
2	2	1	"C4N14_RS06040"	"FN1221"
2	2	1	"C4N14_RS06045"	"FN1220"
2	2	1	"C4N14_RS06050"	"FN1219"
2	2	1	"C4N14_RS06055"	"FN1218"
2	2	1	"C4N14_RS06060"	"FN1217"
2	2	1	"C4N14_RS06065"	"FN1216"
2	2	1	"C4N14_RS06070"	"FN1215"
2	2	1	"C4N14_RS06075"	"FN1214"
2	2	1	"C4N14_RS06080"	"FN1213"
2	2	1	"C4N14_RS06085"	"FN1212"
2	2	1	"C4N14_RS06090"	"FN1211"
2	2	1	"C4N14_RS06095"	"FN1210"
2	2	1	"C4N14_RS06100"	"FN1209"
2	2	1	"C4N14_RS06105"	"FN1208"
2	2	1	"C4N14_RS06110"	"FN1207"
2	2	1	"C4N14_RS06115"	"FN1206"
2	2	1	"C4N14_RS06120"	"FN1205"
2	2	1	"C4N14_RS06125"	"FN1204"
2	2	1	"C4N14_RS06130"	"FN1203"
2	2	1	"C4N14_RS06135"	"FN1202"
2	2	1	"C4N14_RS06140"	"FN1201"
2	2	1	"C4N14_RS06145"	"FN1200"
2	2	1	"C4N14_RS06150"	"FN1199"
2	2	1	"C4N14_RS06155"	"FN1198"
2	2	1	"C4N14_RS06160"	"FN1197"
2	2	1	"C4N14_RS06165"	"FN1196"
2	2	1	"C4N14_RS06175"	"FN1193"
2	2	1	"C4N14_RS06180"	"FN1192"
2	2	1	"C4N14_RS06185"	"FN1191"
2	2	1	"C4N14_RS06190"	"FN1190"
2	2	1	"C4N14_RS06195"	"FN1189"
2	2	1	"C4N14_RS06200"	"FN1188"
2	2	1	"C4N14_RS06205"	"FN1187"
2	2	1	"C4N14_RS06210"	"FN1186"
2	2	1	"C4N14_RS06215"	"FN1185"
2	2	1	"C4N14_RS06220"	"FN1184"
2	2	1	"C4N14_RS06225"	"FN1183"
2	2	1	"C4N14_RS06230"	"FN1182"
2	2	1	"C4N14_RS06235"	"FN1181"
2	2	1	"C4N14_RS06240"	"FN1180"
2	2	1	"C4N14_RS06245"	"FN1179"
2	2	1	"C4N14_RS06250"	"FN1178"
2	2	1	"C4N14_RS06255"	"FN1177"
2	2	1	"C4N14_RS06260"	"FN1176"
2	2	1	"C4N14_RS06265"	"FN1174"
2	2	1	"C4N14_RS06275"	"FN1172"
2	2	1	"C4N14_RS06280"	"FN1171"
2	2	1	"C4N14_RS06285"	"FN1170"
2	2	1	"C4N14_RS06290"	"FN1169"
2	2	1	"C4N14_RS06295"	"FN1168"
2	2	1	"C4N14_RS06300"	"FN1167"
2	2	1	"C4N14_RS06305"	"FN1166"
2	2	1	"C4N14_RS06310"	"FN1165"
2	2	1	"C4N14_RS06315"	"FN1164"
2	2	1	"C4N14_RS06320"	"FN1163"
2	2	1	"C4N14_RS06325"	"FN1162"
2	2	1	"C4N14_RS06335"	"FN1161"
2	2	1	"C4N14_RS06360"	"FN1159"
2	2	1	"C4N14_RS06365"	"FN1158"
2	2	1	"C4N14_RS06370"	"FN1157"
2	2	1	"C4N14_RS06375"	"FN1156"
2	2	1	"C4N14_RS06380"	"FN1155"
2	2	1	"C4N14_RS06385"	"FN1154"
2	2	1	"C4N14_RS06390"	"FN1153"
2	2	1	"C4N14_RS06395"	"FN1152"
2	2	1	"C4N14_RS06400"	"FN1151"
2	2	1	"C4N14_RS06405"	"FN1150"
2	2	1	"C4N14_RS06410"	"FN1149"
2	2	1	"C4N14_RS06415"	"FN1148"
2	2	1	"C4N14_RS06420"	"FN1147"
2	2	1	"C4N14_RS06425"	"FN1146"
2	2	1	"C4N14_RS06435"	"FN1145"
2	2	1	"C4N14_RS06440"	"FN1144"
2	2	1	"C4N14_RS06445"	"FN1143"
2	2	1	"C4N14_RS06450"	"FN1142"
2	2	1	"C4N14_RS06455"	"FN1141"
2	2	1	"C4N14_RS06460"	"FN1140"
2	2	1	"C4N14_RS06465"	"FN1139"
2	2	1	"C4N14_RS06470"	"FN1138"
2	2	1	"C4N14_RS06475"	"FN1137"
2	2	1	"C4N14_RS06480"	"FN1136"
2	2	1	"C4N14_RS06485"	"FN1135"
2	2	1	"C4N14_RS06490"	"FN1134"
2	2	1	"C4N14_RS06495"	"FN1133"
2	2	1	"C4N14_RS06500"	"FN1132"
2	2	1	"C4N14_RS06505"	"FN1131"
2	2	1	"C4N14_RS06510"	"FN1130"
2	2	1	"C4N14_RS06515"	"FN1129"
2	2	1	"C4N14_RS06520"	"FN1128"
2	2	1	"C4N14_RS06525"	"FN1127"
2	2	1	"C4N14_RS06530"	"FN1126"
2	2	1	"C4N14_RS06535"	"FN1125"
2	2	1	"C4N14_RS06540"	"FN1124"
2	2	1	"C4N14_RS06545"	"FN1123"
2	2	1	"C4N14_RS06550"	"FN1122"
2	2	1	"C4N14_RS06555"	"FN1121"
2	2	1	"C4N14_RS06570"	"FN1120"
2	2	1	"C4N14_RS06575"	"FN1119"
2	2	1	"C4N14_RS06580"	"FN1118"
2	2	1	"C4N14_RS06585"	"FN1117"
2	2	1	"C4N14_RS06590"	"FN1116"
2	2	1	"C4N14_RS06595"	"FN1115"
2	2	1	"C4N14_RS06600"	"FN1114"
2	2	1	"C4N14_RS06605"	"FN1113"
2	2	1	"C4N14_RS06610"	"FN1112"
2	2	1	"C4N14_RS06615"	"FN1111"
2	2	1	"C4N14_RS06620"	"FN1110"
2	2	1	"C4N14_RS06625"	"FN1109"
2	2	1	"C4N14_RS06630"	"FN1108"
2	2	1	"C4N14_RS06635"	"FN1107"
2	2	1	"C4N14_RS06640"	"FN1106"
2	2	1	"C4N14_RS06645"	"FN1105"
2	2	1	"C4N14_RS06650"	"FN1104"
2	2	1	"C4N14_RS06655"	"FN1103"
2	2	1	"C4N14_RS06660"	"FN1102"
2	2	1	"C4N14_RS06665"	"FN1101"
2	2	1	"C4N14_RS06670"	"FN1100"
2	2	1	"C4N14_RS06680"	"FN1097"
2	2	1	"C4N14_RS06685"	"FN1096"
2	2	1	"C4N14_RS06690"	"FN1095"
2	2	1	"C4N14_RS06695"	"FN1094"
2	2	1	"C4N14_RS06700"	"FN1093"
2	2	1	"C4N14_RS06705"	"FN1092"
2	2	1	"C4N14_RS06710"	"FN1091"
2	2	1	"C4N14_RS06715"	"FN1090"
2	2	1	"C4N14_RS06720"	"FN1089"
2	2	1	"C4N14_RS06725"	"FN1088"
2	2	1	"C4N14_RS06730"	"FN1087"
2	2	1	"C4N14_RS06735"	"FN1086"
2	2	1	"C4N14_RS06740"	"FN1085"
2	2	1	"C4N14_RS06745"	"FN1084"
2	2	1	"C4N14_RS06750"	"FN1083"
2	2	1	"C4N14_RS06755"	"FN1082"
2	2	1	"C4N14_RS06760"	"FN1081"
2	2	1	"C4N14_RS06770"	"FN1080"
2	2	1	"C4N14_RS06775"	"FN1079"
2	2	1	"C4N14_RS06780"	"FN1078"
2	2	1	"C4N14_RS06785"	"FN1077"
2	2	1	"C4N14_RS06790"	"FN1076"
2	2	1	"C4N14_RS06795"	"FN1075"
2	2	1	"C4N14_RS06800"	"FN1074"
2	2	1	"C4N14_RS06805"	"FN1073"
2	2	1	"C4N14_RS06810"	"FN1072"
2	2	1	"C4N14_RS06815"	"FN1071"
2	2	1	"C4N14_RS06820"	"FN1070"
2	2	1	"C4N14_RS06825"	"FN1069"
2	2	1	"C4N14_RS06830"	"FN1068"
2	2	1	"C4N14_RS06835"	"FN1067"
2	2	1	"C4N14_RS06840"	"FN1066"
2	2	1	"C4N14_RS06845"	"FN1065"
2	2	1	"C4N14_RS06850"	"FN1064"
2	2	1	"C4N14_RS06855"	"FN1063"
2	2	1	"C4N14_RS06860"	"FN1062"
2	2	1	"C4N14_RS06865"	"FN1061"
2	2	1	"C4N14_RS06875"	"FN1060"
2	2	1	"C4N14_RS06880"	"FN1059"
2	2	1	"C4N14_RS06885"	"FN1058"
2	2	1	"C4N14_RS06890"	"FN1057"
2	2	1	"C4N14_RS06895"	"FN1056"
2	2	1	"C4N14_RS06900"	"FN1055"
2	2	1	"C4N14_RS06910"	"FN1054"
2	2	1	"C4N14_RS06915"	"FN1053"
2	2	1	"C4N14_RS06920"	"FN1052"
2	2	1	"C4N14_RS06925"	"FN1051"
2	2	1	"C4N14_RS06930"	"FN1050"
2	2	1	"C4N14_RS06935"	"FN1049"
2	2	1	"C4N14_RS06940"	"FN1048"
2	2	1	"C4N14_RS06945"	"FN1047"
2	2	1	"C4N14_RS06950"	"FN1046"
2	2	1	"C4N14_RS06955"	"FN1045"
2	2	1	"C4N14_RS06960"	"FN1044"
2	2	1	"C4N14_RS06970"	"FN1042"
2	2	1	"C4N14_RS06975"	"FN1041"
2	2	1	"C4N14_RS06980"	"FN1040"
2	2	1	"C4N14_RS06985"	"FN1039"
2	2	1	"C4N14_RS06990"	"FN1038"
2	2	1	"C4N14_RS06995"	"FN1037"
2	2	1	"C4N14_RS07000"	"FN1036"
2	2	1	"C4N14_RS07005"	"FN1035"
2	2	1	"C4N14_RS07010"	"FN1034"
2	2	1	"C4N14_RS07015"	"FN1033"
2	2	1	"C4N14_RS07020"	"FN1032"
2	2	1	"C4N14_RS07025"	"FN1031"
2	2	1	"C4N14_RS07030"	"FN1030"
2	2	1	"C4N14_RS07035"	"FN1029"
2	2	1	"C4N14_RS07040"	"FN1028"
2	2	1	"C4N14_RS07045"	"FN1027"
2	2	1	"C4N14_RS07050"	"FN1026"
2	2	1	"C4N14_RS07055"	"FN1025"
2	2	1	"C4N14_RS07060"	"FN1024"
2	2	1	"C4N14_RS07065"	"FN1023"
2	2	1	"C4N14_RS07070"	"FN1022"
2	2	1	"C4N14_RS07080"	"FN1020"
2	2	1	"C4N14_RS07085"	"FN1019"
2	2	1	"C4N14_RS07100"	"FN1017"
2	2	1	"C4N14_RS07105"	"FN1016"
2	2	1	"C4N14_RS07110"	"FN1015"
2	2	1	"C4N14_RS07115"	"FN1014"
2	2	1	"C4N14_RS07120"	"FN1013"
2	2	1	"C4N14_RS07125"	"FN1012"
2	2	1	"C4N14_RS07130"	"FN1011"
2	2	1	"C4N14_RS07135"	"FN1010"
2	2	1	"C4N14_RS07140"	"FN1009"
2	2	1	"C4N14_RS07150"	"FN1008"
2	2	1	"C4N14_RS07155"	"FN1007"
2	2	1	"C4N14_RS07160"	"FN1006"
2	2	1	"C4N14_RS07165"	"FN1005"
2	2	1	"C4N14_RS07170"	"FN1004"
2	2	1	"C4N14_RS07175"	"FN1003"
2	2	1	"C4N14_RS07180"	"FN1002"
2	2	1	"C4N14_RS07185"	"FN1001"
2	2	1	"C4N14_RS07190"	"FN1000"
2	2	1	"C4N14_RS07195"	"FN0999"
2	2	1	"C4N14_RS07200"	"FN0998"
2	2	1	"C4N14_RS07205"	"FN0997"
2	2	1	"C4N14_RS07210"	"FN0996"
2	2	1	"C4N14_RS07215"	"FN0995"
2	2	1	"C4N14_RS07220"	"FN0994"
2	2	1	"C4N14_RS07225"	"FN0993"
2	2	1	"C4N14_RS07230"	"FN0992"
2	2	1	"C4N14_RS07235"	"FN0991"
2	2	1	"C4N14_RS07240"	"FN0990"
2	2	1	"C4N14_RS07245"	"FN0989"
2	2	1	"C4N14_RS07250"	"FN0988"
2	2	1	"C4N14_RS07255"	"FN0987"
2	2	1	"C4N14_RS07260"	"FN0986"
2	2	1	"C4N14_RS07265"	"FN0985"
2	2	1	"C4N14_RS07270"	"FN0984"
2	2	1	"C4N14_RS07275"	"FN0983"
2	2	1	"C4N14_RS07280"	"FN0982"
2	2	1	"C4N14_RS07285"	"FN0981"
2	2	1	"C4N14_RS07290"	"FN0980"
2	2	1	"C4N14_RS07295"	"FN0979"
2	2	1	"C4N14_RS07300"	"FN0978"
2	2	1	"C4N14_RS07305"	"FN0977"
2	2	1	"C4N14_RS07310"	"FN0976"
2	2	1	"C4N14_RS07315"	"FN0975"
2	2	1	"C4N14_RS07320"	"FN0974"
2	2	1	"C4N14_RS07325"	"FN0973"
2	2	1	"C4N14_RS07330"	"FN0972"
2	2	1	"C4N14_RS07335"	"FN0971"
2	2	1	"C4N14_RS07340"	"FN0970"
2	2	1	"C4N14_RS07345"	"FN0969"
2	2	1	"C4N14_RS07350"	"FN0968"
2	2	1	"C4N14_RS07355"	"FN0967"
2	2	1	"C4N14_RS07360"	"FN0966"
2	2	1	"C4N14_RS07365"	"FN0965"
2	2	1	"C4N14_RS07370"	"FN0964"
2	2	1	"C4N14_RS07375"	"FN0963"
2	2	1	"C4N14_RS07380"	"FN0960"
2	2	1	"C4N14_RS07385"	"FN0959"
2	2	1	"C4N14_RS07390"	"FN0958"
2	2	1	"C4N14_RS07395"	"FN0957"
2	2	1	"C4N14_RS07400"	"FN0956"
2	2	1	"C4N14_RS07405"	"FN0955"
2	2	1	"C4N14_RS07410"	"FN0954"
2	2	1	"C4N14_RS07415"	"FN0953"
2	2	1	"C4N14_RS07420"	"FN0952"
2	2	1	"C4N14_RS07425"	"FN0951"
2	2	1	"C4N14_RS07430"	"FN0950"
2	2	1	"C4N14_RS07435"	"FN0949"
2	2	1	"C4N14_RS07440"	"FN0948"
2	2	1	"C4N14_RS07455"	"FN0947"
2	2	1	"C4N14_RS07460"	"FN0946"
2	2	1	"C4N14_RS07465"	"FN0945"
2	2	1	"C4N14_RS07470"	"FN0944"
2	2	1	"C4N14_RS07475"	"FN0943"
2	2	1	"C4N14_RS07480"	"FN0942"
2	2	1	"C4N14_RS07485"	"FN0941"
2	2	1	"C4N14_RS07490"	"FN0940"
2	2	1	"C4N14_RS07495"	"FN0939"
2	2	1	"C4N14_RS07500"	"FN0938"
2	2	1	"C4N14_RS07505"	"FN0937"
2	2	1	"C4N14_RS07510"	"FN0936"
2	2	1	"C4N14_RS07515"	"FN0935"
2	2	1	"C4N14_RS07520"	"FN0934"
2	2	1	"C4N14_RS07525"	"FN0933"
2	2	1	"C4N14_RS07530"	"FN0932"
2	2	1	"C4N14_RS07535"	"FN0931"
2	2	1	"C4N14_RS07540"	"FN0930"
2	2	1	"C4N14_RS07545"	"FN0929"
2	2	1	"C4N14_RS07550"	"FN0928"
2	2	1	"C4N14_RS07560"	"FN0926"
2	2	1	"C4N14_RS07565"	"FN0925"
2	2	1	"C4N14_RS07570"	"FN0924"
2	2	1	"C4N14_RS07575"	"FN0923"
2	2	1	"C4N14_RS07580"	"FN0922"
2	2	1	"C4N14_RS07585"	"FN0921"
2	2	1	"C4N14_RS07590"	"FN0920"
2	2	1	"C4N14_RS07600"	"FN0917"
2	2	1	"C4N14_RS07605"	"FN0916"
2	2	1	"C4N14_RS07610"	"FN0915"
2	2	1	"C4N14_RS07615"	"FN0914"
2	2	1	"C4N14_RS07620"	"FN0913"
2	2	1	"C4N14_RS07625"	"FN0912"
2	2	1	"C4N14_RS07630"	"FN0911"
2	2	1	"C4N14_RS07635"	"FN0910"
2	2	1	"C4N14_RS07640"	"FN0909"
2	2	1	"C4N14_RS07645"	"FN0908"
2	2	1	"C4N14_RS07650"	"FN0907"
2	2	1	"C4N14_RS07655"	"FN0906"
2	2	1	"C4N14_RS07660"	"FN0905"
2	2	1	"C4N14_RS07665"	"FN0904"
2	2	1	"C4N14_RS07670"	"FN0903"
2	2	1	"C4N14_RS07675"	"FN0902"
2	2	1	"C4N14_RS07680"	"FN0901"
2	2	1	"C4N14_RS07685"	"FN0900"
2	2	1	"C4N14_RS07690"	"FN0899"
2	2	1	"C4N14_RS07700"	"FN0898"
2	2	1	"C4N14_RS07705"	"FN0897"
2	2	1	"C4N14_RS07710"	"FN0896"
2	2	1	"C4N14_RS07715"	"FN0895"
2	2	1	"C4N14_RS07720"	"FN0894"
2	2	1	"C4N14_RS07725"	"FN0893"
2	2	1	"C4N14_RS07730"	"FN0892"
2	2	1	"C4N14_RS07735"	"FN0891"
2	2	1	"C4N14_RS07740"	"FN0890"
2	2	1	"C4N14_RS07745"	"FN0889"
2	2	1	"C4N14_RS07750"	"FN0888"
2	2	1	"C4N14_RS07755"	"FN0887"
2	2	1	"C4N14_RS07760"	"FN0886"
2	2	1	"C4N14_RS07765"	"FN0885"
2	2	1	"C4N14_RS07770"	"FN0884"
2	2	1	"C4N14_RS07775"	"FN0882"
2	2	1	"C4N14_RS07780"	"FN0881"
2	2	1	"C4N14_RS07785"	"FN0880"
2	2	1	"C4N14_RS07790"	"FN0879"
2	2	1	"C4N14_RS07795"	"FN0878"
2	2	1	"C4N14_RS07800"	"FN0877"
2	2	1	"C4N14_RS07805"	"FN0876"
2	2	1	"C4N14_RS07810"	"FN0875"
2	2	1	"C4N14_RS07815"	"FN0874"
2	2	1	"C4N14_RS07820"	"FN0873"
2	2	1	"C4N14_RS07825"	"FN0872"
2	2	1	"C4N14_RS07830"	"FN0871"
2	2	1	"C4N14_RS07835"	"FN0870"
2	2	1	"C4N14_RS07845"	"FN0869"
2	2	1	"C4N14_RS07850"	"FN0868"
2	2	1	"C4N14_RS07855"	"FN0867"
2	2	1	"C4N14_RS07860"	"FN0866"
2	2	1	"C4N14_RS07865"	"FN0865"
2	2	1	"C4N14_RS07880"	"FN0862"
2	2	1	"C4N14_RS07895"	"FN0859"
2	2	1	"C4N14_RS07900"	"FN0858"
2	2	1	"C4N14_RS07905"	"FN0857"
2	2	1	"C4N14_RS07910"	"FN0856"
2	2	1	"C4N14_RS07915"	"FN0855"
2	2	1	"C4N14_RS07920"	"FN0854"
2	2	1	"C4N14_RS07925"	"FN0853"
2	2	1	"C4N14_RS07930"	"FN0852"
2	2	1	"C4N14_RS07935"	"FN0851"
2	2	1	"C4N14_RS07940"	"FN0850"
2	2	1	"C4N14_RS07945"	"FN0849"
2	2	1	"C4N14_RS07950"	"FN0848"
2	2	1	"C4N14_RS07955"	"FN0847"
2	2	1	"C4N14_RS07960"	"FN0846"
2	2	1	"C4N14_RS07975"	"FN0843"
2	2	1	"C4N14_RS07985"	"FN0837"
2	2	1	"C4N14_RS07995"	"FN0836"
2	2	1	"C4N14_RS08000"	"FN0835"
2	2	1	"C4N14_RS08005"	"FN0834"
2	2	1	"C4N14_RS08010"	"FN0833"
2	2	1	"C4N14_RS08015"	"FN0832"
2	2	1	"C4N14_RS08085"	"FN0829"
2	2	1	"C4N14_RS08090"	"FN0828"
2	2	1	"C4N14_RS08095"	"FN0827"
2	2	1	"C4N14_RS08100"	"FN0826"
2	2	1	"C4N14_RS08105"	"FN0825"
2	2	1	"C4N14_RS08110"	"FN0824"
2	2	1	"C4N14_RS08115"	"FN0823"
2	2	1	"C4N14_RS08120"	"FN0822"
2	2	1	"C4N14_RS08125"	"FN0821"
2	2	1	"C4N14_RS08130"	"FN0820"
2	2	1	"C4N14_RS08135"	"FN0819"
2	2	1	"C4N14_RS08140"	"FN0818"
2	2	1	"C4N14_RS08145"	"FN0817"
2	2	1	"C4N14_RS08165"	"FN0811"
2	2	1	"C4N14_RS08170"	"FN0810"
2	2	1	"C4N14_RS08190"	"FN0809"
2	2	1	"C4N14_RS08195"	"FN0808"
2	2	1	"C4N14_RS08200"	"FN0807"
2	2	1	"C4N14_RS08205"	"FN0806"
2	2	1	"C4N14_RS08210"	"FN0805"
2	2	1	"C4N14_RS08215"	"FN0804"
2	2	1	"C4N14_RS08220"	"FN0803"
2	2	1	"C4N14_RS08225"	"FN0802"
2	2	1	"C4N14_RS08230"	"FN0801"
2	2	1	"C4N14_RS08235"	"FN0800"
2	2	1	"C4N14_RS08240"	"FN0799"
2	2	1	"C4N14_RS08245"	"FN0798"
2	2	1	"C4N14_RS08255"	"FN0796"
2	2	1	"C4N14_RS08260"	"FN0795"
2	2	1	"C4N14_RS08265"	"FN0794"
2	2	1	"C4N14_RS08270"	"FN0793"
2	2	1	"C4N14_RS08275"	"FN0792"
2	2	1	"C4N14_RS08280"	"FN0791"
2	2	1	"C4N14_RS08285"	"FN0790"
2	2	1	"C4N14_RS08290"	"FN0789"
2	2	1	"C4N14_RS08295"	"FN0788"
2	2	1	"C4N14_RS08300"	"FN0785"
2	2	1	"C4N14_RS08305"	"FN0784"
2	2	1	"C4N14_RS08310"	"FN0783"
2	2	1	"C4N14_RS08315"	"FN0782"
2	2	1	"C4N14_RS08320"	"FN0781"
2	2	1	"C4N14_RS08325"	"FN0780"
2	2	1	"C4N14_RS08330"	"FN0779"
2	2	1	"C4N14_RS08335"	"FN0778"
2	2	1	"C4N14_RS08340"	"FN0777"
2	2	1	"C4N14_RS08345"	"FN0776"
2	2	1	"C4N14_RS08350"	"FN0775"
2	2	1	"C4N14_RS08355"	"FN0774"
2	2	1	"C4N14_RS08360"	"FN0773"
2	2	1	"C4N14_RS08365"	"FN0772"
2	2	1	"C4N14_RS08370"	"FN0771"
2	2	1	"C4N14_RS08375"	"FN0770"
2	2	1	"C4N14_RS08380"	"FN0769"
2	2	1	"C4N14_RS08385"	"FN0768"
2	2	1	"C4N14_RS08390"	"FN0767"
2	2	1	"C4N14_RS08395"	"FN0766"
2	2	1	"C4N14_RS08400"	"FN0765"
2	2	1	"C4N14_RS08405"	"FN0764"
2	2	1	"C4N14_RS08410"	"FN0762"
2	2	1	"C4N14_RS08415"	"FN0761"
2	2	1	"C4N14_RS08420"	"FN0760"
2	2	1	"C4N14_RS08425"	"FN0759"
2	2	1	"C4N14_RS08430"	"FN0758"
2	2	1	"C4N14_RS08435"	"FN0757"
2	2	1	"C4N14_RS08440"	"FN0756"
2	2	1	"C4N14_RS08445"	"FN0755"
2	2	1	"C4N14_RS08450"	"FN0754"
2	2	1	"C4N14_RS08455"	"FN0753"
2	2	1	"C4N14_RS08460"	"FN0752"
2	2	1	"C4N14_RS08465"	"FN0751"
2	2	1	"C4N14_RS08470"	"FN0750"
2	2	1	"C4N14_RS08475"	"FN0749"
2	2	1	"C4N14_RS08480"	"FN0748"
2	2	1	"C4N14_RS08485"	"FN0747"
2	2	1	"C4N14_RS08505"	"FN0746"
2	2	1	"C4N14_RS08510"	"FN0745"
2	2	1	"C4N14_RS08520"	"FN0743"
2	2	1	"C4N14_RS08525"	"FN0742"
2	2	1	"C4N14_RS08530"	"FN0741"
2	2	1	"C4N14_RS08535"	"FN0740"
2	2	1	"C4N14_RS08540"	"FN0739"
2	2	1	"C4N14_RS08545"	"FN0738"
2	2	1	"C4N14_RS08550"	"FN0737"
2	2	1	"C4N14_RS08555"	"FN0736"
2	2	1	"C4N14_RS08560"	"FN0735"
2	2	1	"C4N14_RS08565"	"FN0734"
2	2	1	"C4N14_RS08570"	"FN0733"
2	2	1	"C4N14_RS08575"	"FN0732"
2	2	1	"C4N14_RS08580"	"FN0731"
2	2	1	"C4N14_RS08585"	"FN0730"
2	2	1	"C4N14_RS08590"	"FN0729"
2	2	1	"C4N14_RS08600"	"FN0728"
2	2	1	"C4N14_RS08610"	"FN0726"
2	2	1	"C4N14_RS08615"	"FN0725"
2	2	1	"C4N14_RS08620"	"FN0724"
2	2	1	"C4N14_RS08625"	"FN0723"
2	2	1	"C4N14_RS08630"	"FN0722"
2	2	1	"C4N14_RS08635"	"FN0721"
2	2	1	"C4N14_RS08640"	"FN0720"
2	2	1	"C4N14_RS08645"	"FN0719"
2	2	1	"C4N14_RS08650"	"FN0718"
2	2	1	"C4N14_RS08655"	"FN0717"
2	2	1	"C4N14_RS08660"	"FN0716"
2	2	1	"C4N14_RS08665"	"FN0715"
2	2	1	"C4N14_RS08670"	"FN0714"
2	2	1	"C4N14_RS08675"	"FN0713"
2	2	1	"C4N14_RS08680"	"FN0712"
2	2	1	"C4N14_RS08685"	"FN0711"
2	2	1	"C4N14_RS08690"	"FN0710"
2	2	1	"C4N14_RS08695"	"FN0709"
2	2	1	"C4N14_RS08700"	"FN0708"
2	2	1	"C4N14_RS08705"	"FN0707"
2	2	1	"C4N14_RS08710"	"FN0706"
2	2	1	"C4N14_RS08715"	"FN0705"
2	2	1	"C4N14_RS08730"	"FN0701"
2	2	1	"C4N14_RS08735"	"FN0700"
2	2	1	"C4N14_RS08740"	"FN0699"
2	2	1	"C4N14_RS08745"	"FN0698"
2	2	1	"C4N14_RS08750"	"FN0697"
2	2	1	"C4N14_RS08760"	"FN0695"
2	2	1	"C4N14_RS08765"	"FN0694"
2	2	1	"C4N14_RS08770"	"FN0693"
2	2	1	"C4N14_RS08775"	"FN0692"
2	2	1	"C4N14_RS08780"	"FN0691"
2	2	1	"C4N14_RS08790"	"FN0690"
2	2	1	"C4N14_RS08795"	"FN0689"
2	2	1	"C4N14_RS08800"	"FN0688"
2	2	1	"C4N14_RS08805"	"FN0687"
2	2	1	"C4N14_RS08810"	"FN0686"
2	2	1	"C4N14_RS08815"	"FN0685"
2	2	1	"C4N14_RS08820"	"FN0684"
2	2	1	"C4N14_RS08825"	"FN0683"
2	2	1	"C4N14_RS08830"	"FN0682"
2	2	1	"C4N14_RS08835"	"FN0681"
2	2	1	"C4N14_RS08840"	"FN0680"
2	2	1	"C4N14_RS08845"	"FN0679"
2	2	1	"C4N14_RS08850"	"FN0678"
2	2	1	"C4N14_RS08875"	"FN0676"
2	2	1	"C4N14_RS08880"	"FN0675"
2	2	1	"C4N14_RS08885"	"FN0674"
2	2	1	"C4N14_RS08890"	"FN0673"
2	2	1	"C4N14_RS08895"	"FN0672"
2	2	1	"C4N14_RS08900"	"FN0671"
2	2	1	"C4N14_RS08905"	"FN0670"
2	2	1	"C4N14_RS08910"	"FN0669"
2	2	1	"C4N14_RS08915"	"FN0668"
2	2	1	"C4N14_RS08920"	"FN0667"
2	2	1	"C4N14_RS08925"	"FN0666"
2	2	1	"C4N14_RS08930"	"FN0665"
2	2	1	"C4N14_RS08935"	"FN0664"
2	2	1	"C4N14_RS08940"	"FN0663"
2	2	1	"C4N14_RS08945"	"FN0662"
2	2	1	"C4N14_RS08950"	"FN0661"
2	2	1	"C4N14_RS08955"	"FN0660"
2	2	1	"C4N14_RS08960"	"FN0659"
2	2	1	"C4N14_RS08965"	"FN0658"
2	2	1	"C4N14_RS08970"	"FN0657"
2	2	1	"C4N14_RS08975"	"FN0656"
2	2	1	"C4N14_RS08980"	"FN0655"
2	2	1	"C4N14_RS08985"	"FN0654"
2	2	1	"C4N14_RS08990"	"FN0653"
2	2	1	"C4N14_RS08995"	"FN0652"
2	2	1	"C4N14_RS09000"	"FN0651"
2	2	1	"C4N14_RS09005"	"FN0650"
2	2	1	"C4N14_RS09010"	"FN0649"
2	2	1	"C4N14_RS09015"	"FN0648"
2	2	1	"C4N14_RS09020"	"FN0647"
2	2	1	"C4N14_RS09025"	"FN0646"
2	2	1	"C4N14_RS09030"	"FN0645"
2	2	1	"C4N14_RS09035"	"FN0644"
2	2	1	"C4N14_RS09040"	"FN0643"
2	2	1	"C4N14_RS09045"	"FN0642"
2	2	1	"C4N14_RS09050"	"FN0641"
2	2	1	"C4N14_RS09055"	"FN0640"
2	2	1	"C4N14_RS09060"	"FN0639"
2	2	1	"C4N14_RS09065"	"FN0638"
2	2	1	"C4N14_RS09075"	"FN0636"
2	2	1	"C4N14_RS09080"	"FN0635"
2	2	1	"C4N14_RS09085"	"FN0634"
2	2	1	"C4N14_RS09090"	"FN0633"
2	2	1	"C4N14_RS09095"	"FN0632"
2	2	1	"C4N14_RS09100"	"FN0631"
2	2	1	"C4N14_RS09105"	"FN0630"
2	2	1	"C4N14_RS09110"	"FN0629"
2	2	1	"C4N14_RS09115"	"FN0628"
2	2	1	"C4N14_RS09120"	"FN0627"
2	2	1	"C4N14_RS09125"	"FN0626"
2	2	1	"C4N14_RS09130"	"FN0625"
2	2	1	"C4N14_RS09135"	"FN0624"
2	2	1	"C4N14_RS09140"	"FN0623"
2	2	1	"C4N14_RS09145"	"FN0622"
2	2	1	"C4N14_RS09150"	"FN0621"
2	2	1	"C4N14_RS09155"	"FN0619"
2	2	1	"C4N14_RS09160"	"FN0618"
2	2	1	"C4N14_RS09165"	"FN0617"
2	2	1	"C4N14_RS09170"	"FN0616"
2	2	1	"C4N14_RS09175"	"FN0615"
2	2	1	"C4N14_RS09180"	"FN0614"
2	2	1	"C4N14_RS09185"	"FN0613"
2	2	1	"C4N14_RS09190"	"FN0612"
2	2	1	"C4N14_RS09195"	"FN0611"
2	2	1	"C4N14_RS09200"	"FN0610"
2	2	1	"C4N14_RS09205"	"FN0609"
2	2	1	"C4N14_RS09210"	"FN0608"
2	2	1	"C4N14_RS09215"	"FN0607"
2	2	1	"C4N14_RS09220"	"FN0606"
2	2	1	"C4N14_RS09225"	"FN0605"
2	2	1	"C4N14_RS09230"	"FN0604"
2	2	1	"C4N14_RS09235"	"FN0603"
2	2	1	"C4N14_RS09240"	"FN0602"
2	2	1	"C4N14_RS09245"	"FN0601"
2	2	1	"C4N14_RS09250"	"FN0600"
2	2	1	"C4N14_RS09255"	"FN0598"
2	2	1	"C4N14_RS09260"	"FN0597"
2	2	1	"C4N14_RS09265"	"FN0596"
2	2	1	"C4N14_RS09270"	"FN0595"
2	2	1	"C4N14_RS09275"	"FN0594"
2	2	1	"C4N14_RS09280"	"FN0593"
2	2	1	"C4N14_RS09285"	"FN0592"
2	2	1	"C4N14_RS09290"	"FN0591"
2	2	1	"C4N14_RS09295"	"FN0590"
2	2	1	"C4N14_RS09300"	"FN0589"
2	2	1	"C4N14_RS09305"	"FN0588"
2	2	1	"C4N14_RS09310"	"FN0587"
2	2	1	"C4N14_RS09315"	"FN0586"
2	2	1	"C4N14_RS09320"	"FN0585"
2	2	1	"C4N14_RS09325"	"FN0584"
2	2	1	"C4N14_RS09330"	"FN0583"
2	2	1	"C4N14_RS09335"	"FN0582"
2	2	1	"C4N14_RS09340"	"FN0581"
2	2	1	"C4N14_RS09345"	"FN0580"
2	2	1	"C4N14_RS09350"	"FN0579"
2	2	1	"C4N14_RS09355"	"FN0578"
2	2	1	"C4N14_RS09360"	"FN0577"
2	2	1	"C4N14_RS09365"	"FN0576"
2	2	1	"C4N14_RS09380"	"FN0571"
2	2	1	"C4N14_RS09385"	"FN0570"
2	2	1	"C4N14_RS09395"	"FN0568"
2	2	1	"C4N14_RS09400"	"FN0566"
2	2	1	"C4N14_RS09410"	"FN0564"
2	2	1	"C4N14_RS09425"	"FN0563"
2	2	1	"C4N14_RS09430"	"FN0562"
2	2	1	"C4N14_RS09435"	"FN0561"
2	2	1	"C4N14_RS09440"	"FN0560"
2	2	1	"C4N14_RS09445"	"FN0559"
2	2	1	"C4N14_RS09450"	"FN0558"
2	2	1	"C4N14_RS09455"	"FN0557"
2	2	1	"C4N14_RS09465"	"FN0556"
2	2	1	"C4N14_RS09470"	"FN0555"
2	2	1	"C4N14_RS09475"	"FN0554"
2	2	1	"C4N14_RS09480"	"FN0553"
2	2	1	"C4N14_RS09485"	"FN0552"
2	2	1	"C4N14_RS09490"	"FN0551"
2	2	1	"C4N14_RS09505"	"FN0550"
2	2	1	"C4N14_RS09510"	"FN0549"
2	2	1	"C4N14_RS09515"	"FN0548"
2	2	1	"C4N14_RS09520"	"FN0547"
2	2	1	"C4N14_RS09525"	"FN0546"
2	2	1	"C4N14_RS09530"	"FN0545"
2	2	1	"C4N14_RS09535"	"FN0544"
2	2	1	"C4N14_RS09540"	"FN0543"
2	2	1	"C4N14_RS09545"	"FN0542"
2	2	1	"C4N14_RS09550"	"FN0541"
2	2	1	"C4N14_RS09555"	"FN0540"
2	2	1	"C4N14_RS09560"	"FN0539"
2	2	1	"C4N14_RS09565"	"FN0538"
2	2	1	"C4N14_RS09570"	"FN0537"
2	2	1	"C4N14_RS09575"	"FN0536"
2	2	1	"C4N14_RS09580"	"FN0535"
2	2	1	"C4N14_RS09585"	"FN0534"
2	2	1	"C4N14_RS09590"	"FN0533"
2	2	1	"C4N14_RS09595"	"FN0532"
2	2	1	"C4N14_RS09605"	"FN0528"
2	2	1	"C4N14_RS09610"	"FN0527"
2	2	1	"C4N14_RS09615"	"FN0526"
2	2	1	"C4N14_RS09620"	"FN0525"
2	2	1	"C4N14_RS09625"	"FN0524"
2	2	1	"C4N14_RS09630"	"FN0523"
2	2	1	"C4N14_RS09635"	"FN0522"
2	2	1	"C4N14_RS09640"	"FN0521"
2	2	1	"C4N14_RS09645"	"FN0520"
2	2	1	"C4N14_RS09650"	"FN0519"
2	2	1	"C4N14_RS09655"	"FN0518"
2	2	1	"C4N14_RS09660"	"FN0517"
2	2	1	"C4N14_RS09665"	"FN0516"
2	2	1	"C4N14_RS09670"	"FN0515"
2	2	1	"C4N14_RS09675"	"FN0514"
2	2	1	"C4N14_RS09680"	"FN0513"
2	2	1	"C4N14_RS09685"	"FN0512"
2	2	1	"C4N14_RS09700"	"FN0511"
2	2	1	"C4N14_RS09705"	"FN0508"
2	2	1	"C4N14_RS09715"	"FN0506"
2	2	1	"C4N14_RS09720"	"FN0505"
2	2	1	"C4N14_RS09725"	"FN0504"
2	2	1	"C4N14_RS09730"	"FN0503"
2	2	1	"C4N14_RS09735"	"FN0502"
2	2	1	"C4N14_RS09740"	"FN0501"
2	2	1	"C4N14_RS09745"	"FN0500"
2	2	1	"C4N14_RS09750"	"FN0499"
2	2	1	"C4N14_RS09755"	"FN0498"
2	2	1	"C4N14_RS09765"	"FN0495"
2	2	1	"C4N14_RS09770"	"FN0494"
2	2	1	"C4N14_RS09775"	"FN0493"
2	2	1	"C4N14_RS09785"	"FN0491"
2	2	1	"C4N14_RS09790"	"FN0490"
2	2	1	"C4N14_RS09795"	"FN0489"
2	2	1	"C4N14_RS09800"	"FN0488"
2	2	1	"C4N14_RS09805"	"FN0487"
2	2	1	"C4N14_RS09820"	"FN0484"
2	2	1	"C4N14_RS09825"	"FN0483"
2	2	1	"C4N14_RS09830"	"FN0482"
2	2	1	"C4N14_RS09835"	"FN0481"
2	2	1	"C4N14_RS09840"	"FN0480"
2	2	1	"C4N14_RS09845"	"FN0479"
2	2	1	"C4N14_RS09850"	"FN0478"
2	2	1	"C4N14_RS09855"	"FN0477"
2	2	1	"C4N14_RS09860"	"FN0476"
2	2	1	"C4N14_RS09865"	"FN0475"
2	2	1	"C4N14_RS09870"	"FN0474"
2	2	1	"C4N14_RS09875"	"FN0473"
2	2	1	"C4N14_RS09880"	"FN0472"
2	2	1	"C4N14_RS09890"	"FN0470"
2	2	1	"C4N14_RS09895"	"FN0469"
2	2	1	"C4N14_RS09900"	"FN0468"
2	2	1	"C4N14_RS09905"	"FN0467"
2	2	1	"C4N14_RS09910"	"FN0466"
2	2	1	"C4N14_RS09915"	"FN0465"
2	2	1	"C4N14_RS09920"	"FN0464"
2	2	1	"C4N14_RS09925"	"FN0463"
2	2	1	"C4N14_RS09930"	"FN0462"
2	2	1	"C4N14_RS09935"	"FN0461"
2	2	1	"C4N14_RS09940"	"FN0460"
2	2	1	"C4N14_RS09945"	"FN0459"
2	2	1	"C4N14_RS09950"	"FN0458"
2	2	1	"C4N14_RS09955"	"FN0457"
2	2	1	"C4N14_RS09960"	"FN0456"
2	2	1	"C4N14_RS09965"	"FN0455"
2	2	1	"C4N14_RS09970"	"FN0454"
2	2	1	"C4N14_RS09975"	"FN0453"
2	2	1	"C4N14_RS09980"	"FN0452"
2	2	1	"C4N14_RS10000"	"FN0439"
2	2	1	"C4N14_RS10005"	"FN0438"
2	2	1	"C4N14_RS10010"	"FN0437"
2	2	1	"C4N14_RS10015"	"FN0436"
2	2	1	"C4N14_RS10020"	"FN0435"
2	2	1	"C4N14_RS10045"	"FN0430"
2	2	1	"C4N14_RS10050"	"FN0428"
2	2	1	"C4N14_RS10055"	"FN0427"
2	2	1	"C4N14_RS10060"	"FN0426"
2	2	1	"C4N14_RS10065"	"FN0425"
2	2	1	"C4N14_RS10070"	"FN0424"
2	2	1	"C4N14_RS10075"	"FN0423"
2	2	1	"C4N14_RS10080"	"FN0422"
2	2	1	"C4N14_RS10085"	"FN0421"
2	2	1	"C4N14_RS10090"	"FN0420"
2	2	1	"C4N14_RS10095"	"FN0419"
2	2	1	"C4N14_RS10100"	"FN0418"
2	2	1	"C4N14_RS10105"	"FN0413"
2	2	1	"C4N14_RS10110"	"FN0412"
2	2	1	"C4N14_RS10115"	"FN0411"
2	2	1	"C4N14_RS10120"	"FN0410"
2	2	1	"C4N14_RS10125"	"FN0409"
2	2	1	"C4N14_RS10130"	"FN0408"
2	2	1	"C4N14_RS10135"	"FN0407"
2	2	1	"C4N14_RS10140"	"FN0406"
2	2	1	"C4N14_RS10145"	"FN0405"
2	2	1	"C4N14_RS10150"	"FN1340"
2	2	1	"C4N14_RS10155"	"FN1341"
2	2	1	"C4N14_RS10160"	"FN1342"
2	2	1	"C4N14_RS10165"	"FN1343"
2	2	1	"C4N14_RS10180"	"FN1345"
2	2	1	"C4N14_RS10185"	"FN1347"
2	2	1	"C4N14_RS10190"	"FN1348"
2	2	1	"C4N14_RS10195"	"FN1349"
2	2	1	"C4N14_RS10200"	"FN1350"
2	2	1	"C4N14_RS10205"	"FN1351"
2	2	1	"C4N14_RS10210"	"FN1352"
2	2	1	"C4N14_RS10215"	"FN1353"
2	2	1	"C4N14_RS10220"	"FN1354"
2	2	1	"C4N14_RS10225"	"FN1355"
2	2	1	"C4N14_RS10235"	"FN1358"
2	2	1	"C4N14_RS10240"	"FN1359"
2	2	1	"C4N14_RS10245"	"FN1360"
2	2	1	"C4N14_RS10250"	"FN1361"
2	2	1	"C4N14_RS10255"	"FN1362"
2	2	1	"C4N14_RS10260"	"FN1363"
2	2	1	"C4N14_RS10265"	"FN1364"
2	2	1	"C4N14_RS10270"	"FN1365"
2	2	1	"C4N14_RS10275"	"FN1366"
2	2	1	"C4N14_RS10280"	"FN1367"
2	2	1	"C4N14_RS10285"	"FN1368"
2	2	1	"C4N14_RS10290"	"FN1369"
2	2	1	"C4N14_RS10295"	"FN1370"
2	2	1	"C4N14_RS10300"	"FN1371"
2	2	1	"C4N14_RS10305"	"FN1372"
2	2	1	"C4N14_RS10310"	"FN1373"
2	2	1	"C4N14_RS10315"	"FN1374"
2	2	1	"C4N14_RS10320"	"FN1375"
2	2	1	"C4N14_RS10325"	"FN1376"
2	2	1	"C4N14_RS10330"	"FN1377"
2	2	1	"C4N14_RS10335"	"FN1378"
2	2	1	"C4N14_RS10340"	"FN1379"
2	2	1	"C4N14_RS10345"	"FN1380"
2	2	1	"C4N14_RS10350"	"FN1381"
2	2	1	"C4N14_RS10355"	"FN1382"
2	2	1	"C4N14_RS10360"	"FN1383"
2	2	1	"C4N14_RS10365"	"FN1384"
2	2	1	"C4N14_RS10370"	"FN1385"
2	2	1	"C4N14_RS10375"	"FN1386"
2	2	1	"C4N14_RS10380"	"FN1387"
2	2	1	"C4N14_RS10400"	"FN1391"
2	2	1	"C4N14_RS10415"	"FN1392"
2	2	1	"C4N14_RS10420"	"FN1393"
2	2	1	"C4N14_RS10425"	"FN1394"
2	2	1	"C4N14_RS10430"	"FN1395"
2	2	1	"C4N14_RS10435"	"FN1397"
2	2	1	"C4N14_RS10440"	"FN1398"
2	2	1	"C4N14_RS10445"	"FN1399"
2	2	1	"C4N14_RS10450"	"FN1400"
2	2	1	"C4N14_RS10455"	"FN1401"
2	2	1	"C4N14_RS10460"	"FN1402"
2	2	1	"C4N14_RS10465"	"FN1403"
2	2	1	"C4N14_RS10470"	"FN1404"
2	2	1	"C4N14_RS10475"	"FN1405"
2	2	1	"C4N14_RS10480"	"FN1406"
2	2	1	"C4N14_RS10485"	"FN1407"
2	2	1	"C4N14_RS10490"	"FN1408"
2	2	1	"C4N14_RS10500"	"FN1411"
2	2	1	"C4N14_RS10505"	"FN1412"
2	2	1	"C4N14_RS10510"	"FN1413"
2	2	1	"C4N14_RS10515"	"FN1414"
2	2	1	"C4N14_RS10520"	"FN1415"
2	2	1	"C4N14_RS10525"	"FN1416"
2	2	1	"C4N14_RS10530"	"FN1417"
2	2	1	"C4N14_RS10535"	"FN1418"
2	2	1	"C4N14_RS10540"	"FN1419"
2	2	1	"C4N14_RS10545"	"FN1420"
2	2	1	"C4N14_RS10550"	"FN1421"
2	2	1	"C4N14_RS10555"	"FN1422"
2	2	1	"C4N14_RS10560"	"FN1423"
2	2	1	"C4N14_RS10565"	"FN1424"
2	2	1	"C4N14_RS10575"	"FN1426"
2	2	1	"C4N14_RS10580"	"FN1427"
2	2	1	"C4N14_RS10585"	"FN1428"
2	2	1	"C4N14_RS10590"	"FN1429"
2	2	1	"C4N14_RS10595"	"FN1430"
2	2	1	"C4N14_RS10600"	"FN1431"
2	2	1	"C4N14_RS10605"	"FN1432"
2	2	1	"C4N14_RS10610"	"FN1433"
2	2	1	"C4N14_RS10615"	"FN1434"
2	2	1	"C4N14_RS10620"	"FN1435"
2	2	1	"C4N14_RS10630"	"FN1437"
2	2	1	"C4N14_RS10640"	"FN1439"
2	2	1	"C4N14_RS10645"	"FN1440"
2	2	1	"C4N14_RS10650"	"FN1441"
2	2	1	"C4N14_RS10655"	"FN1444"
2	2	1	"C4N14_RS10670"	"FN1448"
2	2	1	"C4N14_RS10680"	"FN1449"
2	2	1	"C4N14_RS10685"	"FN1450"
2	2	1	"C4N14_RS10690"	"FN1451"
2	2	1	"C4N14_RS10695"	"FN1452"
2	2	1	"C4N14_RS10700"	"FN1453"
2	2	1	"C4N14_RS10705"	"FN1454"
2	2	1	"C4N14_RS10710"	"FN1455"
2	2	1	"C4N14_RS10715"	"FN1456"
2	2	1	"C4N14_RS10720"	"FN1457"
2	2	1	"C4N14_RS10725"	"FN1458"
2	2	1	"C4N14_RS10730"	"FN1459"
2	2	1	"C4N14_RS10740"	"FN1461"
2	2	1	"C4N14_RS10745"	"FN1462"
2	2	1	"C4N14_RS10750"	"FN1463"
2	2	1	"C4N14_RS10755"	"FN1464"
2	2	1	"C4N14_RS10765"	"FN1465"
2	2	1	"C4N14_RS10770"	"FN1466"
2	2	1	"C4N14_RS10775"	"FN1467"
2	2	1	"C4N14_RS10780"	"FN1468"
2	2	1	"C4N14_RS10785"	"FN1469"
2	2	1	"C4N14_RS10790"	"FN1470"
2	2	1	"C4N14_RS10795"	"FN1471"
2	2	1	"C4N14_RS10800"	"FN1472"
2	2	1	"C4N14_RS10805"	"FN1473"
2	2	1	"C4N14_RS10810"	"FN1474"
2	2	1	"C4N14_RS10815"	"FN1475"
2	2	1	"C4N14_RS10820"	"FN1476"
2	2	1	"C4N14_RS10825"	"FN1477"
2	2	1	"C4N14_RS10830"	"FN1478"
2	2	1	"C4N14_RS10835"	"FN1479"
2	2	1	"C4N14_RS10840"	"FN1480"
2	2	1	"C4N14_RS10845"	"FN1481"
2	2	1	"C4N14_RS10850"	"FN1482"
2	2	1	"C4N14_RS10855"	"FN1483"
2	2	1	"C4N14_RS10860"	"FN1484"
2	2	1	"C4N14_RS10865"	"FN1485"
2	2	1	"C4N14_RS10870"	"FN1486"
2	2	1	"C4N14_RS10875"	"FN1487"
2	2	1	"C4N14_RS10880"	"FN1488"
2	2	1	"C4N14_RS10885"	"FN1489"
2	2	1	"C4N14_RS10890"	"FN1490"
2	2	1	"C4N14_RS10895"	"FN1491"
2	2	1	"C4N14_RS10900"	"FN1492"
2	2	1	"C4N14_RS10905"	"FN1795"
2	2	1	"C4N14_RS10915"	"FN1953"
2	2	1	"C4N14_RS10920"	"FN0289"
2	2	1	"C4N14_RS10950"	"FN1195"
2	2	1	"C4N14_RS10965"	"FN0864"
2	2	1	"C4N14_RS10970"	"FN0860"
2	2	1	"C4N14_RS10980"	"FN0703"
2	2	1	"C4N14_RS11000"	"FN0120"
2	2	1	"C4N14_RS11015"	"FN1890"
2	2	1	"C4N14_RS11045"	"FN1098"
2	2	1	"C4N14_RS11065"	"FN0575"
2	2	1	"C4N14_RS11075"	"FN0492"
2	2	1	"C4N14_RS11080"	"FN0429"
2	2	1	"C4N14_RS11105"	"FN1513"
2	2	1	"C4N14_RS11125"	"FN1698"
2	2	1	"C4N14_RS11130"	"FN1699"
2	2	1	"C4N14_RS11140"	"FN1749"
2	2	1	"C4N14_RS11175"	"FN2012"
2	2	1	"C4N14_RS11190"	"FN1981"
2	2	1	"C4N14_RS11220"	"FN0146"
2	2	1	"C4N14_RS11230"	"FN0231"
2	2	1	"C4N14_RS11240"	"FN0232"
2	2	1	"C4N14_RS11260"	"FN0255"
2	2	1	"C4N14_RS11265"	"FN0259"
2	2	1	"C4N14_RS11275"	"FN1160"
2	2	1	"C4N14_RS11325"	"FN0842"
2	2	1	"C4N14_RS11345"	"FN0696"
2	2	1	"C4N14_RS11370"	"FN0565"
2	2	1	"C4N14_RS11375"	"FN1344"
2	2	1	"C4N14_RS11385"	"FN1409"
2	2	1	"C4N14_RS11390"	"FN1410"
2	2	1	"C4N14_RS11400"	"FN1990"
2	2	1	"C4N14_RS11410"	"FN1954"
2	2	1	"C4N14_RS11420"	"FN1043"
2	2	1	"C4N14_RS11435"	"FN1436"
