HMPREF0946_RS00005	HMPREF0946_01863
HMPREF0946_RS00010	HMPREF0946_01862
HMPREF0946_RS00015	HMPREF0946_01861
HMPREF0946_RS00020	HMPREF0946_01860
HMPREF0946_RS00025	HMPREF0946_01859
HMPREF0946_RS00030	HMPREF0946_01858
HMPREF0946_RS00035	HMPREF0946_01857
HMPREF0946_RS00040	HMPREF0946_01856
HMPREF0946_RS00045	HMPREF0946_01855
HMPREF0946_RS00050	HMPREF0946_01854
HMPREF0946_RS00055	HMPREF0946_01853
HMPREF0946_RS00060	HMPREF0946_01852
HMPREF0946_RS00070	HMPREF0946_01850
HMPREF0946_RS00075	HMPREF0946_02202
HMPREF0946_RS00080	HMPREF0946_01849
HMPREF0946_RS00085	HMPREF0946_01848
HMPREF0946_RS00090	HMPREF0946_01847
HMPREF0946_RS00095	HMPREF0946_01846
HMPREF0946_RS00100	HMPREF0946_01845
HMPREF0946_RS00105	HMPREF0946_01844
HMPREF0946_RS00110	HMPREF0946_01843
HMPREF0946_RS00115	HMPREF0946_01842
HMPREF0946_RS00120	HMPREF0946_01841
HMPREF0946_RS00125	HMPREF0946_01840
HMPREF0946_RS00130	HMPREF0946_01839
HMPREF0946_RS00135	HMPREF0946_01838
HMPREF0946_RS00140	HMPREF0946_01837
HMPREF0946_RS00145	HMPREF0946_01836
HMPREF0946_RS00150	HMPREF0946_01835
HMPREF0946_RS00155	HMPREF0946_01834
HMPREF0946_RS00160	HMPREF0946_01833
HMPREF0946_RS00165	HMPREF0946_01832
HMPREF0946_RS00170	HMPREF0946_01831
HMPREF0946_RS00175	HMPREF0946_01830
HMPREF0946_RS00180	HMPREF0946_01829
HMPREF0946_RS00185	HMPREF0946_01828
HMPREF0946_RS00190	HMPREF0946_01827
HMPREF0946_RS00195	HMPREF0946_01826
HMPREF0946_RS00205	HMPREF0946_01824
HMPREF0946_RS00210	HMPREF0946_01823
HMPREF0946_RS00215	HMPREF0946_01822
HMPREF0946_RS00220	HMPREF0946_01821
HMPREF0946_RS00225	HMPREF0946_01820
HMPREF0946_RS00230	HMPREF0946_01819
HMPREF0946_RS00235	HMPREF0946_01818
HMPREF0946_RS00240	HMPREF0946_01817
HMPREF0946_RS00245	HMPREF0946_01816
HMPREF0946_RS00250	HMPREF0946_01815
HMPREF0946_RS00255	HMPREF0946_01814
HMPREF0946_RS00260	HMPREF0946_01813
HMPREF0946_RS00265	HMPREF0946_01812
HMPREF0946_RS00270	HMPREF0946_01811
HMPREF0946_RS00275	HMPREF0946_01810
HMPREF0946_RS00280	HMPREF0946_01809
HMPREF0946_RS00285	HMPREF0946_01808
HMPREF0946_RS00290	HMPREF0946_01807
HMPREF0946_RS00295	HMPREF0946_01806
HMPREF0946_RS00300	HMPREF0946_01805
HMPREF0946_RS00305	HMPREF0946_01804
HMPREF0946_RS00310	HMPREF0946_01803
HMPREF0946_RS00315	HMPREF0946_01802
HMPREF0946_RS00320	HMPREF0946_01801
HMPREF0946_RS00325	HMPREF0946_01800
HMPREF0946_RS00330	HMPREF0946_01799
HMPREF0946_RS00335	HMPREF0946_01798
HMPREF0946_RS00340	HMPREF0946_01797
HMPREF0946_RS00345	HMPREF0946_01796
HMPREF0946_RS00350	HMPREF0946_01795
HMPREF0946_RS00355	HMPREF0946_01794
HMPREF0946_RS00360	HMPREF0946_01793
HMPREF0946_RS00365	HMPREF0946_01792
HMPREF0946_RS00370	HMPREF0946_01791
HMPREF0946_RS00375	HMPREF0946_01790
HMPREF0946_RS00380	HMPREF0946_01789
HMPREF0946_RS00385	HMPREF0946_04047
HMPREF0946_RS00390	HMPREF0946_04048
HMPREF0946_RS00395	HMPREF0946_04049
HMPREF0946_RS00400	HMPREF0946_02120
HMPREF0946_RS00405	HMPREF0946_02119
HMPREF0946_RS00410	HMPREF0946_02118
HMPREF0946_RS00415	HMPREF0946_02117
HMPREF0946_RS00420	HMPREF0946_02116
HMPREF0946_RS00425	HMPREF0946_02115
HMPREF0946_RS00430	HMPREF0946_02114
HMPREF0946_RS00435	HMPREF0946_02113
HMPREF0946_RS00440	HMPREF0946_02112
HMPREF0946_RS00445	HMPREF0946_02111
HMPREF0946_RS00450	HMPREF0946_02110
HMPREF0946_RS00455	HMPREF0946_02109
HMPREF0946_RS00460	HMPREF0946_02108
HMPREF0946_RS00465	HMPREF0946_02107
HMPREF0946_RS00470	HMPREF0946_02106
HMPREF0946_RS00475	HMPREF0946_02105
HMPREF0946_RS00480	HMPREF0946_02104
HMPREF0946_RS00485	HMPREF0946_02103
HMPREF0946_RS00490	HMPREF0946_02102
HMPREF0946_RS00495	HMPREF0946_02101
HMPREF0946_RS00500	HMPREF0946_02100
HMPREF0946_RS00505	HMPREF0946_02099
HMPREF0946_RS00510	HMPREF0946_02098
HMPREF0946_RS00515	HMPREF0946_02097
HMPREF0946_RS00520	HMPREF0946_02096
HMPREF0946_RS00525	HMPREF0946_02095
HMPREF0946_RS00530	HMPREF0946_02094
HMPREF0946_RS00535	HMPREF0946_02093
HMPREF0946_RS00540	HMPREF0946_02092
HMPREF0946_RS00545	HMPREF0946_02091
HMPREF0946_RS00550	HMPREF0946_02090
HMPREF0946_RS00555	HMPREF0946_02089
HMPREF0946_RS00560	HMPREF0946_02088
HMPREF0946_RS00565	HMPREF0946_02087
HMPREF0946_RS00570	HMPREF0946_02086
HMPREF0946_RS00575	HMPREF0946_02085
HMPREF0946_RS11500	HMPREF0946_02199
HMPREF0946_RS11505	HMPREF0946_02198
HMPREF0946_RS00590	HMPREF0946_02083
HMPREF0946_RS00595	HMPREF0946_02082
HMPREF0946_RS00600	HMPREF0946_02081
HMPREF0946_RS00605	HMPREF0946_02080
HMPREF0946_RS00610	HMPREF0946_02079
HMPREF0946_RS00615	HMPREF0946_02078
HMPREF0946_RS00620	HMPREF0946_02077
HMPREF0946_RS00625	HMPREF0946_02076
HMPREF0946_RS00630	HMPREF0946_02075
HMPREF0946_RS00635	HMPREF0946_02074
HMPREF0946_RS00640	HMPREF0946_02073
HMPREF0946_RS00645	HMPREF0946_02072
HMPREF0946_RS00650	HMPREF0946_02071
HMPREF0946_RS00655	HMPREF0946_02070
HMPREF0946_RS00660	HMPREF0946_02069
HMPREF0946_RS00665	HMPREF0946_02068
HMPREF0946_RS00670	HMPREF0946_02067
HMPREF0946_RS00675	HMPREF0946_02066
HMPREF0946_RS00680	HMPREF0946_02065
HMPREF0946_RS00685	HMPREF0946_02064
HMPREF0946_RS00690	HMPREF0946_02063
HMPREF0946_RS00695	HMPREF0946_02062
HMPREF0946_RS00700	HMPREF0946_04000
HMPREF0946_RS00705	HMPREF0946_04001
HMPREF0946_RS00710	HMPREF0946_04002
HMPREF0946_RS00715	HMPREF0946_04003
HMPREF0946_RS00720	HMPREF0946_04004
HMPREF0946_RS00725	HMPREF0946_04005
HMPREF0946_RS00730	HMPREF0946_04006
HMPREF0946_RS00735	HMPREF0946_04007
HMPREF0946_RS00740	HMPREF0946_04008
HMPREF0946_RS00745	HMPREF0946_04009
HMPREF0946_RS00750	HMPREF0946_04010
HMPREF0946_RS00755	HMPREF0946_04011
HMPREF0946_RS00760	HMPREF0946_04012
HMPREF0946_RS00765	HMPREF0946_04013
HMPREF0946_RS00770	HMPREF0946_02061
HMPREF0946_RS00775	HMPREF0946_02060
HMPREF0946_RS00780	HMPREF0946_02059
HMPREF0946_RS00785	HMPREF0946_04014
HMPREF0946_RS00790	HMPREF0946_04015
HMPREF0946_RS00795	HMPREF0946_02058
HMPREF0946_RS00800	HMPREF0946_02057
HMPREF0946_RS00805	HMPREF0946_02056
HMPREF0946_RS00810	HMPREF0946_02055
HMPREF0946_RS00815	HMPREF0946_02054
HMPREF0946_RS00820	HMPREF0946_02053
HMPREF0946_RS00825	HMPREF0946_02052
HMPREF0946_RS00830	HMPREF0946_02051
HMPREF0946_RS00840	HMPREF0946_04016
HMPREF0946_RS00845	HMPREF0946_04017
HMPREF0946_RS00850	HMPREF0946_04018
HMPREF0946_RS00855	HMPREF0946_04019
HMPREF0946_RS00860	HMPREF0946_04020
HMPREF0946_RS00865	HMPREF0946_04021
HMPREF0946_RS00870	HMPREF0946_02049
HMPREF0946_RS00875	HMPREF0946_02048
HMPREF0946_RS00880	HMPREF0946_02047
HMPREF0946_RS00885	HMPREF0946_02046
HMPREF0946_RS00890	HMPREF0946_02043
HMPREF0946_RS00895	HMPREF0946_02042
HMPREF0946_RS00900	HMPREF0946_02041
HMPREF0946_RS00905	HMPREF0946_04050
HMPREF0946_RS00910	HMPREF0946_04051
HMPREF0946_RS00915	HMPREF0946_04052
HMPREF0946_RS00920	HMPREF0946_01788
HMPREF0946_RS00925	HMPREF0946_01787
HMPREF0946_RS00930	HMPREF0946_01786
HMPREF0946_RS00935	HMPREF0946_01785
HMPREF0946_RS00940	HMPREF0946_01784
HMPREF0946_RS00945	HMPREF0946_01783
HMPREF0946_RS00950	HMPREF0946_01782
HMPREF0946_RS00955	HMPREF0946_01781
HMPREF0946_RS00960	HMPREF0946_01780
HMPREF0946_RS00965	HMPREF0946_01779
HMPREF0946_RS00970	HMPREF0946_01778
HMPREF0946_RS00975	HMPREF0946_01777
HMPREF0946_RS00980	HMPREF0946_02204
HMPREF0946_RS00985	HMPREF0946_01776
HMPREF0946_RS00990	HMPREF0946_01775
HMPREF0946_RS00995	HMPREF0946_01774
HMPREF0946_RS01000	HMPREF0946_01773
HMPREF0946_RS01005	HMPREF0946_01772
HMPREF0946_RS01010	HMPREF0946_01771
HMPREF0946_RS01015	HMPREF0946_01770
HMPREF0946_RS01020	HMPREF0946_01769
HMPREF0946_RS01025	HMPREF0946_01768
HMPREF0946_RS01030	HMPREF0946_01767
HMPREF0946_RS01035	HMPREF0946_01766
HMPREF0946_RS01040	HMPREF0946_01765
HMPREF0946_RS01045	HMPREF0946_01764
HMPREF0946_RS01050	HMPREF0946_01763
HMPREF0946_RS01055	HMPREF0946_01762
HMPREF0946_RS01060	HMPREF0946_01761
HMPREF0946_RS01065	HMPREF0946_01760
HMPREF0946_RS01070	HMPREF0946_01759
HMPREF0946_RS01075	HMPREF0946_01758
HMPREF0946_RS01080	HMPREF0946_01757
HMPREF0946_RS01085	HMPREF0946_01756
HMPREF0946_RS01090	HMPREF0946_01755
HMPREF0946_RS01095	HMPREF0946_01754
HMPREF0946_RS01100	HMPREF0946_01753
HMPREF0946_RS01105	HMPREF0946_01752
HMPREF0946_RS01110	HMPREF0946_01751
HMPREF0946_RS01115	HMPREF0946_01750
HMPREF0946_RS01120	HMPREF0946_01749
HMPREF0946_RS01125	HMPREF0946_01748
HMPREF0946_RS01130	HMPREF0946_01747
HMPREF0946_RS01135	HMPREF0946_01746
HMPREF0946_RS01140	HMPREF0946_01745
HMPREF0946_RS01145	HMPREF0946_01744
HMPREF0946_RS01150	HMPREF0946_01743
HMPREF0946_RS01155	HMPREF0946_01742
HMPREF0946_RS01160	HMPREF0946_01741
HMPREF0946_RS01165	HMPREF0946_01740
HMPREF0946_RS01170	HMPREF0946_01739
HMPREF0946_RS01175	HMPREF0946_01738
HMPREF0946_RS01180	HMPREF0946_01737
HMPREF0946_RS01185	HMPREF0946_01736
HMPREF0946_RS01190	HMPREF0946_01735
HMPREF0946_RS01195	HMPREF0946_01734
HMPREF0946_RS01200	HMPREF0946_01733
HMPREF0946_RS01205	HMPREF0946_01732
HMPREF0946_RS01210	HMPREF0946_01731
HMPREF0946_RS01215	HMPREF0946_01730
HMPREF0946_RS01220	HMPREF0946_01729
HMPREF0946_RS01225	HMPREF0946_01728
HMPREF0946_RS01230	HMPREF0946_01727
HMPREF0946_RS01235	HMPREF0946_01726
HMPREF0946_RS01240	HMPREF0946_04022
HMPREF0946_RS01245	HMPREF0946_04023
HMPREF0946_RS01250	HMPREF0946_04024
HMPREF0946_RS01255	HMPREF0946_04025
HMPREF0946_RS01260	HMPREF0946_04026
HMPREF0946_RS01265	HMPREF0946_04027
HMPREF0946_RS01270	HMPREF0946_04028
HMPREF0946_RS01275	HMPREF0946_04029
HMPREF0946_RS01280	HMPREF0946_04030
HMPREF0946_RS01285	HMPREF0946_04031
HMPREF0946_RS01290	HMPREF0946_04032
HMPREF0946_RS01295	HMPREF0946_01725
HMPREF0946_RS01300	HMPREF0946_01724
HMPREF0946_RS01305	HMPREF0946_01723
HMPREF0946_RS01310	HMPREF0946_01722
HMPREF0946_RS01315	HMPREF0946_01721
HMPREF0946_RS01320	HMPREF0946_01720
HMPREF0946_RS01325	HMPREF0946_01719
HMPREF0946_RS01330	HMPREF0946_01718
HMPREF0946_RS01335	HMPREF0946_01717
HMPREF0946_RS01340	HMPREF0946_01716
HMPREF0946_RS01345	HMPREF0946_01715
HMPREF0946_RS01350	HMPREF0946_01714
HMPREF0946_RS01355	HMPREF0946_01713
HMPREF0946_RS01360	HMPREF0946_01712
HMPREF0946_RS01365	HMPREF0946_01711
HMPREF0946_RS01370	HMPREF0946_01710
HMPREF0946_RS01375	HMPREF0946_01709
HMPREF0946_RS01380	HMPREF0946_01708
HMPREF0946_RS01385	HMPREF0946_01707
HMPREF0946_RS01390	HMPREF0946_01706
HMPREF0946_RS01410	HMPREF0946_01703
HMPREF0946_RS01415	HMPREF0946_01702
HMPREF0946_RS01420	HMPREF0946_01701
HMPREF0946_RS01425	HMPREF0946_01700
HMPREF0946_RS01430	HMPREF0946_01699
HMPREF0946_RS11380	HMPREF0946_01698
HMPREF0946_RS01435	HMPREF0946_01697
HMPREF0946_RS01440	HMPREF0946_01696
HMPREF0946_RS01445	HMPREF0946_01695
HMPREF0946_RS11510	HMPREF0946_02177
HMPREF0946_RS01450	HMPREF0946_01694
HMPREF0946_RS01455	HMPREF0946_01693
HMPREF0946_RS01460	HMPREF0946_02176
HMPREF0946_RS01465	HMPREF0946_02175
HMPREF0946_RS01470	HMPREF0946_01690
HMPREF0946_RS01475	HMPREF0946_01689
HMPREF0946_RS01480	HMPREF0946_01688
HMPREF0946_RS01485	HMPREF0946_01687
HMPREF0946_RS01490	HMPREF0946_01686
HMPREF0946_RS01495	HMPREF0946_01685
HMPREF0946_RS01500	HMPREF0946_01684
HMPREF0946_RS01505	HMPREF0946_01683
HMPREF0946_RS01510	HMPREF0946_01682
HMPREF0946_RS01515	HMPREF0946_01681
HMPREF0946_RS01520	HMPREF0946_01680
HMPREF0946_RS01525	HMPREF0946_01679
HMPREF0946_RS01530	HMPREF0946_01678
HMPREF0946_RS01535	HMPREF0946_01677
HMPREF0946_RS01540	HMPREF0946_01676
HMPREF0946_RS01545	HMPREF0946_01675
HMPREF0946_RS01550	HMPREF0946_01674
HMPREF0946_RS01555	HMPREF0946_01673
HMPREF0946_RS11005	HMPREF0946_01672
HMPREF0946_RS01565	HMPREF0946_01671
HMPREF0946_RS01570	HMPREF0946_01670
HMPREF0946_RS01575	HMPREF0946_01669
HMPREF0946_RS01580	HMPREF0946_01668
HMPREF0946_RS01585	HMPREF0946_01667
HMPREF0946_RS01590	HMPREF0946_01666
HMPREF0946_RS01595	HMPREF0946_01665
HMPREF0946_RS01600	HMPREF0946_01664
HMPREF0946_RS01605	HMPREF0946_01663
HMPREF0946_RS01610	HMPREF0946_01662
HMPREF0946_RS01615	HMPREF0946_01661
HMPREF0946_RS01620	HMPREF0946_01660
HMPREF0946_RS01625	HMPREF0946_01659
HMPREF0946_RS01630	HMPREF0946_01658
HMPREF0946_RS01635	HMPREF0946_01657
HMPREF0946_RS01640	HMPREF0946_01656
HMPREF0946_RS01645	HMPREF0946_01654
HMPREF0946_RS01650	HMPREF0946_02122
HMPREF0946_RS11515	HMPREF0946_01653
HMPREF0946_RS01660	HMPREF0946_01652
HMPREF0946_RS01670	HMPREF0946_01649
HMPREF0946_RS01675	HMPREF0946_01648
HMPREF0946_RS11530	HMPREF0946_01647
HMPREF0946_RS01685	HMPREF0946_01646
HMPREF0946_RS01690	HMPREF0946_01645
HMPREF0946_RS01695	HMPREF0946_01644
HMPREF0946_RS01700	HMPREF0946_01643
HMPREF0946_RS01705	HMPREF0946_01642
HMPREF0946_RS01710	HMPREF0946_01641
HMPREF0946_RS01715	HMPREF0946_01640
HMPREF0946_RS01720	HMPREF0946_01639
HMPREF0946_RS01725	HMPREF0946_01638
HMPREF0946_RS01730	HMPREF0946_01637
HMPREF0946_RS01735	HMPREF0946_01636
HMPREF0946_RS01740	HMPREF0946_01635
HMPREF0946_RS01745	HMPREF0946_01634
HMPREF0946_RS01750	HMPREF0946_01633
HMPREF0946_RS11385	HMPREF0946_01632
HMPREF0946_RS01755	HMPREF0946_01631
HMPREF0946_RS01760	HMPREF0946_01630
HMPREF0946_RS01765	HMPREF0946_01629
HMPREF0946_RS01770	HMPREF0946_01628
HMPREF0946_RS01775	HMPREF0946_01627
HMPREF0946_RS01780	HMPREF0946_01626
HMPREF0946_RS01785	HMPREF0946_01625
HMPREF0946_RS01790	HMPREF0946_01624
HMPREF0946_RS01795	HMPREF0946_01623
HMPREF0946_RS01800	HMPREF0946_01622
HMPREF0946_RS01805	HMPREF0946_01621
HMPREF0946_RS01810	HMPREF0946_01620
HMPREF0946_RS01815	HMPREF0946_01619
HMPREF0946_RS01820	HMPREF0946_01617
HMPREF0946_RS01825	HMPREF0946_01616
HMPREF0946_RS01830	HMPREF0946_01615
HMPREF0946_RS01835	HMPREF0946_01614
HMPREF0946_RS01840	HMPREF0946_01613
HMPREF0946_RS01845	HMPREF0946_01612
HMPREF0946_RS01850	HMPREF0946_01611
HMPREF0946_RS01855	HMPREF0946_01610
HMPREF0946_RS01860	HMPREF0946_01609
HMPREF0946_RS01865	HMPREF0946_01608
HMPREF0946_RS01870	HMPREF0946_01607
HMPREF0946_RS01875	HMPREF0946_01606
HMPREF0946_RS01880	HMPREF0946_01605
HMPREF0946_RS01885	HMPREF0946_01604
HMPREF0946_RS01890	HMPREF0946_01603
HMPREF0946_RS01895	HMPREF0946_01602
HMPREF0946_RS01900	HMPREF0946_01601
HMPREF0946_RS01905	HMPREF0946_01600
HMPREF0946_RS01910	HMPREF0946_01599
HMPREF0946_RS01915	HMPREF0946_01598
HMPREF0946_RS01920	HMPREF0946_01597
HMPREF0946_RS01925	HMPREF0946_01596
HMPREF0946_RS01930	HMPREF0946_01595
HMPREF0946_RS01935	HMPREF0946_01594
HMPREF0946_RS01940	HMPREF0946_01593
HMPREF0946_RS01945	HMPREF0946_01592
HMPREF0946_RS01955	HMPREF0946_01590
HMPREF0946_RS01960	HMPREF0946_01589
HMPREF0946_RS01965	HMPREF0946_01588
HMPREF0946_RS01970	HMPREF0946_01587
HMPREF0946_RS01975	HMPREF0946_01586
HMPREF0946_RS01980	HMPREF0946_01585
HMPREF0946_RS01985	HMPREF0946_01584
HMPREF0946_RS01990	HMPREF0946_01583
HMPREF0946_RS01995	HMPREF0946_01582
HMPREF0946_RS02000	HMPREF0946_01581
HMPREF0946_RS02005	HMPREF0946_01580
HMPREF0946_RS02010	HMPREF0946_01579
HMPREF0946_RS02015	HMPREF0946_01578
HMPREF0946_RS02020	HMPREF0946_01577
HMPREF0946_RS02025	HMPREF0946_01576
HMPREF0946_RS02030	HMPREF0946_01575
HMPREF0946_RS02035	HMPREF0946_01574
HMPREF0946_RS02040	HMPREF0946_01573
HMPREF0946_RS02045	HMPREF0946_01572
HMPREF0946_RS02050	HMPREF0946_01571
HMPREF0946_RS02055	HMPREF0946_01570
HMPREF0946_RS11310	HMPREF0946_01569
HMPREF0946_RS11315	HMPREF0946_01568
HMPREF0946_RS02070	HMPREF0946_01567
HMPREF0946_RS02075	HMPREF0946_01566
HMPREF0946_RS02080	HMPREF0946_01565
HMPREF0946_RS02085	HMPREF0946_01564
HMPREF0946_RS02090	HMPREF0946_01563
HMPREF0946_RS02095	HMPREF0946_01562
HMPREF0946_RS02100	HMPREF0946_01561
HMPREF0946_RS02105	HMPREF0946_01560
HMPREF0946_RS02110	HMPREF0946_01559
HMPREF0946_RS02115	HMPREF0946_01558
HMPREF0946_RS02120	HMPREF0946_01556
HMPREF0946_RS02125	HMPREF0946_01555
HMPREF0946_RS02135	HMPREF0946_01553
HMPREF0946_RS11390	HMPREF0946_01550
HMPREF0946_RS11395	HMPREF0946_01549
HMPREF0946_RS02155	HMPREF0946_01548
HMPREF0946_RS02160	HMPREF0946_01547
HMPREF0946_RS02165	HMPREF0946_01546
HMPREF0946_RS02180	HMPREF0946_01543
HMPREF0946_RS02185	HMPREF0946_01542
HMPREF0946_RS11535	HMPREF0946_01541
HMPREF0946_RS02195	HMPREF0946_01540
HMPREF0946_RS11545	HMPREF0946_01539
HMPREF0946_RS02205	HMPREF0946_01538
HMPREF0946_RS02210	HMPREF0946_01537
HMPREF0946_RS02215	HMPREF0946_01536
HMPREF0946_RS02220	HMPREF0946_01535
HMPREF0946_RS02225	HMPREF0946_01534
HMPREF0946_RS02230	HMPREF0946_01533
HMPREF0946_RS02235	HMPREF0946_01532
HMPREF0946_RS02240	HMPREF0946_01531
HMPREF0946_RS02245	HMPREF0946_01530
HMPREF0946_RS02250	HMPREF0946_01529
HMPREF0946_RS02255	HMPREF0946_01528
HMPREF0946_RS02260	HMPREF0946_01527
HMPREF0946_RS02265	HMPREF0946_01526
HMPREF0946_RS02270	HMPREF0946_01525
HMPREF0946_RS02275	HMPREF0946_01524
HMPREF0946_RS02280	HMPREF0946_01523
HMPREF0946_RS02285	HMPREF0946_01522
HMPREF0946_RS02300	HMPREF0946_01520
HMPREF0946_RS02305	HMPREF0946_01519
HMPREF0946_RS02315	HMPREF0946_01517
HMPREF0946_RS02320	HMPREF0946_01516
HMPREF0946_RS02325	HMPREF0946_01515
HMPREF0946_RS02330	HMPREF0946_01514
HMPREF0946_RS02335	HMPREF0946_01513
HMPREF0946_RS02340	HMPREF0946_01512
HMPREF0946_RS02345	HMPREF0946_01511
HMPREF0946_RS02350	HMPREF0946_01510
HMPREF0946_RS02355	HMPREF0946_01509
HMPREF0946_RS02360	HMPREF0946_01508
HMPREF0946_RS02365	HMPREF0946_01507
HMPREF0946_RS02370	HMPREF0946_01506
HMPREF0946_RS02375	HMPREF0946_01505
HMPREF0946_RS02380	HMPREF0946_01504
HMPREF0946_RS02385	HMPREF0946_01503
HMPREF0946_RS02390	HMPREF0946_01502
HMPREF0946_RS02395	HMPREF0946_01501
HMPREF0946_RS02400	HMPREF0946_01500
HMPREF0946_RS02405	HMPREF0946_01499
HMPREF0946_RS02410	HMPREF0946_01498
HMPREF0946_RS02415	HMPREF0946_01497
HMPREF0946_RS02420	HMPREF0946_01496
HMPREF0946_RS02425	HMPREF0946_01495
HMPREF0946_RS02430	HMPREF0946_01494
HMPREF0946_RS02435	HMPREF0946_01493
HMPREF0946_RS02440	HMPREF0946_01492
HMPREF0946_RS02445	HMPREF0946_01491
HMPREF0946_RS02450	HMPREF0946_01490
HMPREF0946_RS02455	HMPREF0946_01489
HMPREF0946_RS02460	HMPREF0946_01488
HMPREF0946_RS02465	HMPREF0946_01487
HMPREF0946_RS02470	HMPREF0946_01486
HMPREF0946_RS02475	HMPREF0946_01485
HMPREF0946_RS02480	HMPREF0946_01484
HMPREF0946_RS02485	HMPREF0946_01483
HMPREF0946_RS02490	HMPREF0946_01482
HMPREF0946_RS02495	HMPREF0946_01481
HMPREF0946_RS02500	HMPREF0946_01480
HMPREF0946_RS02505	HMPREF0946_01479
HMPREF0946_RS02510	HMPREF0946_01478
HMPREF0946_RS02515	HMPREF0946_01477
HMPREF0946_RS02520	HMPREF0946_01476
HMPREF0946_RS02525	HMPREF0946_01475
HMPREF0946_RS02540	HMPREF0946_01473
HMPREF0946_RS02545	HMPREF0946_01472
HMPREF0946_RS02550	HMPREF0946_01471
HMPREF0946_RS02555	HMPREF0946_01470
HMPREF0946_RS02560	HMPREF0946_01469
HMPREF0946_RS02565	HMPREF0946_01468
HMPREF0946_RS02570	HMPREF0946_01467
HMPREF0946_RS02575	HMPREF0946_01466
HMPREF0946_RS02580	HMPREF0946_01465
HMPREF0946_RS02585	HMPREF0946_01464
HMPREF0946_RS02590	HMPREF0946_01463
HMPREF0946_RS02595	HMPREF0946_01462
HMPREF0946_RS02600	HMPREF0946_01461
HMPREF0946_RS02605	HMPREF0946_01460
HMPREF0946_RS02610	HMPREF0946_01459
HMPREF0946_RS02615	HMPREF0946_01458
HMPREF0946_RS02620	HMPREF0946_01457
HMPREF0946_RS02625	HMPREF0946_01456
HMPREF0946_RS02630	HMPREF0946_01455
HMPREF0946_RS02635	HMPREF0946_01454
HMPREF0946_RS02640	HMPREF0946_01453
HMPREF0946_RS02645	HMPREF0946_01452
HMPREF0946_RS11400	HMPREF0946_01451
HMPREF0946_RS02650	HMPREF0946_01450
HMPREF0946_RS02655	HMPREF0946_01449
HMPREF0946_RS02665	HMPREF0946_01447
HMPREF0946_RS02670	HMPREF0946_01446
HMPREF0946_RS02675	HMPREF0946_01445
HMPREF0946_RS02680	HMPREF0946_01444
HMPREF0946_RS02685	HMPREF0946_01443
HMPREF0946_RS02690	HMPREF0946_01442
HMPREF0946_RS02695	HMPREF0946_02166
HMPREF0946_RS02700	HMPREF0946_02165
HMPREF0946_RS02705	HMPREF0946_01440
HMPREF0946_RS02710	HMPREF0946_01439
HMPREF0946_RS02715	HMPREF0946_02127
HMPREF0946_RS02720	HMPREF0946_02126
HMPREF0946_RS02725	HMPREF0946_01438
HMPREF0946_RS02730	HMPREF0946_01437
HMPREF0946_RS02735	HMPREF0946_01436
HMPREF0946_RS02740	HMPREF0946_01435
HMPREF0946_RS02745	HMPREF0946_01434
HMPREF0946_RS02750	HMPREF0946_02164
HMPREF0946_RS02755	HMPREF0946_02163
HMPREF0946_RS02760	HMPREF0946_01432
HMPREF0946_RS02765	HMPREF0946_01431
HMPREF0946_RS02770	HMPREF0946_01430
HMPREF0946_RS02775	HMPREF0946_01428
HMPREF0946_RS11665	HMPREF0946_01427
HMPREF0946_RS02785	HMPREF0946_01426
HMPREF0946_RS02790	HMPREF0946_01425
HMPREF0946_RS02795	HMPREF0946_01424
HMPREF0946_RS02800	HMPREF0946_01423
HMPREF0946_RS02805	HMPREF0946_01422
HMPREF0946_RS02810	HMPREF0946_01421
HMPREF0946_RS02815	HMPREF0946_01420
HMPREF0946_RS02820	HMPREF0946_01419
HMPREF0946_RS02825	HMPREF0946_01418
HMPREF0946_RS02830	HMPREF0946_01417
HMPREF0946_RS02835	HMPREF0946_01416
HMPREF0946_RS02840	HMPREF0946_01415
HMPREF0946_RS02845	HMPREF0946_01414
HMPREF0946_RS02850	HMPREF0946_01413
HMPREF0946_RS02855	HMPREF0946_01412
HMPREF0946_RS02860	HMPREF0946_01411
HMPREF0946_RS02865	HMPREF0946_01410
HMPREF0946_RS02870	HMPREF0946_01409
HMPREF0946_RS02875	HMPREF0946_01408
HMPREF0946_RS02880	HMPREF0946_04053
HMPREF0946_RS02885	HMPREF0946_04054
HMPREF0946_RS02890	HMPREF0946_04055
HMPREF0946_RS02895	HMPREF0946_02040
HMPREF0946_RS02900	HMPREF0946_02039
HMPREF0946_RS02905	HMPREF0946_02038
HMPREF0946_RS02910	HMPREF0946_02037
HMPREF0946_RS02915	HMPREF0946_02036
HMPREF0946_RS02920	HMPREF0946_02035
HMPREF0946_RS02925	HMPREF0946_02034
HMPREF0946_RS02930	HMPREF0946_02033
HMPREF0946_RS02935	HMPREF0946_02031
HMPREF0946_RS02940	HMPREF0946_02030
HMPREF0946_RS02945	HMPREF0946_02029
HMPREF0946_RS02950	HMPREF0946_02028
HMPREF0946_RS02955	HMPREF0946_02027
HMPREF0946_RS02960	HMPREF0946_02026
HMPREF0946_RS02965	HMPREF0946_02025
HMPREF0946_RS02970	HMPREF0946_02024
HMPREF0946_RS02975	HMPREF0946_02023
HMPREF0946_RS02980	HMPREF0946_02022
HMPREF0946_RS02985	HMPREF0946_02021
HMPREF0946_RS02990	HMPREF0946_02020
HMPREF0946_RS02995	HMPREF0946_02019
HMPREF0946_RS03000	HMPREF0946_02018
HMPREF0946_RS03005	HMPREF0946_02017
HMPREF0946_RS03010	HMPREF0946_02195
HMPREF0946_RS03015	HMPREF0946_02194
HMPREF0946_RS03025	HMPREF0946_02193
HMPREF0946_RS03030	HMPREF0946_02012
HMPREF0946_RS03035	HMPREF0946_02011
HMPREF0946_RS03040	HMPREF0946_02010
HMPREF0946_RS03045	HMPREF0946_02009
HMPREF0946_RS03050	HMPREF0946_02008
HMPREF0946_RS03055	HMPREF0946_02006
HMPREF0946_RS03060	HMPREF0946_02005
HMPREF0946_RS03065	HMPREF0946_02004
HMPREF0946_RS03070	HMPREF0946_02002
HMPREF0946_RS03075	HMPREF0946_02001
HMPREF0946_RS03080	HMPREF0946_02000
HMPREF0946_RS03085	HMPREF0946_01999
HMPREF0946_RS03090	HMPREF0946_01998
HMPREF0946_RS03095	HMPREF0946_01997
HMPREF0946_RS03100	HMPREF0946_01996
HMPREF0946_RS03105	HMPREF0946_01995
HMPREF0946_RS03110	HMPREF0946_01994
HMPREF0946_RS03115	HMPREF0946_01993
HMPREF0946_RS03120	HMPREF0946_01992
HMPREF0946_RS11070	HMPREF0946_01991
HMPREF0946_RS03125	HMPREF0946_01990
HMPREF0946_RS03130	HMPREF0946_01989
HMPREF0946_RS03135	HMPREF0946_01988
HMPREF0946_RS03140	HMPREF0946_01987
HMPREF0946_RS03145	HMPREF0946_01986
HMPREF0946_RS03150	HMPREF0946_01985
HMPREF0946_RS03155	HMPREF0946_01984
HMPREF0946_RS03160	HMPREF0946_01983
HMPREF0946_RS03165	HMPREF0946_01982
HMPREF0946_RS03170	HMPREF0946_01981
HMPREF0946_RS03175	HMPREF0946_01980
HMPREF0946_RS03180	HMPREF0946_01979
HMPREF0946_RS03185	HMPREF0946_01978
HMPREF0946_RS03190	HMPREF0946_01977
HMPREF0946_RS03195	HMPREF0946_01976
HMPREF0946_RS03200	HMPREF0946_01975
HMPREF0946_RS03205	HMPREF0946_01974
HMPREF0946_RS03210	HMPREF0946_01973
HMPREF0946_RS03215	HMPREF0946_01972
HMPREF0946_RS03220	HMPREF0946_01971
HMPREF0946_RS11495	HMPREF0946_02192
HMPREF0946_RS03230	HMPREF0946_02191
HMPREF0946_RS03235	HMPREF0946_01969
HMPREF0946_RS11560	HMPREF0946_02190
HMPREF0946_RS11565	HMPREF0946_02189
HMPREF0946_RS11575	HMPREF0946_02188
HMPREF0946_RS03255	HMPREF0946_02187
HMPREF0946_RS03260	HMPREF0946_01967
HMPREF0946_RS03265	HMPREF0946_01966
HMPREF0946_RS03270	HMPREF0946_01965
HMPREF0946_RS03275	HMPREF0946_01964
HMPREF0946_RS03280	HMPREF0946_01963
HMPREF0946_RS03285	HMPREF0946_01962
HMPREF0946_RS03290	HMPREF0946_01961
HMPREF0946_RS03295	HMPREF0946_01960
HMPREF0946_RS03300	HMPREF0946_01959
HMPREF0946_RS03305	HMPREF0946_01958
HMPREF0946_RS03310	HMPREF0946_01957
HMPREF0946_RS03315	HMPREF0946_01956
HMPREF0946_RS03320	HMPREF0946_01955
HMPREF0946_RS03325	HMPREF0946_04056
HMPREF0946_RS03330	HMPREF0946_04057
HMPREF0946_RS03335	HMPREF0946_04058
HMPREF0946_RS03340	HMPREF0946_04033
HMPREF0946_RS03345	HMPREF0946_00001
HMPREF0946_RS03350	HMPREF0946_00002
HMPREF0946_RS03355	HMPREF0946_00003
HMPREF0946_RS03360	HMPREF0946_00004
HMPREF0946_RS03365	HMPREF0946_00005
HMPREF0946_RS03370	HMPREF0946_00006
HMPREF0946_RS03375	HMPREF0946_04034
HMPREF0946_RS03380	HMPREF0946_04035
HMPREF0946_RS03385	HMPREF0946_04036
HMPREF0946_RS03390	HMPREF0946_00007
HMPREF0946_RS03395	HMPREF0946_00008
HMPREF0946_RS03400	HMPREF0946_00009
HMPREF0946_RS03405	HMPREF0946_00010
HMPREF0946_RS03410	HMPREF0946_00011
HMPREF0946_RS03415	HMPREF0946_00012
HMPREF0946_RS03420	HMPREF0946_00013
HMPREF0946_RS03425	HMPREF0946_00014
HMPREF0946_RS03430	HMPREF0946_00015
HMPREF0946_RS03435	HMPREF0946_00016
HMPREF0946_RS03440	HMPREF0946_00017
HMPREF0946_RS03445	HMPREF0946_00018
HMPREF0946_RS03450	HMPREF0946_00019
HMPREF0946_RS03455	HMPREF0946_00020
HMPREF0946_RS03460	HMPREF0946_00021
HMPREF0946_RS03465	HMPREF0946_00022
HMPREF0946_RS03470	HMPREF0946_00023
HMPREF0946_RS03475	HMPREF0946_00024
HMPREF0946_RS03480	HMPREF0946_00025
HMPREF0946_RS03485	HMPREF0946_00026
HMPREF0946_RS03490	HMPREF0946_00027
HMPREF0946_RS03495	HMPREF0946_00028
HMPREF0946_RS03500	HMPREF0946_00029
HMPREF0946_RS03505	HMPREF0946_00030
HMPREF0946_RS03510	HMPREF0946_00031
HMPREF0946_RS03515	HMPREF0946_00032
HMPREF0946_RS03520	HMPREF0946_00033
HMPREF0946_RS03525	HMPREF0946_00034
HMPREF0946_RS03530	HMPREF0946_00035
HMPREF0946_RS03535	HMPREF0946_00036
HMPREF0946_RS03540	HMPREF0946_00037
HMPREF0946_RS03545	HMPREF0946_00038
HMPREF0946_RS03550	HMPREF0946_00039
HMPREF0946_RS03555	HMPREF0946_00040
HMPREF0946_RS03560	HMPREF0946_00041
HMPREF0946_RS03565	HMPREF0946_00042
HMPREF0946_RS03570	HMPREF0946_00043
HMPREF0946_RS03575	HMPREF0946_00044
HMPREF0946_RS03580	HMPREF0946_00045
HMPREF0946_RS11405	HMPREF0946_00046
HMPREF0946_RS03585	HMPREF0946_00047
HMPREF0946_RS03590	HMPREF0946_00048
HMPREF0946_RS03595	HMPREF0946_00049
HMPREF0946_RS03600	HMPREF0946_00050
HMPREF0946_RS03605	HMPREF0946_00051
HMPREF0946_RS03610	HMPREF0946_00052
HMPREF0946_RS03615	HMPREF0946_00053
HMPREF0946_RS03620	HMPREF0946_00054
HMPREF0946_RS03625	HMPREF0946_00055
HMPREF0946_RS03630	HMPREF0946_00056
HMPREF0946_RS03635	HMPREF0946_00057
HMPREF0946_RS03640	HMPREF0946_00058
HMPREF0946_RS03645	HMPREF0946_00059
HMPREF0946_RS03650	HMPREF0946_00060
HMPREF0946_RS03655	HMPREF0946_00061
HMPREF0946_RS03660	HMPREF0946_00062
HMPREF0946_RS03665	HMPREF0946_00063
HMPREF0946_RS03670	HMPREF0946_00064
HMPREF0946_RS03675	HMPREF0946_00065
HMPREF0946_RS03680	HMPREF0946_00066
HMPREF0946_RS03685	HMPREF0946_00067
HMPREF0946_RS03690	HMPREF0946_00068
HMPREF0946_RS03695	HMPREF0946_00069
HMPREF0946_RS03700	HMPREF0946_00070
HMPREF0946_RS03705	HMPREF0946_00071
HMPREF0946_RS03710	HMPREF0946_00072
HMPREF0946_RS03715	HMPREF0946_00073
HMPREF0946_RS03720	HMPREF0946_00074
HMPREF0946_RS03725	HMPREF0946_00075
HMPREF0946_RS03730	HMPREF0946_00076
HMPREF0946_RS03735	HMPREF0946_00077
HMPREF0946_RS03740	HMPREF0946_00078
HMPREF0946_RS03745	HMPREF0946_00079
HMPREF0946_RS03750	HMPREF0946_00080
HMPREF0946_RS03755	HMPREF0946_00081
HMPREF0946_RS03760	HMPREF0946_00082
HMPREF0946_RS03765	HMPREF0946_00083
HMPREF0946_RS03770	HMPREF0946_00084
HMPREF0946_RS03775	HMPREF0946_00085
HMPREF0946_RS03780	HMPREF0946_00086
HMPREF0946_RS03785	HMPREF0946_00087
HMPREF0946_RS03790	HMPREF0946_00088
HMPREF0946_RS03795	HMPREF0946_00089
HMPREF0946_RS03800	HMPREF0946_00090
HMPREF0946_RS03805	HMPREF0946_00091
HMPREF0946_RS03810	HMPREF0946_00092
HMPREF0946_RS03815	HMPREF0946_00093
HMPREF0946_RS03820	HMPREF0946_00094
HMPREF0946_RS03825	HMPREF0946_00095
HMPREF0946_RS03830	HMPREF0946_00096
HMPREF0946_RS03835	HMPREF0946_00097
HMPREF0946_RS03840	HMPREF0946_00098
HMPREF0946_RS03845	HMPREF0946_00099
HMPREF0946_RS03850	HMPREF0946_00100
HMPREF0946_RS03855	HMPREF0946_00101
HMPREF0946_RS03860	HMPREF0946_00102
HMPREF0946_RS03865	HMPREF0946_00103
HMPREF0946_RS03870	HMPREF0946_00104
HMPREF0946_RS03875	HMPREF0946_00106
HMPREF0946_RS03880	HMPREF0946_00107
HMPREF0946_RS03885	HMPREF0946_00108
HMPREF0946_RS11415	HMPREF0946_00109
HMPREF0946_RS03890	HMPREF0946_02213
HMPREF0946_RS03895	HMPREF0946_00110
HMPREF0946_RS03900	HMPREF0946_00111
HMPREF0946_RS03905	HMPREF0946_00112
HMPREF0946_RS03910	HMPREF0946_00113
HMPREF0946_RS03915	HMPREF0946_00114
HMPREF0946_RS03920	HMPREF0946_00115
HMPREF0946_RS03925	HMPREF0946_00116
HMPREF0946_RS03930	HMPREF0946_00117
HMPREF0946_RS03935	HMPREF0946_00118
HMPREF0946_RS03940	HMPREF0946_00119
HMPREF0946_RS03945	HMPREF0946_00120
HMPREF0946_RS03950	HMPREF0946_00121
HMPREF0946_RS03955	HMPREF0946_00122
HMPREF0946_RS03960	HMPREF0946_00123
HMPREF0946_RS03965	HMPREF0946_00124
HMPREF0946_RS03970	HMPREF0946_00125
HMPREF0946_RS03975	HMPREF0946_00126
HMPREF0946_RS03980	HMPREF0946_00127
HMPREF0946_RS03985	HMPREF0946_00128
HMPREF0946_RS03990	HMPREF0946_00129
HMPREF0946_RS03995	HMPREF0946_00130
HMPREF0946_RS04000	HMPREF0946_00131
HMPREF0946_RS04005	HMPREF0946_00132
HMPREF0946_RS04010	HMPREF0946_00133
HMPREF0946_RS04015	HMPREF0946_00134
HMPREF0946_RS04020	HMPREF0946_00135
HMPREF0946_RS04025	HMPREF0946_00136
HMPREF0946_RS04030	HMPREF0946_00137
HMPREF0946_RS04035	HMPREF0946_00138
HMPREF0946_RS04040	HMPREF0946_00139
HMPREF0946_RS04045	HMPREF0946_00140
HMPREF0946_RS04050	HMPREF0946_00141
HMPREF0946_RS04055	HMPREF0946_00142
HMPREF0946_RS04060	HMPREF0946_00143
HMPREF0946_RS04065	HMPREF0946_00144
HMPREF0946_RS04070	HMPREF0946_00145
HMPREF0946_RS04075	HMPREF0946_00146
HMPREF0946_RS04080	HMPREF0946_00147
HMPREF0946_RS04085	HMPREF0946_00148
HMPREF0946_RS04090	HMPREF0946_00149
HMPREF0946_RS04095	HMPREF0946_00150
HMPREF0946_RS04100	HMPREF0946_00151
HMPREF0946_RS04105	HMPREF0946_00152
HMPREF0946_RS04110	HMPREF0946_00153
HMPREF0946_RS04115	HMPREF0946_00154
HMPREF0946_RS04120	HMPREF0946_00155
HMPREF0946_RS04125	HMPREF0946_00156
HMPREF0946_RS04130	HMPREF0946_00157
HMPREF0946_RS04135	HMPREF0946_00158
HMPREF0946_RS04140	HMPREF0946_00159
HMPREF0946_RS04145	HMPREF0946_00160
HMPREF0946_RS04150	HMPREF0946_00161
HMPREF0946_RS04155	HMPREF0946_00162
HMPREF0946_RS04160	HMPREF0946_00163
HMPREF0946_RS04165	HMPREF0946_00164
HMPREF0946_RS04170	HMPREF0946_00165
HMPREF0946_RS04175	HMPREF0946_00166
HMPREF0946_RS04180	HMPREF0946_00167
HMPREF0946_RS04185	HMPREF0946_00168
HMPREF0946_RS04190	HMPREF0946_00169
HMPREF0946_RS04195	HMPREF0946_00170
HMPREF0946_RS04200	HMPREF0946_00171
HMPREF0946_RS04205	HMPREF0946_00172
HMPREF0946_RS04210	HMPREF0946_00173
HMPREF0946_RS04215	HMPREF0946_00174
HMPREF0946_RS04220	HMPREF0946_00175
HMPREF0946_RS04225	HMPREF0946_00176
HMPREF0946_RS04230	HMPREF0946_00177
HMPREF0946_RS04235	HMPREF0946_00178
HMPREF0946_RS04240	HMPREF0946_00179
HMPREF0946_RS04245	HMPREF0946_00180
HMPREF0946_RS04250	HMPREF0946_00181
HMPREF0946_RS04255	HMPREF0946_00182
HMPREF0946_RS04260	HMPREF0946_00183
HMPREF0946_RS04265	HMPREF0946_00184
HMPREF0946_RS04270	HMPREF0946_00185
HMPREF0946_RS04275	HMPREF0946_00186
HMPREF0946_RS04280	HMPREF0946_00187
HMPREF0946_RS04285	HMPREF0946_00188
HMPREF0946_RS04290	HMPREF0946_00189
HMPREF0946_RS04295	HMPREF0946_00190
HMPREF0946_RS04300	HMPREF0946_00191
HMPREF0946_RS04305	HMPREF0946_00192
HMPREF0946_RS04310	HMPREF0946_00193
HMPREF0946_RS04315	HMPREF0946_00194
HMPREF0946_RS04320	HMPREF0946_00195
HMPREF0946_RS04325	HMPREF0946_00196
HMPREF0946_RS04330	HMPREF0946_00197
HMPREF0946_RS04335	HMPREF0946_00198
HMPREF0946_RS04340	HMPREF0946_00199
HMPREF0946_RS04345	HMPREF0946_00200
HMPREF0946_RS04350	HMPREF0946_00201
HMPREF0946_RS04355	HMPREF0946_00202
HMPREF0946_RS04360	HMPREF0946_00203
HMPREF0946_RS04365	HMPREF0946_00204
HMPREF0946_RS04370	HMPREF0946_00205
HMPREF0946_RS04375	HMPREF0946_00206
HMPREF0946_RS04380	HMPREF0946_00207
HMPREF0946_RS04385	HMPREF0946_00208
HMPREF0946_RS04390	HMPREF0946_00209
HMPREF0946_RS04395	HMPREF0946_00210
HMPREF0946_RS04400	HMPREF0946_00211
HMPREF0946_RS04405	HMPREF0946_00212
HMPREF0946_RS04410	HMPREF0946_00213
HMPREF0946_RS04415	HMPREF0946_00214
HMPREF0946_RS04420	HMPREF0946_00215
HMPREF0946_RS04425	HMPREF0946_00216
HMPREF0946_RS04430	HMPREF0946_00217
HMPREF0946_RS04435	HMPREF0946_00218
HMPREF0946_RS04440	HMPREF0946_00219
HMPREF0946_RS04445	HMPREF0946_00220
HMPREF0946_RS04450	HMPREF0946_00221
HMPREF0946_RS04455	HMPREF0946_00222
HMPREF0946_RS04460	HMPREF0946_00223
HMPREF0946_RS04465	HMPREF0946_00224
HMPREF0946_RS04470	HMPREF0946_00225
HMPREF0946_RS04475	HMPREF0946_00226
HMPREF0946_RS04480	HMPREF0946_00227
HMPREF0946_RS04485	HMPREF0946_00228
HMPREF0946_RS04490	HMPREF0946_00229
HMPREF0946_RS04495	HMPREF0946_00230
HMPREF0946_RS04500	HMPREF0946_00231
HMPREF0946_RS04505	HMPREF0946_00232
HMPREF0946_RS04510	HMPREF0946_00233
HMPREF0946_RS04515	HMPREF0946_00234
HMPREF0946_RS04520	HMPREF0946_00235
HMPREF0946_RS04525	HMPREF0946_00236
HMPREF0946_RS04530	HMPREF0946_00237
HMPREF0946_RS04535	HMPREF0946_00238
HMPREF0946_RS04540	HMPREF0946_00239
HMPREF0946_RS04545	HMPREF0946_00240
HMPREF0946_RS04550	HMPREF0946_00241
HMPREF0946_RS04555	HMPREF0946_00242
HMPREF0946_RS04560	HMPREF0946_00243
HMPREF0946_RS04565	HMPREF0946_00244
HMPREF0946_RS04570	HMPREF0946_00245
HMPREF0946_RS04575	HMPREF0946_00246
HMPREF0946_RS04580	HMPREF0946_00247
HMPREF0946_RS04585	HMPREF0946_00248
HMPREF0946_RS04590	HMPREF0946_00249
HMPREF0946_RS04595	HMPREF0946_00250
HMPREF0946_RS04600	HMPREF0946_00251
HMPREF0946_RS04605	HMPREF0946_00252
HMPREF0946_RS04610	HMPREF0946_00253
HMPREF0946_RS04615	HMPREF0946_00254
HMPREF0946_RS04620	HMPREF0946_00255
HMPREF0946_RS04625	HMPREF0946_00256
HMPREF0946_RS04630	HMPREF0946_00257
HMPREF0946_RS04635	HMPREF0946_00258
HMPREF0946_RS04640	HMPREF0946_00259
HMPREF0946_RS04645	HMPREF0946_00260
HMPREF0946_RS04650	HMPREF0946_00261
HMPREF0946_RS04655	HMPREF0946_00262
HMPREF0946_RS04660	HMPREF0946_00263
HMPREF0946_RS04665	HMPREF0946_00264
HMPREF0946_RS04670	HMPREF0946_00265
HMPREF0946_RS04675	HMPREF0946_00266
HMPREF0946_RS04680	HMPREF0946_00267
HMPREF0946_RS04685	HMPREF0946_00268
HMPREF0946_RS04690	HMPREF0946_00269
HMPREF0946_RS04695	HMPREF0946_00270
HMPREF0946_RS04700	HMPREF0946_00271
HMPREF0946_RS04705	HMPREF0946_00272
HMPREF0946_RS04710	HMPREF0946_00273
HMPREF0946_RS04715	HMPREF0946_00274
HMPREF0946_RS04720	HMPREF0946_00275
HMPREF0946_RS04725	HMPREF0946_00276
HMPREF0946_RS04730	HMPREF0946_00277
HMPREF0946_RS04735	HMPREF0946_00278
HMPREF0946_RS04740	HMPREF0946_00279
HMPREF0946_RS04745	HMPREF0946_00280
HMPREF0946_RS04750	HMPREF0946_00281
HMPREF0946_RS04755	HMPREF0946_00282
HMPREF0946_RS04760	HMPREF0946_00283
HMPREF0946_RS04765	HMPREF0946_00284
HMPREF0946_RS04770	HMPREF0946_00285
HMPREF0946_RS04775	HMPREF0946_00286
HMPREF0946_RS04780	HMPREF0946_00287
HMPREF0946_RS04785	HMPREF0946_00288
HMPREF0946_RS04790	HMPREF0946_00289
HMPREF0946_RS04795	HMPREF0946_00290
HMPREF0946_RS04800	HMPREF0946_00291
HMPREF0946_RS04805	HMPREF0946_00292
HMPREF0946_RS04810	HMPREF0946_00293
HMPREF0946_RS04815	HMPREF0946_00294
HMPREF0946_RS04820	HMPREF0946_00295
HMPREF0946_RS04825	HMPREF0946_00296
HMPREF0946_RS04830	HMPREF0946_00297
HMPREF0946_RS04835	HMPREF0946_00298
HMPREF0946_RS04840	HMPREF0946_00299
HMPREF0946_RS04845	HMPREF0946_00300
HMPREF0946_RS04850	HMPREF0946_00301
HMPREF0946_RS04855	HMPREF0946_00302
HMPREF0946_RS04860	HMPREF0946_00303
HMPREF0946_RS04865	HMPREF0946_00304
HMPREF0946_RS04870	HMPREF0946_00305
HMPREF0946_RS04875	HMPREF0946_00306
HMPREF0946_RS04880	HMPREF0946_00307
HMPREF0946_RS04890	HMPREF0946_00309
HMPREF0946_RS04895	HMPREF0946_00310
HMPREF0946_RS04900	HMPREF0946_00311
HMPREF0946_RS04905	HMPREF0946_00312
HMPREF0946_RS04910	HMPREF0946_00313
HMPREF0946_RS04915	HMPREF0946_00314
HMPREF0946_RS04920	HMPREF0946_00315
HMPREF0946_RS04925	HMPREF0946_00316
HMPREF0946_RS04930	HMPREF0946_00317
HMPREF0946_RS04935	HMPREF0946_00318
HMPREF0946_RS04940	HMPREF0946_00319
HMPREF0946_RS04945	HMPREF0946_00320
HMPREF0946_RS04955	HMPREF0946_00322
HMPREF0946_RS04960	HMPREF0946_00323
HMPREF0946_RS04965	HMPREF0946_00324
HMPREF0946_RS04975	HMPREF0946_00326
HMPREF0946_RS04980	HMPREF0946_00327
HMPREF0946_RS04985	HMPREF0946_00328
HMPREF0946_RS04990	HMPREF0946_00329
HMPREF0946_RS04995	HMPREF0946_00330
HMPREF0946_RS05000	HMPREF0946_00331
HMPREF0946_RS05005	HMPREF0946_00332
HMPREF0946_RS05010	HMPREF0946_00333
HMPREF0946_RS05015	HMPREF0946_00334
HMPREF0946_RS05020	HMPREF0946_00335
HMPREF0946_RS05025	HMPREF0946_00336
HMPREF0946_RS11420	HMPREF0946_00337
HMPREF0946_RS05030	HMPREF0946_00338
HMPREF0946_RS05035	HMPREF0946_00339
HMPREF0946_RS05040	HMPREF0946_00340
HMPREF0946_RS05045	HMPREF0946_00341
HMPREF0946_RS05050	HMPREF0946_00342
HMPREF0946_RS05055	HMPREF0946_00343
HMPREF0946_RS05060	HMPREF0946_00344
HMPREF0946_RS05065	HMPREF0946_00345
HMPREF0946_RS05070	HMPREF0946_00346
HMPREF0946_RS05075	HMPREF0946_00347
HMPREF0946_RS05080	HMPREF0946_00348
HMPREF0946_RS05085	HMPREF0946_00349
HMPREF0946_RS05090	HMPREF0946_00350
HMPREF0946_RS05095	HMPREF0946_00351
HMPREF0946_RS05100	HMPREF0946_00352
HMPREF0946_RS05105	HMPREF0946_00353
HMPREF0946_RS05110	HMPREF0946_00354
HMPREF0946_RS05115	HMPREF0946_00355
HMPREF0946_RS05120	HMPREF0946_00356
HMPREF0946_RS05125	HMPREF0946_00357
HMPREF0946_RS05130	HMPREF0946_00358
HMPREF0946_RS05135	HMPREF0946_00359
HMPREF0946_RS05140	HMPREF0946_00360
HMPREF0946_RS05145	HMPREF0946_00361
HMPREF0946_RS05150	HMPREF0946_00362
HMPREF0946_RS05155	HMPREF0946_00363
HMPREF0946_RS05160	HMPREF0946_00364
HMPREF0946_RS05165	HMPREF0946_00365
HMPREF0946_RS05170	HMPREF0946_00366
HMPREF0946_RS05175	HMPREF0946_00367
HMPREF0946_RS05180	HMPREF0946_00368
HMPREF0946_RS05185	HMPREF0946_00369
HMPREF0946_RS05190	HMPREF0946_00370
HMPREF0946_RS05195	HMPREF0946_00371
HMPREF0946_RS05200	HMPREF0946_00372
HMPREF0946_RS05205	HMPREF0946_00373
HMPREF0946_RS05210	HMPREF0946_00374
HMPREF0946_RS05215	HMPREF0946_00375
HMPREF0946_RS05220	HMPREF0946_00376
HMPREF0946_RS05225	HMPREF0946_00377
HMPREF0946_RS05230	HMPREF0946_00378
HMPREF0946_RS05235	HMPREF0946_00379
HMPREF0946_RS05240	HMPREF0946_00380
HMPREF0946_RS05245	HMPREF0946_00381
HMPREF0946_RS05250	HMPREF0946_00382
HMPREF0946_RS05255	HMPREF0946_00383
HMPREF0946_RS05260	HMPREF0946_00384
HMPREF0946_RS05265	HMPREF0946_00385
HMPREF0946_RS05270	HMPREF0946_00386
HMPREF0946_RS05275	HMPREF0946_00387
HMPREF0946_RS05280	HMPREF0946_00388
HMPREF0946_RS05285	HMPREF0946_00389
HMPREF0946_RS05290	HMPREF0946_00390
HMPREF0946_RS05295	HMPREF0946_00391
HMPREF0946_RS05300	HMPREF0946_00392
HMPREF0946_RS05305	HMPREF0946_00393
HMPREF0946_RS05310	HMPREF0946_00394
HMPREF0946_RS05315	HMPREF0946_00395
HMPREF0946_RS05320	HMPREF0946_00396
HMPREF0946_RS05325	HMPREF0946_00397
HMPREF0946_RS05330	HMPREF0946_00398
HMPREF0946_RS05335	HMPREF0946_00399
HMPREF0946_RS05340	HMPREF0946_00400
HMPREF0946_RS05345	HMPREF0946_00401
HMPREF0946_RS05350	HMPREF0946_00402
HMPREF0946_RS05355	HMPREF0946_00403
HMPREF0946_RS05360	HMPREF0946_00404
HMPREF0946_RS05365	HMPREF0946_00405
HMPREF0946_RS05370	HMPREF0946_00406
HMPREF0946_RS05375	HMPREF0946_00407
HMPREF0946_RS05380	HMPREF0946_00408
HMPREF0946_RS05385	HMPREF0946_00409
HMPREF0946_RS05390	HMPREF0946_00410
HMPREF0946_RS05395	HMPREF0946_00411
HMPREF0946_RS05400	HMPREF0946_00412
HMPREF0946_RS05405	HMPREF0946_00413
HMPREF0946_RS05410	HMPREF0946_00414
HMPREF0946_RS05415	HMPREF0946_00415
HMPREF0946_RS05420	HMPREF0946_00416
HMPREF0946_RS05425	HMPREF0946_00417
HMPREF0946_RS05430	HMPREF0946_00418
HMPREF0946_RS05435	HMPREF0946_00419
HMPREF0946_RS05440	HMPREF0946_00420
HMPREF0946_RS05445	HMPREF0946_00421
HMPREF0946_RS05450	HMPREF0946_00422
HMPREF0946_RS05455	HMPREF0946_00423
HMPREF0946_RS05465	HMPREF0946_00425
HMPREF0946_RS05470	HMPREF0946_00426
HMPREF0946_RS05475	HMPREF0946_00427
HMPREF0946_RS05480	HMPREF0946_00428
HMPREF0946_RS05485	HMPREF0946_00429
HMPREF0946_RS05490	HMPREF0946_00430
HMPREF0946_RS05495	HMPREF0946_00431
HMPREF0946_RS05500	HMPREF0946_00432
HMPREF0946_RS05505	HMPREF0946_00433
HMPREF0946_RS05510	HMPREF0946_00434
HMPREF0946_RS05515	HMPREF0946_00435
HMPREF0946_RS05520	HMPREF0946_00436
HMPREF0946_RS05525	HMPREF0946_00437
HMPREF0946_RS05530	HMPREF0946_00438
HMPREF0946_RS05535	HMPREF0946_00439
HMPREF0946_RS11585	HMPREF0946_02134
HMPREF0946_RS05540	HMPREF0946_02136
HMPREF0946_RS05545	HMPREF0946_02138
HMPREF0946_RS05550	HMPREF0946_00442
HMPREF0946_RS05555	HMPREF0946_00443
HMPREF0946_RS05560	HMPREF0946_00444
HMPREF0946_RS05565	HMPREF0946_00445
HMPREF0946_RS05570	HMPREF0946_00446
HMPREF0946_RS05575	HMPREF0946_00447
HMPREF0946_RS05580	HMPREF0946_00448
HMPREF0946_RS05585	HMPREF0946_00449
HMPREF0946_RS05590	HMPREF0946_00450
HMPREF0946_RS05595	HMPREF0946_00451
HMPREF0946_RS05600	HMPREF0946_00452
HMPREF0946_RS05605	HMPREF0946_00453
HMPREF0946_RS05610	HMPREF0946_00454
HMPREF0946_RS05615	HMPREF0946_00455
HMPREF0946_RS05620	HMPREF0946_00456
HMPREF0946_RS05625	HMPREF0946_00457
HMPREF0946_RS05630	HMPREF0946_00458
HMPREF0946_RS05635	HMPREF0946_00459
HMPREF0946_RS05640	HMPREF0946_00460
HMPREF0946_RS05645	HMPREF0946_00461
HMPREF0946_RS05650	HMPREF0946_00462
HMPREF0946_RS05655	HMPREF0946_00463
HMPREF0946_RS05660	HMPREF0946_00464
HMPREF0946_RS05665	HMPREF0946_00465
HMPREF0946_RS05670	HMPREF0946_00466
HMPREF0946_RS05675	HMPREF0946_00467
HMPREF0946_RS05680	HMPREF0946_00468
HMPREF0946_RS05685	HMPREF0946_00469
HMPREF0946_RS05690	HMPREF0946_00470
HMPREF0946_RS05695	HMPREF0946_00471
HMPREF0946_RS05700	HMPREF0946_00472
HMPREF0946_RS05705	HMPREF0946_00473
HMPREF0946_RS05710	HMPREF0946_00474
HMPREF0946_RS05715	HMPREF0946_00475
HMPREF0946_RS05720	HMPREF0946_00476
HMPREF0946_RS05725	HMPREF0946_00477
HMPREF0946_RS05730	HMPREF0946_00478
HMPREF0946_RS05735	HMPREF0946_00479
HMPREF0946_RS05745	HMPREF0946_00481
HMPREF0946_RS05750	HMPREF0946_00482
HMPREF0946_RS05755	HMPREF0946_02140
HMPREF0946_RS05760	HMPREF0946_00484
HMPREF0946_RS05765	HMPREF0946_00485
HMPREF0946_RS05770	HMPREF0946_00486
HMPREF0946_RS05775	HMPREF0946_00487
HMPREF0946_RS05780	HMPREF0946_00488
HMPREF0946_RS05785	HMPREF0946_00489
HMPREF0946_RS05790	HMPREF0946_00490
HMPREF0946_RS05795	HMPREF0946_00491
HMPREF0946_RS05800	HMPREF0946_00492
HMPREF0946_RS05805	HMPREF0946_00493
HMPREF0946_RS05810	HMPREF0946_00494
HMPREF0946_RS05815	HMPREF0946_00495
HMPREF0946_RS05820	HMPREF0946_00496
HMPREF0946_RS05825	HMPREF0946_02141
HMPREF0946_RS05830	HMPREF0946_00498
HMPREF0946_RS05835	HMPREF0946_00499
HMPREF0946_RS05840	HMPREF0946_00500
HMPREF0946_RS05845	HMPREF0946_00501
HMPREF0946_RS05850	HMPREF0946_00502
HMPREF0946_RS11425	HMPREF0946_00503
HMPREF0946_RS05855	HMPREF0946_02143
HMPREF0946_RS05860	HMPREF0946_00505
HMPREF0946_RS05865	HMPREF0946_00506
HMPREF0946_RS05870	HMPREF0946_00507
HMPREF0946_RS05875	HMPREF0946_00508
HMPREF0946_RS05880	HMPREF0946_00509
HMPREF0946_RS05885	HMPREF0946_00510
HMPREF0946_RS05890	HMPREF0946_00511
HMPREF0946_RS05895	HMPREF0946_00512
HMPREF0946_RS05900	HMPREF0946_00513
HMPREF0946_RS05905	HMPREF0946_00514
HMPREF0946_RS05910	HMPREF0946_00515
HMPREF0946_RS05915	HMPREF0946_00516
HMPREF0946_RS05920	HMPREF0946_00517
HMPREF0946_RS05925	HMPREF0946_00518
HMPREF0946_RS05930	HMPREF0946_00519
HMPREF0946_RS05935	HMPREF0946_00520
HMPREF0946_RS05940	HMPREF0946_00521
HMPREF0946_RS05945	HMPREF0946_00522
HMPREF0946_RS05950	HMPREF0946_00523
HMPREF0946_RS05955	HMPREF0946_00524
HMPREF0946_RS05960	HMPREF0946_00525
HMPREF0946_RS05965	HMPREF0946_00526
HMPREF0946_RS05970	HMPREF0946_00527
HMPREF0946_RS05975	HMPREF0946_00528
HMPREF0946_RS05980	HMPREF0946_00529
HMPREF0946_RS05985	HMPREF0946_00530
HMPREF0946_RS05990	HMPREF0946_00531
HMPREF0946_RS05995	HMPREF0946_00532
HMPREF0946_RS06000	HMPREF0946_00533
HMPREF0946_RS06005	HMPREF0946_00534
HMPREF0946_RS06010	HMPREF0946_00535
HMPREF0946_RS06015	HMPREF0946_00536
HMPREF0946_RS06020	HMPREF0946_00537
HMPREF0946_RS06025	HMPREF0946_00538
HMPREF0946_RS06030	HMPREF0946_00539
HMPREF0946_RS06035	HMPREF0946_00540
HMPREF0946_RS06040	HMPREF0946_00541
HMPREF0946_RS06045	HMPREF0946_00542
HMPREF0946_RS06050	HMPREF0946_00543
HMPREF0946_RS06055	HMPREF0946_00544
HMPREF0946_RS06060	HMPREF0946_00545
HMPREF0946_RS06065	HMPREF0946_00546
HMPREF0946_RS06070	HMPREF0946_00547
HMPREF0946_RS06075	HMPREF0946_00548
HMPREF0946_RS06080	HMPREF0946_00549
HMPREF0946_RS06085	HMPREF0946_00550
HMPREF0946_RS06090	HMPREF0946_00551
HMPREF0946_RS06095	HMPREF0946_00552
HMPREF0946_RS06100	HMPREF0946_00553
HMPREF0946_RS06105	HMPREF0946_00554
HMPREF0946_RS06110	HMPREF0946_00555
HMPREF0946_RS06115	HMPREF0946_00556
HMPREF0946_RS06120	HMPREF0946_00557
HMPREF0946_RS06125	HMPREF0946_00558
HMPREF0946_RS06130	HMPREF0946_00559
HMPREF0946_RS06135	HMPREF0946_00560
HMPREF0946_RS06140	HMPREF0946_00561
HMPREF0946_RS06145	HMPREF0946_00562
HMPREF0946_RS06150	HMPREF0946_00563
HMPREF0946_RS06155	HMPREF0946_00564
HMPREF0946_RS06160	HMPREF0946_02215
HMPREF0946_RS06165	HMPREF0946_00565
HMPREF0946_RS06170	HMPREF0946_00566
HMPREF0946_RS06175	HMPREF0946_00567
HMPREF0946_RS06180	HMPREF0946_00568
HMPREF0946_RS06185	HMPREF0946_00569
HMPREF0946_RS06190	HMPREF0946_00570
HMPREF0946_RS06195	HMPREF0946_00571
HMPREF0946_RS06200	HMPREF0946_00572
HMPREF0946_RS06205	HMPREF0946_00573
HMPREF0946_RS06210	HMPREF0946_00574
HMPREF0946_RS06215	HMPREF0946_00575
HMPREF0946_RS06220	HMPREF0946_00576
HMPREF0946_RS06225	HMPREF0946_00577
HMPREF0946_RS06230	HMPREF0946_00578
HMPREF0946_RS06235	HMPREF0946_00579
HMPREF0946_RS06240	HMPREF0946_00580
HMPREF0946_RS06245	HMPREF0946_00581
HMPREF0946_RS06250	HMPREF0946_00582
HMPREF0946_RS06255	HMPREF0946_00583
HMPREF0946_RS06260	HMPREF0946_00584
HMPREF0946_RS06265	HMPREF0946_00585
HMPREF0946_RS06270	HMPREF0946_00586
HMPREF0946_RS06275	HMPREF0946_00587
HMPREF0946_RS06280	HMPREF0946_00588
HMPREF0946_RS06285	HMPREF0946_00589
HMPREF0946_RS06290	HMPREF0946_00590
HMPREF0946_RS06295	HMPREF0946_00591
HMPREF0946_RS06300	HMPREF0946_00592
HMPREF0946_RS06305	HMPREF0946_00593
HMPREF0946_RS06310	HMPREF0946_00594
HMPREF0946_RS06315	HMPREF0946_00595
HMPREF0946_RS06320	HMPREF0946_00596
HMPREF0946_RS06325	HMPREF0946_00597
HMPREF0946_RS06330	HMPREF0946_00598
HMPREF0946_RS06335	HMPREF0946_00599
HMPREF0946_RS06340	HMPREF0946_00600
HMPREF0946_RS06345	HMPREF0946_00601
HMPREF0946_RS06350	HMPREF0946_00602
HMPREF0946_RS06355	HMPREF0946_00603
HMPREF0946_RS06360	HMPREF0946_00604
HMPREF0946_RS06365	HMPREF0946_00605
HMPREF0946_RS06370	HMPREF0946_00606
HMPREF0946_RS06375	HMPREF0946_00607
HMPREF0946_RS06380	HMPREF0946_00608
HMPREF0946_RS06385	HMPREF0946_00609
HMPREF0946_RS06390	HMPREF0946_00610
HMPREF0946_RS06395	HMPREF0946_00611
HMPREF0946_RS06400	HMPREF0946_00612
HMPREF0946_RS06405	HMPREF0946_00613
HMPREF0946_RS06410	HMPREF0946_00614
HMPREF0946_RS06415	HMPREF0946_00615
HMPREF0946_RS06420	HMPREF0946_00616
HMPREF0946_RS06425	HMPREF0946_00617
HMPREF0946_RS06430	HMPREF0946_00618
HMPREF0946_RS06435	HMPREF0946_00619
HMPREF0946_RS06440	HMPREF0946_00620
HMPREF0946_RS06445	HMPREF0946_00621
HMPREF0946_RS06450	HMPREF0946_00622
HMPREF0946_RS06455	HMPREF0946_00623
HMPREF0946_RS06460	HMPREF0946_00624
HMPREF0946_RS06465	HMPREF0946_00625
HMPREF0946_RS06470	HMPREF0946_00626
HMPREF0946_RS06475	HMPREF0946_00627
HMPREF0946_RS06480	HMPREF0946_00628
HMPREF0946_RS06485	HMPREF0946_00629
HMPREF0946_RS06490	HMPREF0946_00630
HMPREF0946_RS06495	HMPREF0946_00631
HMPREF0946_RS06500	HMPREF0946_00632
HMPREF0946_RS06505	HMPREF0946_00633
HMPREF0946_RS06510	HMPREF0946_00634
HMPREF0946_RS06515	HMPREF0946_00635
HMPREF0946_RS06520	HMPREF0946_00636
HMPREF0946_RS06525	HMPREF0946_00637
HMPREF0946_RS06530	HMPREF0946_00638
HMPREF0946_RS06540	HMPREF0946_00639
HMPREF0946_RS06545	HMPREF0946_00640
HMPREF0946_RS06550	HMPREF0946_00641
HMPREF0946_RS06555	HMPREF0946_00642
HMPREF0946_RS06560	HMPREF0946_00643
HMPREF0946_RS06565	HMPREF0946_00644
HMPREF0946_RS06575	HMPREF0946_00646
HMPREF0946_RS06580	HMPREF0946_00647
HMPREF0946_RS06585	HMPREF0946_00648
HMPREF0946_RS06590	HMPREF0946_00649
HMPREF0946_RS06595	HMPREF0946_00650
HMPREF0946_RS06600	HMPREF0946_00651
HMPREF0946_RS06605	HMPREF0946_00652
HMPREF0946_RS06610	HMPREF0946_00653
HMPREF0946_RS06615	HMPREF0946_00654
HMPREF0946_RS06620	HMPREF0946_00655
HMPREF0946_RS06625	HMPREF0946_00656
HMPREF0946_RS06630	HMPREF0946_00657
HMPREF0946_RS06635	HMPREF0946_00658
HMPREF0946_RS06640	HMPREF0946_00659
HMPREF0946_RS06645	HMPREF0946_00660
HMPREF0946_RS06650	HMPREF0946_00661
HMPREF0946_RS06655	HMPREF0946_00662
HMPREF0946_RS06660	HMPREF0946_00663
HMPREF0946_RS06665	HMPREF0946_00664
HMPREF0946_RS06670	HMPREF0946_00665
HMPREF0946_RS06675	HMPREF0946_00666
HMPREF0946_RS06680	HMPREF0946_00667
HMPREF0946_RS06685	HMPREF0946_00668
HMPREF0946_RS06690	HMPREF0946_00669
HMPREF0946_RS06695	HMPREF0946_00670
HMPREF0946_RS06700	HMPREF0946_00671
HMPREF0946_RS06705	HMPREF0946_00672
HMPREF0946_RS06710	HMPREF0946_00673
HMPREF0946_RS06715	HMPREF0946_00674
HMPREF0946_RS06720	HMPREF0946_00675
HMPREF0946_RS06725	HMPREF0946_00676
HMPREF0946_RS06730	HMPREF0946_00677
HMPREF0946_RS06735	HMPREF0946_02216
HMPREF0946_RS06740	HMPREF0946_00678
HMPREF0946_RS06745	HMPREF0946_00679
HMPREF0946_RS06750	HMPREF0946_00680
HMPREF0946_RS06755	HMPREF0946_00681
HMPREF0946_RS06760	HMPREF0946_00682
HMPREF0946_RS06765	HMPREF0946_00683
HMPREF0946_RS06770	HMPREF0946_00684
HMPREF0946_RS06775	HMPREF0946_00685
HMPREF0946_RS06780	HMPREF0946_00686
HMPREF0946_RS06785	HMPREF0946_00687
HMPREF0946_RS06790	HMPREF0946_00688
HMPREF0946_RS06795	HMPREF0946_00689
HMPREF0946_RS06800	HMPREF0946_00690
HMPREF0946_RS06805	HMPREF0946_00691
HMPREF0946_RS06810	HMPREF0946_00692
HMPREF0946_RS06815	HMPREF0946_00693
HMPREF0946_RS06820	HMPREF0946_00694
HMPREF0946_RS06825	HMPREF0946_00695
HMPREF0946_RS06830	HMPREF0946_00696
HMPREF0946_RS06835	HMPREF0946_00697
HMPREF0946_RS06840	HMPREF0946_00698
HMPREF0946_RS06845	HMPREF0946_00699
HMPREF0946_RS06850	HMPREF0946_00700
HMPREF0946_RS06855	HMPREF0946_00701
HMPREF0946_RS06860	HMPREF0946_00702
HMPREF0946_RS06865	HMPREF0946_00703
HMPREF0946_RS06870	HMPREF0946_00704
HMPREF0946_RS06875	HMPREF0946_00705
HMPREF0946_RS06880	HMPREF0946_00706
HMPREF0946_RS06885	HMPREF0946_00707
HMPREF0946_RS06890	HMPREF0946_00708
HMPREF0946_RS06895	HMPREF0946_00709
HMPREF0946_RS06900	HMPREF0946_00710
HMPREF0946_RS06905	HMPREF0946_00711
HMPREF0946_RS06910	HMPREF0946_00712
HMPREF0946_RS06915	HMPREF0946_00713
HMPREF0946_RS06920	HMPREF0946_00714
HMPREF0946_RS06925	HMPREF0946_00715
HMPREF0946_RS06930	HMPREF0946_00716
HMPREF0946_RS06935	HMPREF0946_00717
HMPREF0946_RS06940	HMPREF0946_00718
HMPREF0946_RS06945	HMPREF0946_00719
HMPREF0946_RS06950	HMPREF0946_00720
HMPREF0946_RS06955	HMPREF0946_00721
HMPREF0946_RS06960	HMPREF0946_00722
HMPREF0946_RS06965	HMPREF0946_00723
HMPREF0946_RS06970	HMPREF0946_00724
HMPREF0946_RS06975	HMPREF0946_00725
HMPREF0946_RS06980	HMPREF0946_00726
HMPREF0946_RS06985	HMPREF0946_00727
HMPREF0946_RS06990	HMPREF0946_00728
HMPREF0946_RS06995	HMPREF0946_00729
HMPREF0946_RS07000	HMPREF0946_00730
HMPREF0946_RS07005	HMPREF0946_00731
HMPREF0946_RS07010	HMPREF0946_00732
HMPREF0946_RS07015	HMPREF0946_00733
HMPREF0946_RS07020	HMPREF0946_00734
HMPREF0946_RS07025	HMPREF0946_00735
HMPREF0946_RS07030	HMPREF0946_00736
HMPREF0946_RS07035	HMPREF0946_00737
HMPREF0946_RS07040	HMPREF0946_00738
HMPREF0946_RS11355	HMPREF0946_00739
HMPREF0946_RS07045	HMPREF0946_00740
HMPREF0946_RS07050	HMPREF0946_00741
HMPREF0946_RS07055	HMPREF0946_00742
HMPREF0946_RS07060	HMPREF0946_00743
HMPREF0946_RS07065	HMPREF0946_00744
HMPREF0946_RS07070	HMPREF0946_00745
HMPREF0946_RS07075	HMPREF0946_00746
HMPREF0946_RS07080	HMPREF0946_00747
HMPREF0946_RS07085	HMPREF0946_00748
HMPREF0946_RS07090	HMPREF0946_00749
HMPREF0946_RS07095	HMPREF0946_00750
HMPREF0946_RS07100	HMPREF0946_00751
HMPREF0946_RS07105	HMPREF0946_00752
HMPREF0946_RS07110	HMPREF0946_00753
HMPREF0946_RS07115	HMPREF0946_00754
HMPREF0946_RS07120	HMPREF0946_00755
HMPREF0946_RS07125	HMPREF0946_00756
HMPREF0946_RS07130	HMPREF0946_00757
HMPREF0946_RS07135	HMPREF0946_00758
HMPREF0946_RS07140	HMPREF0946_00759
HMPREF0946_RS07145	HMPREF0946_00760
HMPREF0946_RS07150	HMPREF0946_00761
HMPREF0946_RS07155	HMPREF0946_00762
HMPREF0946_RS07160	HMPREF0946_00763
HMPREF0946_RS07165	HMPREF0946_00764
HMPREF0946_RS11170	HMPREF0946_00765
HMPREF0946_RS07175	HMPREF0946_00766
HMPREF0946_RS07180	HMPREF0946_00767
HMPREF0946_RS07185	HMPREF0946_00768
HMPREF0946_RS07190	HMPREF0946_00769
HMPREF0946_RS07195	HMPREF0946_00770
HMPREF0946_RS07200	HMPREF0946_00771
HMPREF0946_RS07205	HMPREF0946_00772
HMPREF0946_RS07210	HMPREF0946_00773
HMPREF0946_RS07215	HMPREF0946_00774
HMPREF0946_RS07220	HMPREF0946_00775
HMPREF0946_RS07225	HMPREF0946_00776
HMPREF0946_RS07230	HMPREF0946_00777
HMPREF0946_RS07235	HMPREF0946_00778
HMPREF0946_RS07240	HMPREF0946_00779
HMPREF0946_RS07245	HMPREF0946_00780
HMPREF0946_RS07250	HMPREF0946_00781
HMPREF0946_RS07255	HMPREF0946_00782
HMPREF0946_RS07260	HMPREF0946_00783
HMPREF0946_RS07265	HMPREF0946_00784
HMPREF0946_RS07270	HMPREF0946_00785
HMPREF0946_RS07275	HMPREF0946_00786
HMPREF0946_RS07280	HMPREF0946_00787
HMPREF0946_RS07285	HMPREF0946_00788
HMPREF0946_RS07290	HMPREF0946_00789
HMPREF0946_RS07295	HMPREF0946_00790
HMPREF0946_RS07300	HMPREF0946_00791
HMPREF0946_RS07305	HMPREF0946_00792
HMPREF0946_RS07310	HMPREF0946_00793
HMPREF0946_RS07315	HMPREF0946_00794
HMPREF0946_RS07320	HMPREF0946_00795
HMPREF0946_RS07325	HMPREF0946_00796
HMPREF0946_RS07330	HMPREF0946_00797
HMPREF0946_RS07335	HMPREF0946_00798
HMPREF0946_RS07340	HMPREF0946_00799
HMPREF0946_RS07345	HMPREF0946_00800
HMPREF0946_RS07350	HMPREF0946_00801
HMPREF0946_RS07360	HMPREF0946_00803
HMPREF0946_RS07365	HMPREF0946_00804
HMPREF0946_RS07370	HMPREF0946_00805
HMPREF0946_RS07375	HMPREF0946_00806
HMPREF0946_RS07380	HMPREF0946_00807
HMPREF0946_RS07385	HMPREF0946_00808
HMPREF0946_RS07390	HMPREF0946_00809
HMPREF0946_RS07395	HMPREF0946_00810
HMPREF0946_RS07400	HMPREF0946_00811
HMPREF0946_RS07405	HMPREF0946_00812
HMPREF0946_RS07410	HMPREF0946_00813
HMPREF0946_RS07415	HMPREF0946_00814
HMPREF0946_RS07420	HMPREF0946_00815
HMPREF0946_RS07425	HMPREF0946_00816
HMPREF0946_RS07430	HMPREF0946_00817
HMPREF0946_RS07435	HMPREF0946_00818
HMPREF0946_RS07440	HMPREF0946_00819
HMPREF0946_RS07445	HMPREF0946_00820
HMPREF0946_RS07450	HMPREF0946_00821
HMPREF0946_RS07455	HMPREF0946_00822
HMPREF0946_RS07460	HMPREF0946_00823
HMPREF0946_RS07465	HMPREF0946_00824
HMPREF0946_RS07470	HMPREF0946_00825
HMPREF0946_RS07475	HMPREF0946_00826
HMPREF0946_RS07480	HMPREF0946_00827
HMPREF0946_RS07485	HMPREF0946_00828
HMPREF0946_RS07490	HMPREF0946_00829
HMPREF0946_RS07495	HMPREF0946_02147
HMPREF0946_RS07500	HMPREF0946_02217
HMPREF0946_RS07505	HMPREF0946_00830
HMPREF0946_RS07510	HMPREF0946_00831
HMPREF0946_RS07515	HMPREF0946_00832
HMPREF0946_RS07520	HMPREF0946_00833
HMPREF0946_RS07525	HMPREF0946_00834
HMPREF0946_RS07530	HMPREF0946_00835
HMPREF0946_RS07535	HMPREF0946_00836
HMPREF0946_RS11430	HMPREF0946_00837
HMPREF0946_RS07540	HMPREF0946_02148
HMPREF0946_RS11435	HMPREF0946_00838
HMPREF0946_RS07545	HMPREF0946_00839
HMPREF0946_RS07550	HMPREF0946_00840
HMPREF0946_RS07555	HMPREF0946_00841
HMPREF0946_RS07560	HMPREF0946_00842
HMPREF0946_RS07565	HMPREF0946_00843
HMPREF0946_RS07570	HMPREF0946_00845
HMPREF0946_RS07575	HMPREF0946_00846
HMPREF0946_RS07580	HMPREF0946_00847
HMPREF0946_RS07585	HMPREF0946_00848
HMPREF0946_RS07590	HMPREF0946_00849
HMPREF0946_RS07595	HMPREF0946_00850
HMPREF0946_RS07600	HMPREF0946_00851
HMPREF0946_RS07605	HMPREF0946_00852
HMPREF0946_RS07610	HMPREF0946_00853
HMPREF0946_RS07615	HMPREF0946_00854
HMPREF0946_RS07620	HMPREF0946_00855
HMPREF0946_RS07625	HMPREF0946_00856
HMPREF0946_RS07630	HMPREF0946_00857
HMPREF0946_RS07635	HMPREF0946_00858
HMPREF0946_RS07640	HMPREF0946_00859
HMPREF0946_RS07645	HMPREF0946_00860
HMPREF0946_RS07650	HMPREF0946_00861
HMPREF0946_RS07655	HMPREF0946_00862
HMPREF0946_RS07660	HMPREF0946_00863
HMPREF0946_RS07665	HMPREF0946_00864
HMPREF0946_RS07670	HMPREF0946_00865
HMPREF0946_RS07675	HMPREF0946_00866
HMPREF0946_RS07680	HMPREF0946_00867
HMPREF0946_RS07685	HMPREF0946_00868
HMPREF0946_RS07690	HMPREF0946_00869
HMPREF0946_RS07695	HMPREF0946_00870
HMPREF0946_RS07700	HMPREF0946_00871
HMPREF0946_RS07705	HMPREF0946_00872
HMPREF0946_RS07710	HMPREF0946_00873
HMPREF0946_RS07715	HMPREF0946_00874
HMPREF0946_RS07720	HMPREF0946_00875
HMPREF0946_RS07725	HMPREF0946_00876
HMPREF0946_RS07730	HMPREF0946_00877
HMPREF0946_RS07735	HMPREF0946_00878
HMPREF0946_RS07740	HMPREF0946_00879
HMPREF0946_RS07745	HMPREF0946_00880
HMPREF0946_RS07750	HMPREF0946_00881
HMPREF0946_RS07755	HMPREF0946_00882
HMPREF0946_RS07760	HMPREF0946_00883
HMPREF0946_RS07765	HMPREF0946_00884
HMPREF0946_RS07770	HMPREF0946_00885
HMPREF0946_RS07775	HMPREF0946_00886
HMPREF0946_RS07780	HMPREF0946_00887
HMPREF0946_RS07785	HMPREF0946_04037
HMPREF0946_RS07790	HMPREF0946_00888
HMPREF0946_RS07795	HMPREF0946_00889
HMPREF0946_RS07800	HMPREF0946_00890
HMPREF0946_RS07805	HMPREF0946_00891
HMPREF0946_RS07810	HMPREF0946_00892
HMPREF0946_RS07815	HMPREF0946_00893
HMPREF0946_RS07820	HMPREF0946_00894
HMPREF0946_RS07825	HMPREF0946_00895
HMPREF0946_RS07830	HMPREF0946_00896
HMPREF0946_RS07835	HMPREF0946_00897
HMPREF0946_RS07840	HMPREF0946_00898
HMPREF0946_RS07845	HMPREF0946_00899
HMPREF0946_RS07850	HMPREF0946_00900
HMPREF0946_RS07855	HMPREF0946_00901
HMPREF0946_RS07860	HMPREF0946_00902
HMPREF0946_RS07865	HMPREF0946_00903
HMPREF0946_RS07870	HMPREF0946_00904
HMPREF0946_RS07875	HMPREF0946_00905
HMPREF0946_RS07880	HMPREF0946_00906
HMPREF0946_RS07885	HMPREF0946_00907
HMPREF0946_RS07890	HMPREF0946_00908
HMPREF0946_RS07895	HMPREF0946_00909
HMPREF0946_RS07900	HMPREF0946_00910
HMPREF0946_RS07905	HMPREF0946_00911
HMPREF0946_RS07910	HMPREF0946_00912
HMPREF0946_RS07915	HMPREF0946_00913
HMPREF0946_RS07920	HMPREF0946_04038
HMPREF0946_RS07925	HMPREF0946_04039
HMPREF0946_RS07930	HMPREF0946_00914
HMPREF0946_RS07935	HMPREF0946_00915
HMPREF0946_RS07940	HMPREF0946_00916
HMPREF0946_RS07945	HMPREF0946_00917
HMPREF0946_RS11440	HMPREF0946_02149
HMPREF0946_RS07950	HMPREF0946_00918
HMPREF0946_RS07955	HMPREF0946_00919
HMPREF0946_RS11445	HMPREF0946_02150
HMPREF0946_RS07960	HMPREF0946_00920
HMPREF0946_RS07965	HMPREF0946_00921
HMPREF0946_RS07970	HMPREF0946_00922
HMPREF0946_RS07975	HMPREF0946_00923
HMPREF0946_RS07980	HMPREF0946_00924
HMPREF0946_RS07985	HMPREF0946_00926
HMPREF0946_RS07990	HMPREF0946_00927
HMPREF0946_RS07995	HMPREF0946_00928
HMPREF0946_RS08000	HMPREF0946_00929
HMPREF0946_RS08005	HMPREF0946_00930
HMPREF0946_RS08010	HMPREF0946_00931
HMPREF0946_RS08015	HMPREF0946_00932
HMPREF0946_RS08020	HMPREF0946_00933
HMPREF0946_RS08025	HMPREF0946_00934
HMPREF0946_RS08030	HMPREF0946_00935
HMPREF0946_RS11450	HMPREF0946_00936
HMPREF0946_RS08035	HMPREF0946_00937
HMPREF0946_RS08040	HMPREF0946_00938
HMPREF0946_RS11190	HMPREF0946_00939
HMPREF0946_RS08045	HMPREF0946_00940
HMPREF0946_RS08050	HMPREF0946_00941
HMPREF0946_RS08055	HMPREF0946_00942
HMPREF0946_RS08060	HMPREF0946_00943
HMPREF0946_RS08065	HMPREF0946_00944
HMPREF0946_RS08070	HMPREF0946_00945
HMPREF0946_RS08075	HMPREF0946_00946
HMPREF0946_RS08080	HMPREF0946_00947
HMPREF0946_RS11205	HMPREF0946_00949
HMPREF0946_RS08100	HMPREF0946_00950
HMPREF0946_RS08105	HMPREF0946_00951
HMPREF0946_RS08110	HMPREF0946_00952
HMPREF0946_RS08115	HMPREF0946_00953
HMPREF0946_RS08120	HMPREF0946_00954
HMPREF0946_RS08125	HMPREF0946_00955
HMPREF0946_RS08130	HMPREF0946_00956
HMPREF0946_RS08135	HMPREF0946_00957
HMPREF0946_RS08140	HMPREF0946_00958
HMPREF0946_RS08145	HMPREF0946_00959
HMPREF0946_RS08150	HMPREF0946_00960
HMPREF0946_RS08155	HMPREF0946_00961
HMPREF0946_RS08160	HMPREF0946_00962
HMPREF0946_RS08165	HMPREF0946_00963
HMPREF0946_RS08170	HMPREF0946_00964
HMPREF0946_RS08175	HMPREF0946_00965
HMPREF0946_RS08180	HMPREF0946_00966
HMPREF0946_RS08185	HMPREF0946_00967
HMPREF0946_RS08190	HMPREF0946_00968
HMPREF0946_RS08195	HMPREF0946_00969
HMPREF0946_RS08200	HMPREF0946_00970
HMPREF0946_RS08205	HMPREF0946_00971
HMPREF0946_RS08210	HMPREF0946_00972
HMPREF0946_RS08215	HMPREF0946_00973
HMPREF0946_RS08220	HMPREF0946_00974
HMPREF0946_RS08225	HMPREF0946_00975
HMPREF0946_RS08230	HMPREF0946_00976
HMPREF0946_RS08235	HMPREF0946_00977
HMPREF0946_RS08240	HMPREF0946_00978
HMPREF0946_RS08245	HMPREF0946_00979
HMPREF0946_RS08250	HMPREF0946_00980
HMPREF0946_RS08255	HMPREF0946_00981
HMPREF0946_RS08265	HMPREF0946_00983
HMPREF0946_RS08270	HMPREF0946_00984
HMPREF0946_RS08275	HMPREF0946_00985
HMPREF0946_RS08280	HMPREF0946_00986
HMPREF0946_RS08285	HMPREF0946_00987
HMPREF0946_RS08290	HMPREF0946_00988
HMPREF0946_RS08295	HMPREF0946_00989
HMPREF0946_RS08300	HMPREF0946_00990
HMPREF0946_RS08310	HMPREF0946_00991
HMPREF0946_RS08315	HMPREF0946_00992
HMPREF0946_RS08320	HMPREF0946_00993
HMPREF0946_RS08325	HMPREF0946_00994
HMPREF0946_RS08330	HMPREF0946_00995
HMPREF0946_RS08335	HMPREF0946_00996
HMPREF0946_RS08340	HMPREF0946_00997
HMPREF0946_RS08345	HMPREF0946_00998
HMPREF0946_RS08350	HMPREF0946_00999
HMPREF0946_RS08355	HMPREF0946_01000
HMPREF0946_RS08360	HMPREF0946_01001
HMPREF0946_RS08365	HMPREF0946_01002
HMPREF0946_RS08370	HMPREF0946_01003
HMPREF0946_RS08375	HMPREF0946_01004
HMPREF0946_RS08380	HMPREF0946_01005
HMPREF0946_RS08385	HMPREF0946_01006
HMPREF0946_RS08390	HMPREF0946_01007
HMPREF0946_RS08395	HMPREF0946_01008
HMPREF0946_RS08400	HMPREF0946_02152
HMPREF0946_RS08405	HMPREF0946_02153
HMPREF0946_RS08410	HMPREF0946_01010
HMPREF0946_RS08415	HMPREF0946_01011
HMPREF0946_RS08420	HMPREF0946_01012
HMPREF0946_RS08425	HMPREF0946_01013
HMPREF0946_RS08430	HMPREF0946_01014
HMPREF0946_RS08435	HMPREF0946_01015
HMPREF0946_RS08440	HMPREF0946_01016
HMPREF0946_RS08445	HMPREF0946_01017
HMPREF0946_RS08450	HMPREF0946_01018
HMPREF0946_RS08455	HMPREF0946_01019
HMPREF0946_RS08460	HMPREF0946_01020
HMPREF0946_RS08465	HMPREF0946_01021
HMPREF0946_RS08470	HMPREF0946_01022
HMPREF0946_RS08475	HMPREF0946_01023
HMPREF0946_RS08480	HMPREF0946_01024
HMPREF0946_RS08485	HMPREF0946_01025
HMPREF0946_RS08490	HMPREF0946_01026
HMPREF0946_RS08495	HMPREF0946_01027
HMPREF0946_RS08500	HMPREF0946_01028
HMPREF0946_RS08505	HMPREF0946_01029
HMPREF0946_RS08510	HMPREF0946_01030
HMPREF0946_RS08515	HMPREF0946_01031
HMPREF0946_RS08520	HMPREF0946_01032
HMPREF0946_RS08525	HMPREF0946_01033
HMPREF0946_RS08530	HMPREF0946_01034
HMPREF0946_RS08535	HMPREF0946_01035
HMPREF0946_RS08540	HMPREF0946_01036
HMPREF0946_RS08545	HMPREF0946_01037
HMPREF0946_RS08550	HMPREF0946_01038
HMPREF0946_RS08555	HMPREF0946_01039
HMPREF0946_RS08560	HMPREF0946_01040
HMPREF0946_RS08565	HMPREF0946_01041
HMPREF0946_RS08570	HMPREF0946_01042
HMPREF0946_RS08575	HMPREF0946_01043
HMPREF0946_RS08580	HMPREF0946_01044
HMPREF0946_RS08585	HMPREF0946_01045
HMPREF0946_RS08590	HMPREF0946_01046
HMPREF0946_RS08595	HMPREF0946_01047
HMPREF0946_RS08600	HMPREF0946_01048
HMPREF0946_RS08605	HMPREF0946_01049
HMPREF0946_RS08610	HMPREF0946_01050
HMPREF0946_RS08615	HMPREF0946_01051
HMPREF0946_RS08620	HMPREF0946_01052
HMPREF0946_RS08625	HMPREF0946_01053
HMPREF0946_RS08630	HMPREF0946_01054
HMPREF0946_RS08635	HMPREF0946_01055
HMPREF0946_RS08640	HMPREF0946_01056
HMPREF0946_RS08645	HMPREF0946_01057
HMPREF0946_RS08650	HMPREF0946_01058
HMPREF0946_RS08655	HMPREF0946_01059
HMPREF0946_RS08660	HMPREF0946_01060
HMPREF0946_RS08665	HMPREF0946_02128
HMPREF0946_RS08670	HMPREF0946_01061
HMPREF0946_RS08675	HMPREF0946_01062
HMPREF0946_RS08680	HMPREF0946_01063
HMPREF0946_RS08685	HMPREF0946_01064
HMPREF0946_RS08690	HMPREF0946_01065
HMPREF0946_RS08695	HMPREF0946_01066
HMPREF0946_RS08700	HMPREF0946_01067
HMPREF0946_RS08705	HMPREF0946_01068
HMPREF0946_RS08710	HMPREF0946_01069
HMPREF0946_RS08715	HMPREF0946_01070
HMPREF0946_RS11620	HMPREF0946_01071
HMPREF0946_RS08725	HMPREF0946_01072
HMPREF0946_RS08730	HMPREF0946_01073
HMPREF0946_RS08735	HMPREF0946_01074
HMPREF0946_RS08740	HMPREF0946_01075
HMPREF0946_RS08745	HMPREF0946_01076
HMPREF0946_RS08750	HMPREF0946_01077
HMPREF0946_RS08755	HMPREF0946_01078
HMPREF0946_RS08760	HMPREF0946_01079
HMPREF0946_RS08765	HMPREF0946_01080
HMPREF0946_RS08770	HMPREF0946_01081
HMPREF0946_RS08775	HMPREF0946_01082
HMPREF0946_RS08780	HMPREF0946_01083
HMPREF0946_RS08785	HMPREF0946_01084
HMPREF0946_RS08790	HMPREF0946_01085
HMPREF0946_RS08795	HMPREF0946_01086
HMPREF0946_RS08800	HMPREF0946_01087
HMPREF0946_RS08805	HMPREF0946_01088
HMPREF0946_RS08810	HMPREF0946_01089
HMPREF0946_RS08815	HMPREF0946_01090
HMPREF0946_RS08825	HMPREF0946_01091
HMPREF0946_RS08830	HMPREF0946_01092
HMPREF0946_RS08835	HMPREF0946_02154
HMPREF0946_RS11625	HMPREF0946_02155
HMPREF0946_RS08845	HMPREF0946_01094
HMPREF0946_RS08850	HMPREF0946_01095
HMPREF0946_RS08855	HMPREF0946_01096
HMPREF0946_RS08860	HMPREF0946_01097
HMPREF0946_RS08865	HMPREF0946_01098
HMPREF0946_RS08870	HMPREF0946_01099
HMPREF0946_RS11465	HMPREF0946_02156
HMPREF0946_RS08875	HMPREF0946_01100
HMPREF0946_RS11630	HMPREF0946_01101
HMPREF0946_RS11475	HMPREF0946_02157
HMPREF0946_RS08890	HMPREF0946_01102
HMPREF0946_RS08895	HMPREF0946_01103
HMPREF0946_RS08900	HMPREF0946_01104
HMPREF0946_RS11480	HMPREF0946_01105
HMPREF0946_RS08905	HMPREF0946_01106
HMPREF0946_RS08910	HMPREF0946_01107
HMPREF0946_RS08915	HMPREF0946_01108
HMPREF0946_RS08920	HMPREF0946_01109
HMPREF0946_RS08925	HMPREF0946_02131
HMPREF0946_RS08930	HMPREF0946_02130
HMPREF0946_RS08935	HMPREF0946_01110
HMPREF0946_RS08940	HMPREF0946_01111
HMPREF0946_RS08945	HMPREF0946_01112
HMPREF0946_RS08950	HMPREF0946_01113
HMPREF0946_RS08955	HMPREF0946_01114
HMPREF0946_RS08960	HMPREF0946_01115
HMPREF0946_RS11485	HMPREF0946_01116
HMPREF0946_RS08965	HMPREF0946_01117
HMPREF0946_RS08970	HMPREF0946_01118
HMPREF0946_RS08975	HMPREF0946_01119
HMPREF0946_RS08980	HMPREF0946_01120
HMPREF0946_RS08985	HMPREF0946_01121
HMPREF0946_RS08990	HMPREF0946_01122
HMPREF0946_RS08995	HMPREF0946_01124
HMPREF0946_RS09000	HMPREF0946_01125
HMPREF0946_RS09005	HMPREF0946_01126
HMPREF0946_RS09010	HMPREF0946_01127
HMPREF0946_RS09015	HMPREF0946_01128
HMPREF0946_RS09020	HMPREF0946_01129
HMPREF0946_RS09025	HMPREF0946_01130
HMPREF0946_RS09030	HMPREF0946_01131
HMPREF0946_RS09035	HMPREF0946_01132
HMPREF0946_RS09040	HMPREF0946_01133
HMPREF0946_RS09045	HMPREF0946_01134
HMPREF0946_RS09050	HMPREF0946_01135
HMPREF0946_RS09055	HMPREF0946_01136
HMPREF0946_RS09060	HMPREF0946_01137
HMPREF0946_RS09065	HMPREF0946_01138
HMPREF0946_RS09070	HMPREF0946_01139
HMPREF0946_RS09075	HMPREF0946_01140
HMPREF0946_RS09080	HMPREF0946_01141
HMPREF0946_RS09085	HMPREF0946_01142
HMPREF0946_RS09090	HMPREF0946_01143
HMPREF0946_RS09095	HMPREF0946_01144
HMPREF0946_RS09100	HMPREF0946_01145
HMPREF0946_RS09105	HMPREF0946_01146
HMPREF0946_RS09110	HMPREF0946_01147
HMPREF0946_RS09115	HMPREF0946_01148
HMPREF0946_RS09120	HMPREF0946_01149
HMPREF0946_RS09125	HMPREF0946_01150
HMPREF0946_RS09130	HMPREF0946_01151
HMPREF0946_RS09135	HMPREF0946_01152
HMPREF0946_RS09140	HMPREF0946_01153
HMPREF0946_RS09145	HMPREF0946_01154
HMPREF0946_RS09150	HMPREF0946_01155
HMPREF0946_RS09155	HMPREF0946_01156
HMPREF0946_RS09160	HMPREF0946_01157
HMPREF0946_RS09165	HMPREF0946_01158
HMPREF0946_RS09170	HMPREF0946_01159
HMPREF0946_RS09175	HMPREF0946_01160
HMPREF0946_RS09180	HMPREF0946_01161
HMPREF0946_RS09185	HMPREF0946_01162
HMPREF0946_RS09190	HMPREF0946_01163
HMPREF0946_RS09195	HMPREF0946_01164
HMPREF0946_RS09200	HMPREF0946_01165
HMPREF0946_RS09205	HMPREF0946_01166
HMPREF0946_RS09210	HMPREF0946_01167
HMPREF0946_RS09215	HMPREF0946_01168
HMPREF0946_RS09220	HMPREF0946_01169
HMPREF0946_RS09225	HMPREF0946_01170
HMPREF0946_RS09230	HMPREF0946_01171
HMPREF0946_RS09235	HMPREF0946_01172
HMPREF0946_RS09240	HMPREF0946_01173
HMPREF0946_RS09245	HMPREF0946_01174
HMPREF0946_RS09250	HMPREF0946_01175
HMPREF0946_RS09255	HMPREF0946_01176
HMPREF0946_RS09260	HMPREF0946_01177
HMPREF0946_RS09265	HMPREF0946_01178
HMPREF0946_RS09270	HMPREF0946_01179
HMPREF0946_RS09275	HMPREF0946_01180
HMPREF0946_RS09280	HMPREF0946_01181
HMPREF0946_RS09285	HMPREF0946_01182
HMPREF0946_RS09290	HMPREF0946_01183
HMPREF0946_RS09295	HMPREF0946_01184
HMPREF0946_RS09300	HMPREF0946_01185
HMPREF0946_RS09305	HMPREF0946_01186
HMPREF0946_RS09310	HMPREF0946_01187
HMPREF0946_RS09315	HMPREF0946_01188
HMPREF0946_RS09320	HMPREF0946_01189
HMPREF0946_RS09325	HMPREF0946_01190
HMPREF0946_RS09330	HMPREF0946_01191
HMPREF0946_RS09335	HMPREF0946_01192
HMPREF0946_RS09340	HMPREF0946_01193
HMPREF0946_RS09345	HMPREF0946_01194
HMPREF0946_RS09350	HMPREF0946_01195
HMPREF0946_RS09355	HMPREF0946_01196
HMPREF0946_RS09360	HMPREF0946_01197
HMPREF0946_RS09365	HMPREF0946_01198
HMPREF0946_RS09370	HMPREF0946_01199
HMPREF0946_RS09375	HMPREF0946_01200
HMPREF0946_RS09380	HMPREF0946_01201
HMPREF0946_RS09385	HMPREF0946_01202
HMPREF0946_RS09390	HMPREF0946_01203
HMPREF0946_RS09395	HMPREF0946_01204
HMPREF0946_RS09400	HMPREF0946_01205
HMPREF0946_RS09405	HMPREF0946_01206
HMPREF0946_RS09410	HMPREF0946_01207
HMPREF0946_RS09415	HMPREF0946_01208
HMPREF0946_RS09420	HMPREF0946_01209
HMPREF0946_RS09425	HMPREF0946_01210
HMPREF0946_RS09430	HMPREF0946_01211
HMPREF0946_RS09435	HMPREF0946_01212
HMPREF0946_RS09440	HMPREF0946_01213
HMPREF0946_RS09445	HMPREF0946_01214
HMPREF0946_RS09450	HMPREF0946_01215
HMPREF0946_RS09455	HMPREF0946_01216
HMPREF0946_RS09460	HMPREF0946_01217
HMPREF0946_RS09465	HMPREF0946_01218
HMPREF0946_RS09470	HMPREF0946_01219
HMPREF0946_RS09475	HMPREF0946_01220
HMPREF0946_RS09480	HMPREF0946_01221
HMPREF0946_RS09485	HMPREF0946_01222
HMPREF0946_RS09490	HMPREF0946_01223
HMPREF0946_RS09495	HMPREF0946_01224
HMPREF0946_RS09500	HMPREF0946_01225
HMPREF0946_RS09505	HMPREF0946_01226
HMPREF0946_RS09510	HMPREF0946_01227
HMPREF0946_RS09515	HMPREF0946_01228
HMPREF0946_RS09520	HMPREF0946_01229
HMPREF0946_RS09525	HMPREF0946_01230
HMPREF0946_RS09530	HMPREF0946_01231
HMPREF0946_RS09540	HMPREF0946_01234
HMPREF0946_RS09545	HMPREF0946_01235
HMPREF0946_RS09550	HMPREF0946_01236
HMPREF0946_RS09555	HMPREF0946_01237
HMPREF0946_RS09560	HMPREF0946_01238
HMPREF0946_RS09565	HMPREF0946_01239
HMPREF0946_RS09570	HMPREF0946_01240
HMPREF0946_RS09575	HMPREF0946_01241
HMPREF0946_RS09580	HMPREF0946_01242
HMPREF0946_RS09585	HMPREF0946_01243
HMPREF0946_RS09590	HMPREF0946_01244
HMPREF0946_RS09595	HMPREF0946_01245
HMPREF0946_RS09600	HMPREF0946_01246
HMPREF0946_RS09605	HMPREF0946_01247
HMPREF0946_RS09610	HMPREF0946_01248
HMPREF0946_RS09615	HMPREF0946_01249
HMPREF0946_RS09620	HMPREF0946_01250
HMPREF0946_RS09625	HMPREF0946_01251
HMPREF0946_RS09630	HMPREF0946_01252
HMPREF0946_RS09635	HMPREF0946_01253
HMPREF0946_RS09640	HMPREF0946_01254
HMPREF0946_RS09645	HMPREF0946_01255
HMPREF0946_RS09650	HMPREF0946_01256
HMPREF0946_RS09655	HMPREF0946_01257
HMPREF0946_RS09660	HMPREF0946_01258
HMPREF0946_RS09665	HMPREF0946_01259
HMPREF0946_RS09670	HMPREF0946_01260
HMPREF0946_RS09675	HMPREF0946_01261
HMPREF0946_RS09680	HMPREF0946_01262
HMPREF0946_RS09685	HMPREF0946_01263
HMPREF0946_RS09690	HMPREF0946_01264
HMPREF0946_RS09695	HMPREF0946_01265
HMPREF0946_RS09700	HMPREF0946_01266
HMPREF0946_RS09705	HMPREF0946_01267
HMPREF0946_RS09710	HMPREF0946_01268
HMPREF0946_RS09715	HMPREF0946_01269
HMPREF0946_RS09720	HMPREF0946_01270
HMPREF0946_RS09725	HMPREF0946_01271
HMPREF0946_RS09730	HMPREF0946_01272
HMPREF0946_RS09735	HMPREF0946_01273
HMPREF0946_RS09740	HMPREF0946_01274
HMPREF0946_RS09745	HMPREF0946_01275
HMPREF0946_RS09750	HMPREF0946_01276
HMPREF0946_RS09755	HMPREF0946_01277
HMPREF0946_RS09760	HMPREF0946_01278
HMPREF0946_RS09765	HMPREF0946_01279
HMPREF0946_RS09770	HMPREF0946_01280
HMPREF0946_RS11640	HMPREF0946_02159
HMPREF0946_RS10960	HMPREF0946_01282
HMPREF0946_RS09785	HMPREF0946_01283
HMPREF0946_RS09790	HMPREF0946_01284
HMPREF0946_RS09795	HMPREF0946_01285
HMPREF0946_RS09800	HMPREF0946_01286
HMPREF0946_RS09805	HMPREF0946_01287
HMPREF0946_RS09810	HMPREF0946_01288
HMPREF0946_RS09815	HMPREF0946_01289
HMPREF0946_RS09820	HMPREF0946_01290
HMPREF0946_RS09825	HMPREF0946_01291
HMPREF0946_RS09830	HMPREF0946_01292
HMPREF0946_RS09835	HMPREF0946_01293
HMPREF0946_RS09840	HMPREF0946_01294
HMPREF0946_RS09845	HMPREF0946_02161
HMPREF0946_RS11645	HMPREF0946_01296
HMPREF0946_RS11650	HMPREF0946_01297
HMPREF0946_RS09860	HMPREF0946_01298
HMPREF0946_RS09865	HMPREF0946_01299
HMPREF0946_RS09870	HMPREF0946_01300
HMPREF0946_RS09875	HMPREF0946_01301
HMPREF0946_RS09880	HMPREF0946_01302
HMPREF0946_RS09885	HMPREF0946_01303
HMPREF0946_RS09890	HMPREF0946_01304
HMPREF0946_RS09895	HMPREF0946_01305
HMPREF0946_RS09900	HMPREF0946_01306
HMPREF0946_RS09905	HMPREF0946_01307
HMPREF0946_RS09910	HMPREF0946_01308
HMPREF0946_RS09915	HMPREF0946_01309
HMPREF0946_RS09920	HMPREF0946_01310
HMPREF0946_RS09925	HMPREF0946_01311
HMPREF0946_RS09930	HMPREF0946_01312
HMPREF0946_RS09935	HMPREF0946_01313
HMPREF0946_RS09940	HMPREF0946_01314
HMPREF0946_RS09945	HMPREF0946_01315
HMPREF0946_RS09950	HMPREF0946_01316
HMPREF0946_RS09955	HMPREF0946_01317
HMPREF0946_RS09960	HMPREF0946_01318
HMPREF0946_RS09965	HMPREF0946_01319
HMPREF0946_RS09970	HMPREF0946_01320
HMPREF0946_RS09975	HMPREF0946_01321
HMPREF0946_RS09980	HMPREF0946_01322
HMPREF0946_RS09985	HMPREF0946_01323
HMPREF0946_RS09990	HMPREF0946_01324
HMPREF0946_RS09995	HMPREF0946_01325
HMPREF0946_RS10000	HMPREF0946_01326
HMPREF0946_RS10005	HMPREF0946_01327
HMPREF0946_RS10010	HMPREF0946_01328
HMPREF0946_RS10015	HMPREF0946_01329
HMPREF0946_RS10020	HMPREF0946_01330
HMPREF0946_RS10025	HMPREF0946_01331
HMPREF0946_RS10030	HMPREF0946_01332
HMPREF0946_RS10035	HMPREF0946_01333
HMPREF0946_RS10040	HMPREF0946_01334
HMPREF0946_RS10045	HMPREF0946_01335
HMPREF0946_RS10050	HMPREF0946_01336
HMPREF0946_RS10055	HMPREF0946_01337
HMPREF0946_RS10060	HMPREF0946_01338
HMPREF0946_RS10065	HMPREF0946_01339
HMPREF0946_RS10070	HMPREF0946_01340
HMPREF0946_RS10075	HMPREF0946_01341
HMPREF0946_RS10080	HMPREF0946_01342
HMPREF0946_RS10085	HMPREF0946_01343
HMPREF0946_RS10090	HMPREF0946_01344
HMPREF0946_RS10095	HMPREF0946_01345
HMPREF0946_RS10100	HMPREF0946_01346
HMPREF0946_RS10105	HMPREF0946_01347
HMPREF0946_RS10110	HMPREF0946_01348
HMPREF0946_RS10115	HMPREF0946_01349
HMPREF0946_RS10120	HMPREF0946_01350
HMPREF0946_RS10125	HMPREF0946_01351
HMPREF0946_RS10130	HMPREF0946_01352
HMPREF0946_RS10135	HMPREF0946_01353
HMPREF0946_RS10140	HMPREF0946_01354
HMPREF0946_RS10145	HMPREF0946_01355
HMPREF0946_RS10150	HMPREF0946_01356
HMPREF0946_RS10155	HMPREF0946_01357
HMPREF0946_RS10160	HMPREF0946_01358
HMPREF0946_RS10165	HMPREF0946_01359
HMPREF0946_RS10170	HMPREF0946_01361
HMPREF0946_RS10175	HMPREF0946_01362
HMPREF0946_RS10180	HMPREF0946_01363
HMPREF0946_RS10185	HMPREF0946_01365
HMPREF0946_RS10190	HMPREF0946_01366
HMPREF0946_RS10195	HMPREF0946_01367
HMPREF0946_RS10200	HMPREF0946_01368
HMPREF0946_RS10205	HMPREF0946_01369
HMPREF0946_RS10210	HMPREF0946_01370
HMPREF0946_RS10215	HMPREF0946_01371
HMPREF0946_RS10220	HMPREF0946_01372
HMPREF0946_RS10225	HMPREF0946_01373
HMPREF0946_RS10245	HMPREF0946_01376
HMPREF0946_RS10250	HMPREF0946_01377
HMPREF0946_RS10255	HMPREF0946_01378
HMPREF0946_RS10260	HMPREF0946_01379
HMPREF0946_RS10265	HMPREF0946_01380
HMPREF0946_RS10270	HMPREF0946_01381
HMPREF0946_RS10275	HMPREF0946_01382
HMPREF0946_RS10280	HMPREF0946_01383
HMPREF0946_RS10285	HMPREF0946_01384
HMPREF0946_RS10290	HMPREF0946_01385
HMPREF0946_RS10295	HMPREF0946_01386
HMPREF0946_RS10300	HMPREF0946_01387
HMPREF0946_RS10305	HMPREF0946_04040
HMPREF0946_RS10310	HMPREF0946_04041
HMPREF0946_RS10315	HMPREF0946_04042
HMPREF0946_RS10320	HMPREF0946_01388
HMPREF0946_RS10325	HMPREF0946_01389
HMPREF0946_RS11490	HMPREF0946_01390
HMPREF0946_RS10330	HMPREF0946_01391
HMPREF0946_RS10335	HMPREF0946_01392
HMPREF0946_RS10340	HMPREF0946_01393
HMPREF0946_RS10345	HMPREF0946_01394
HMPREF0946_RS10350	HMPREF0946_01395
HMPREF0946_RS10355	HMPREF0946_01396
HMPREF0946_RS10360	HMPREF0946_01397
HMPREF0946_RS10365	HMPREF0946_01398
HMPREF0946_RS10370	HMPREF0946_01399
HMPREF0946_RS10375	HMPREF0946_01400
HMPREF0946_RS10380	HMPREF0946_01401
HMPREF0946_RS10385	HMPREF0946_01402
HMPREF0946_RS10390	HMPREF0946_01403
HMPREF0946_RS10395	HMPREF0946_01404
HMPREF0946_RS10400	HMPREF0946_01405
HMPREF0946_RS10405	HMPREF0946_01407
HMPREF0946_RS10410	HMPREF0946_04043
HMPREF0946_RS10415	HMPREF0946_04059
HMPREF0946_RS10420	HMPREF0946_04060
HMPREF0946_RS10425	HMPREF0946_04044
HMPREF0946_RS10430	HMPREF0946_04045
HMPREF0946_RS10435	HMPREF0946_04061
HMPREF0946_RS10440	HMPREF0946_01954
HMPREF0946_RS10445	HMPREF0946_01953
HMPREF0946_RS10450	HMPREF0946_01952
HMPREF0946_RS10455	HMPREF0946_01951
HMPREF0946_RS10460	HMPREF0946_01950
HMPREF0946_RS10465	HMPREF0946_01949
HMPREF0946_RS10470	HMPREF0946_01948
HMPREF0946_RS10475	HMPREF0946_01947
HMPREF0946_RS10480	HMPREF0946_01946
HMPREF0946_RS10485	HMPREF0946_01945
HMPREF0946_RS10490	HMPREF0946_01944
HMPREF0946_RS10495	HMPREF0946_01943
HMPREF0946_RS10500	HMPREF0946_01942
HMPREF0946_RS10505	HMPREF0946_01941
HMPREF0946_RS10510	HMPREF0946_04046
HMPREF0946_RS10515	HMPREF0946_01940
HMPREF0946_RS11655	HMPREF0946_02186
HMPREF0946_RS11660	HMPREF0946_02185
HMPREF0946_RS10525	HMPREF0946_01938
HMPREF0946_RS10530	HMPREF0946_01937
HMPREF0946_RS10535	HMPREF0946_01936
HMPREF0946_RS10540	HMPREF0946_01935
HMPREF0946_RS10545	HMPREF0946_01934
HMPREF0946_RS10550	HMPREF0946_01933
HMPREF0946_RS10555	HMPREF0946_01932
HMPREF0946_RS10560	HMPREF0946_01931
HMPREF0946_RS10565	HMPREF0946_01930
HMPREF0946_RS10570	HMPREF0946_02222
HMPREF0946_RS10575	HMPREF0946_02223
HMPREF0946_RS10580	HMPREF0946_01929
HMPREF0946_RS10585	HMPREF0946_01928
HMPREF0946_RS10590	HMPREF0946_01927
HMPREF0946_RS10595	HMPREF0946_01926
HMPREF0946_RS10600	HMPREF0946_01925
HMPREF0946_RS10605	HMPREF0946_01924
HMPREF0946_RS10610	HMPREF0946_01923
HMPREF0946_RS10615	HMPREF0946_01922
HMPREF0946_RS10620	HMPREF0946_01921
HMPREF0946_RS10625	HMPREF0946_01920
HMPREF0946_RS10630	HMPREF0946_01919
HMPREF0946_RS10635	HMPREF0946_01918
HMPREF0946_RS10640	HMPREF0946_01917
HMPREF0946_RS10645	HMPREF0946_01916
HMPREF0946_RS10650	HMPREF0946_01915
HMPREF0946_RS10655	HMPREF0946_01914
HMPREF0946_RS10660	HMPREF0946_01913
HMPREF0946_RS10665	HMPREF0946_01912
HMPREF0946_RS10670	HMPREF0946_01911
HMPREF0946_RS10675	HMPREF0946_01910
HMPREF0946_RS10680	HMPREF0946_01909
HMPREF0946_RS10685	HMPREF0946_01908
HMPREF0946_RS10690	HMPREF0946_01907
HMPREF0946_RS10695	HMPREF0946_02224
HMPREF0946_RS10700	HMPREF0946_01906
HMPREF0946_RS10705	HMPREF0946_01905
HMPREF0946_RS10710	HMPREF0946_01904
HMPREF0946_RS10715	HMPREF0946_01903
HMPREF0946_RS10720	HMPREF0946_01902
HMPREF0946_RS10725	HMPREF0946_01901
HMPREF0946_RS10730	HMPREF0946_01900
HMPREF0946_RS10735	HMPREF0946_01899
HMPREF0946_RS10740	HMPREF0946_01898
HMPREF0946_RS10745	HMPREF0946_01897
HMPREF0946_RS10750	HMPREF0946_01896
HMPREF0946_RS10755	HMPREF0946_01895
HMPREF0946_RS10760	HMPREF0946_01894
HMPREF0946_RS10765	HMPREF0946_01893
HMPREF0946_RS10770	HMPREF0946_01892
HMPREF0946_RS10775	HMPREF0946_01891
HMPREF0946_RS10780	HMPREF0946_01890
HMPREF0946_RS10785	HMPREF0946_01889
HMPREF0946_RS10790	HMPREF0946_01888
HMPREF0946_RS10795	HMPREF0946_01887
HMPREF0946_RS10800	HMPREF0946_01886
HMPREF0946_RS10805	HMPREF0946_01885
HMPREF0946_RS10810	HMPREF0946_01884
HMPREF0946_RS10815	HMPREF0946_01883
HMPREF0946_RS10820	HMPREF0946_01882
HMPREF0946_RS10825	HMPREF0946_01881
HMPREF0946_RS10830	HMPREF0946_01880
HMPREF0946_RS10835	HMPREF0946_01879
HMPREF0946_RS10840	HMPREF0946_01878
HMPREF0946_RS10845	HMPREF0946_01877
HMPREF0946_RS10850	HMPREF0946_01876
HMPREF0946_RS10855	HMPREF0946_01875
HMPREF0946_RS10860	HMPREF0946_01874
HMPREF0946_RS10865	HMPREF0946_01873
HMPREF0946_RS10870	HMPREF0946_01872
HMPREF0946_RS10875	HMPREF0946_01871
HMPREF0946_RS10880	HMPREF0946_01870
HMPREF0946_RS10885	HMPREF0946_01869
HMPREF0946_RS10890	HMPREF0946_01868
HMPREF0946_RS10895	HMPREF0946_01867
HMPREF0946_RS10900	HMPREF0946_01866
HMPREF0946_RS10905	HMPREF0946_01865
HMPREF0946_RS10910	HMPREF0946_01864
